Month,story_id,Event count
Apr-2026,40218409,941284
Apr-2026,40191298,560005
Apr-2026,40209701,431262
Apr-2026,40210995,409766
Apr-2026,40204005,360750
Apr-2026,40206690,340212
Apr-2026,40213429,287310
Apr-2026,40194503,276607
Apr-2026,40200502,264754
Apr-2026,40207149,248411
Apr-2026,40189236,242725
Apr-2026,40216320,228462
Apr-2026,40215278,222593
Apr-2026,40210075,211555
Apr-2026,40194675,207608
Apr-2026,40209211,203721
Apr-2026,40194454,201047
Apr-2026,40202391,200700
Apr-2026,40197992,197471
Apr-2026,40195084,196458
Apr-2026,40207845,192807
Apr-2026,40192305,190397
Apr-2026,40216342,183942
Apr-2026,40209922,180332
Apr-2026,40220557,180288
Apr-2026,40212984,177617
Apr-2026,40208709,177539
Apr-2026,40216084,173893
Apr-2026,40205509,173240
Apr-2026,40212289,170800
Apr-2026,40205296,169592
Apr-2026,40210554,169209
Apr-2026,40216403,164511
Apr-2026,40212022,159101
Apr-2026,40207548,158180
Apr-2026,40209590,155377
Apr-2026,40198599,155061
Apr-2026,40193191,152238
Apr-2026,40197034,151779
Apr-2026,30000459,151727
Apr-2026,40199121,148743
Apr-2026,40206373,145378
Apr-2026,40201433,143786
Apr-2026,40208715,141433
Apr-2026,40216784,141344
Apr-2026,40214080,141199
Apr-2026,40220181,140155
Apr-2026,40189158,139689
Apr-2026,40218920,139681
Apr-2026,40205401,136240
Apr-2026,40211170,136235
Apr-2026,40217359,132850
Apr-2026,40213725,130370
Apr-2026,40203205,128722
Apr-2026,40191751,128202
Apr-2026,40194489,126841
Apr-2026,40212790,126344
Apr-2026,40215267,125717
Apr-2026,40215501,125524
Apr-2026,40216783,125473
Apr-2026,40203260,124591
Apr-2026,40206250,124560
Apr-2026,40215862,122621
Apr-2026,40204055,119842
Apr-2026,40195195,119466
Apr-2026,40204603,118782
Apr-2026,40206792,118344
Apr-2026,40219918,117796
Apr-2026,40217588,117675
Apr-2026,40194906,117480
Apr-2026,40211453,116344
Apr-2026,40190930,114512
Apr-2026,40194157,114014
Apr-2026,40192133,113727
Apr-2026,40207867,113397
Apr-2026,40210908,113342
Apr-2026,40213958,111322
Apr-2026,40193422,111208
Apr-2026,40214777,110827
Apr-2026,40215740,110451
Apr-2026,40208593,110402
Apr-2026,40211407,109752
Apr-2026,40205184,108892
Apr-2026,40217712,107211
Apr-2026,40211536,106413
Apr-2026,40194064,105802
Apr-2026,40207766,104951
Apr-2026,40197607,104721
Apr-2026,40213862,102996
Apr-2026,40196950,102553
Apr-2026,40215208,99780
Apr-2026,40215202,98876
Apr-2026,40199188,98623
Apr-2026,40190408,98147
Apr-2026,40192744,96975
Apr-2026,40200797,96281
Apr-2026,40203462,95879
Apr-2026,40194047,95660
Apr-2026,40203463,94492
Apr-2026,40196966,94117
Apr-2026,40198763,92850
Apr-2026,40219548,92588
Apr-2026,40220197,91125
Apr-2026,40197392,91034
Apr-2026,40213770,89962
Apr-2026,40205604,89440
Apr-2026,40208594,88751
Apr-2026,40216615,88659
Apr-2026,40205375,88443
Apr-2026,40213986,87384
Apr-2026,40221518,87372
Apr-2026,40217732,86775
Apr-2026,40214121,86741
Apr-2026,40209282,85869
Apr-2026,40206627,85799
Apr-2026,40199585,85794
Apr-2026,40211218,85556
Apr-2026,40193441,85091
Apr-2026,40195637,84912
Apr-2026,40196898,84588
Apr-2026,40215993,83734
Apr-2026,40202984,82240
Apr-2026,40209410,80556
Apr-2026,40206038,78971
Apr-2026,40213301,78908
Apr-2026,40220305,78089
Apr-2026,40220126,77193
Apr-2026,40196635,77000
Apr-2026,40196112,76950
Apr-2026,40193278,76710
Apr-2026,40192165,75928
Apr-2026,40214870,75678
Apr-2026,40214231,75279
Apr-2026,40198888,75195
Apr-2026,40214800,74306
Apr-2026,40207826,73971
Apr-2026,40195391,73339
Apr-2026,40211638,73179
Apr-2026,40209674,73137
Apr-2026,40191527,73013
Apr-2026,40190681,72789
Apr-2026,40196934,72747
Apr-2026,40217582,72737
Apr-2026,40215835,72317
Apr-2026,40210919,72206
Apr-2026,40217195,71175
Apr-2026,40200884,70582
Apr-2026,40207391,70435
Apr-2026,40201338,69845
Apr-2026,40205812,69577
Apr-2026,40194762,69416
Apr-2026,40192314,69407
Apr-2026,40200534,69316
Apr-2026,40203613,69155
Apr-2026,40218109,68980
Apr-2026,40207244,68871
Apr-2026,40218325,68792
Apr-2026,40196518,68215
Apr-2026,40218580,67945
Apr-2026,40200433,67693
Apr-2026,40201654,67519
Apr-2026,40202249,67449
Apr-2026,40191181,67309
Apr-2026,40198927,67160
Apr-2026,40206400,66621
Apr-2026,40201490,66212
Apr-2026,40202428,65808
Apr-2026,40195628,65634
Apr-2026,40209228,65383
Apr-2026,40208627,64843
Apr-2026,40199996,64278
Apr-2026,40219910,63932
Apr-2026,40216564,63780
Apr-2026,40205238,63744
Apr-2026,40199333,63426
Apr-2026,40196656,63343
Apr-2026,40214782,63343
Apr-2026,40201655,63342
Apr-2026,40200206,63259
Apr-2026,40203360,63093
Apr-2026,40211114,62773
Apr-2026,40198021,62757
Apr-2026,40203042,62743
Apr-2026,40220185,62723
Apr-2026,40192239,62332
Apr-2026,40213104,62036
Apr-2026,40194106,61749
Apr-2026,40202410,61706
Apr-2026,40206734,61157
Apr-2026,40198438,61069
Apr-2026,40195190,61054
Apr-2026,40220177,60624
Apr-2026,40220233,60471
Apr-2026,40197596,60382
Apr-2026,40205985,60213
Apr-2026,40207168,60000
Apr-2026,40210679,59923
Apr-2026,40208868,59918
Apr-2026,40211073,59810
Apr-2026,40193650,59428
Apr-2026,40204584,59286
Apr-2026,40208434,58912
Apr-2026,40207091,58632
Apr-2026,40214608,58570
Apr-2026,40210962,58129
Apr-2026,40193807,58113
Apr-2026,40221909,58010
Apr-2026,40218802,57901
Apr-2026,40198447,57896
Apr-2026,40193718,57859
Apr-2026,40193129,57851
Apr-2026,40196672,57742
Apr-2026,30000440,57735
Apr-2026,40218382,57570
Apr-2026,40197352,57560
Apr-2026,40222343,57519
Apr-2026,40200882,57402
Apr-2026,40201552,57233
Apr-2026,40200814,57189
Apr-2026,40202527,57121
Apr-2026,40211933,57070
Apr-2026,40196982,57069
Apr-2026,40219202,56828
Apr-2026,40217546,56733
Apr-2026,40189285,56479
Apr-2026,40204687,56423
Apr-2026,40193759,56197
Apr-2026,40216756,55968
Apr-2026,40195624,55963
Apr-2026,40197860,55944
Apr-2026,40196706,55586
Apr-2026,40205277,55291
Apr-2026,40206241,55214
Apr-2026,40199603,55149
Apr-2026,40210641,55137
Apr-2026,40221676,55025
Apr-2026,40200556,54615
Apr-2026,40202951,54564
Apr-2026,40205515,54400
Apr-2026,40221583,54341
Apr-2026,40223560,54267
Apr-2026,40197758,54128
Apr-2026,40203252,53994
Apr-2026,40194465,53522
Apr-2026,40215447,53483
Apr-2026,40200604,53395
Apr-2026,40195366,53260
Apr-2026,40196590,53189
Apr-2026,40206445,53151
Apr-2026,40190757,52931
Apr-2026,40219373,52916
Apr-2026,40221517,52908
Apr-2026,40193602,52880
Apr-2026,40207144,52823
Apr-2026,40193699,52770
Apr-2026,40204779,52767
Apr-2026,40211449,52337
Apr-2026,40222823,52298
Apr-2026,30000460,52285
Apr-2026,40221642,52049
Apr-2026,40198190,51593
Apr-2026,40215028,51391
Apr-2026,40197815,51077
Apr-2026,40196958,50980
Apr-2026,40222794,50847
Apr-2026,40216939,50726
Apr-2026,40214014,50696
Apr-2026,40205689,50584
Apr-2026,30000450,50553
Apr-2026,40217523,50407
Apr-2026,40211828,50270
Apr-2026,40223515,50117
Apr-2026,40209311,49580
Apr-2026,40221813,49541
Apr-2026,40216631,49451
Apr-2026,40202135,49401
Apr-2026,40199277,49337
Apr-2026,40210879,49319
Apr-2026,30000412,49270
Apr-2026,40208130,49266
Apr-2026,40213046,49240
Apr-2026,40197602,49230
Apr-2026,40218094,49010
Apr-2026,40207162,48999
Apr-2026,40201249,48909
Apr-2026,40202968,48697
Apr-2026,40222740,48695
Apr-2026,40207059,48677
Apr-2026,40208471,48641
Apr-2026,40199030,48455
Apr-2026,40195560,48432
Apr-2026,40212157,48373
Apr-2026,40205900,48305
Apr-2026,40197254,48226
Apr-2026,40218916,48201
Apr-2026,40202009,48195
Apr-2026,40201423,48174
Apr-2026,40196046,47937
Apr-2026,40220624,47800
Apr-2026,40197883,47506
Apr-2026,40221018,47398
Apr-2026,40195526,47376
Apr-2026,40206824,47011
Apr-2026,40200630,46954
Apr-2026,40198705,46705
Apr-2026,40196349,46693
Apr-2026,40198110,46660
Apr-2026,40202890,46648
Apr-2026,40204504,46635
Apr-2026,40205728,46579
Apr-2026,40200892,46483
Apr-2026,40192941,46351
Apr-2026,40206184,46338
Apr-2026,40215353,46191
Apr-2026,40200165,46154
Apr-2026,40219537,46043
Apr-2026,40196785,45930
Apr-2026,40217413,45904
Apr-2026,40213913,45833
Apr-2026,40211944,45813
Apr-2026,40191069,45794
Apr-2026,40209652,45699
Apr-2026,40211301,45563
Apr-2026,40220849,45541
Apr-2026,40208552,45450
Apr-2026,40194683,45432
Apr-2026,40193053,45355
Apr-2026,40213420,45334
Apr-2026,40215426,45222
Apr-2026,40205983,44995
Apr-2026,40194333,44915
Apr-2026,40215102,44640
Apr-2026,40206475,44606
Apr-2026,40196803,44515
Apr-2026,40203222,44512
Apr-2026,40195763,44435
Apr-2026,40190710,44261
Apr-2026,40194904,44253
Apr-2026,40208675,44243
Apr-2026,40191470,44228
Apr-2026,40220598,44177
Apr-2026,40196078,44137
Apr-2026,40199316,43972
Apr-2026,40215154,43949
Apr-2026,40209983,43889
Apr-2026,40203981,43764
Apr-2026,40203469,43725
Apr-2026,40214184,43604
Apr-2026,40194864,43498
Apr-2026,40216621,43453
Apr-2026,40194474,43410
Apr-2026,40212899,43386
Apr-2026,40191596,43383
Apr-2026,40217399,43358
Apr-2026,40222253,43261
Apr-2026,40204376,43181
Apr-2026,40206530,43175
Apr-2026,40216518,43103
Apr-2026,40205196,42927
Apr-2026,40216038,42907
Apr-2026,40207799,42870
Apr-2026,40206540,42796
Apr-2026,40211717,42577
Apr-2026,40204598,42345
Apr-2026,40214077,42314
Apr-2026,40214483,42275
Apr-2026,40211432,42272
Apr-2026,40217312,42143
Apr-2026,40193813,42099
Apr-2026,40207425,42036
Apr-2026,40212752,41967
Apr-2026,40200085,41939
Apr-2026,40215700,41793
Apr-2026,40220190,41758
Apr-2026,40218830,41682
Apr-2026,40213058,41644
Apr-2026,40216634,41636
Apr-2026,40200923,41599
Apr-2026,40219055,41483
Apr-2026,40214831,41376
Apr-2026,40191050,41339
Apr-2026,40204219,41218
Apr-2026,40195979,41202
Apr-2026,40190357,41155
Apr-2026,40210182,41016
Apr-2026,40214612,40968
Apr-2026,40191998,40627
Apr-2026,40205841,40551
Apr-2026,40192482,40493
Apr-2026,40199511,40411
Apr-2026,40197356,40367
Apr-2026,40201239,40260
Apr-2026,40198457,40172
Apr-2026,40197486,39944
Apr-2026,40191589,39867
Apr-2026,40213613,39691
Apr-2026,40203338,39614
Apr-2026,40206418,39594
Apr-2026,40203997,39508
Apr-2026,40198981,39450
Apr-2026,40209031,39396
Apr-2026,40206342,39355
Apr-2026,40218081,39215
Apr-2026,40216464,39210
Apr-2026,40202657,39196
Apr-2026,40220314,39136
Apr-2026,40210281,39089
Apr-2026,40213042,39043
Apr-2026,40223115,39014
Apr-2026,40215469,38947
Apr-2026,40218996,38940
Apr-2026,40202047,38935
Apr-2026,40216526,38931
Apr-2026,40194921,38921
Apr-2026,40188686,38890
Apr-2026,40191269,38880
Apr-2026,40192472,38848
Apr-2026,40191724,38841
Apr-2026,40204618,38664
Apr-2026,40198501,38615
Apr-2026,40191355,38268
Apr-2026,40200632,38264
Apr-2026,40191364,38263
Apr-2026,40208396,38252
Apr-2026,40195903,38196
Apr-2026,40190518,38169
Apr-2026,40210050,38084
Apr-2026,40217217,38080
Apr-2026,40215052,38075
Apr-2026,40204428,37765
Apr-2026,40207542,37631
Apr-2026,40217922,37523
Apr-2026,40217858,37509
Apr-2026,40190844,37503
Apr-2026,40203546,37450
Apr-2026,40205240,37436
Apr-2026,40197689,37406
Apr-2026,40195698,37304
Apr-2026,40218790,37277
Apr-2026,40223940,37224
Apr-2026,40195933,37206
Apr-2026,40212636,37175
Apr-2026,40189907,37045
Apr-2026,40221347,36942
Apr-2026,40221414,36921
Apr-2026,40219698,36909
Apr-2026,40194909,36830
Apr-2026,40194516,36793
Apr-2026,40216501,36780
Apr-2026,40209135,36748
Apr-2026,40218561,36703
Apr-2026,40192240,36651
Apr-2026,40213010,36651
Apr-2026,40200472,36556
Apr-2026,30000411,36552
Apr-2026,40222876,36545
Apr-2026,40205243,36542
Apr-2026,40205642,36444
Apr-2026,40203191,36207
Apr-2026,40172549,36086
Apr-2026,40203799,35981
Apr-2026,40210735,35944
Apr-2026,40192587,35830
Apr-2026,30000432,35736
Apr-2026,40192683,35707
Apr-2026,30000486,35651
Apr-2026,40190826,35624
Apr-2026,40190237,35495
Apr-2026,40202680,35486
Apr-2026,40202343,35465
Apr-2026,40196595,35459
Apr-2026,40203047,35448
Apr-2026,40219535,35430
Apr-2026,40200048,35427
Apr-2026,40190588,35383
Apr-2026,40204695,35293
Apr-2026,40211024,35287
Apr-2026,40209613,35187
Apr-2026,30000382,35177
Apr-2026,40211540,35164
Apr-2026,40202178,35154
Apr-2026,40218446,35086
Apr-2026,40213664,35079
Apr-2026,40205679,35027
Apr-2026,40197801,35011
Apr-2026,40221239,35005
Apr-2026,40207531,34991
Apr-2026,40220137,34979
Apr-2026,40215913,34965
Apr-2026,40197749,34952
Apr-2026,40212488,34880
Apr-2026,40219801,34866
Apr-2026,40202798,34765
Apr-2026,40194586,34758
Apr-2026,40197360,34738
Apr-2026,40208362,34714
Apr-2026,40199959,34695
Apr-2026,40191453,34614
Apr-2026,40201976,34605
Apr-2026,40210625,34568
Apr-2026,40216846,34488
Apr-2026,40211909,34485
Apr-2026,40191999,34479
Apr-2026,40191842,34469
Apr-2026,40218565,34449
Apr-2026,40216373,34426
Apr-2026,40207866,34406
Apr-2026,40198553,34375
Apr-2026,40196937,34367
Apr-2026,40207287,34275
Apr-2026,40200149,34261
Apr-2026,40205876,34212
Apr-2026,30000481,33934
Apr-2026,40212536,33734
Apr-2026,40191545,33717
Apr-2026,40200944,33622
Apr-2026,40203687,33622
Apr-2026,40216377,33475
Apr-2026,40222123,33469
Apr-2026,40208796,33361
Apr-2026,40193146,33313
Apr-2026,40189611,33311
Apr-2026,40216193,33260
Apr-2026,40195465,33197
Apr-2026,40201354,33189
Apr-2026,40218671,33116
Apr-2026,40194580,33091
Apr-2026,40219729,33044
Apr-2026,40210398,32988
Apr-2026,40200306,32857
Apr-2026,40221729,32765
Apr-2026,40206676,32594
Apr-2026,40221635,32570
Apr-2026,40213431,32513
Apr-2026,40220121,32401
Apr-2026,40216350,32394
Apr-2026,40210539,32370
Apr-2026,40208790,32331
Apr-2026,40207064,32234
Apr-2026,40193338,32159
Apr-2026,40213454,32118
Apr-2026,40204578,32096
Apr-2026,40193501,32093
Apr-2026,40195140,32049
Apr-2026,40193081,32008
Apr-2026,40199641,31891
Apr-2026,40193770,31791
Apr-2026,40217343,31763
Apr-2026,40197161,31740
Apr-2026,40201844,31739
Apr-2026,40200769,31681
Apr-2026,40198482,31587
Apr-2026,40205319,31570
Apr-2026,40214444,31520
Apr-2026,40205886,31511
Apr-2026,40207575,31488
Apr-2026,40219414,31449
Apr-2026,40215163,31422
Apr-2026,40197393,31411
Apr-2026,40217867,31397
Apr-2026,40191328,31379
Apr-2026,40215519,31365
Apr-2026,40207806,31304
Apr-2026,40215684,31293
Apr-2026,40198561,31250
Apr-2026,40217699,31081
Apr-2026,30000417,31008
Apr-2026,40215033,30973
Apr-2026,40196522,30956
Apr-2026,40190981,30948
Apr-2026,40217383,30844
Apr-2026,40208493,30757
Apr-2026,40211990,30723
Apr-2026,40211759,30669
Apr-2026,40195420,30638
Apr-2026,40212203,30566
Apr-2026,40194666,30557
Apr-2026,40195636,30528
Apr-2026,40192804,30445
Apr-2026,40192856,30441
Apr-2026,30000400,30366
Apr-2026,40213742,30290
Apr-2026,40201948,30248
Apr-2026,40190373,30223
Apr-2026,40205911,30135
Apr-2026,40213961,30028
Apr-2026,40201572,30019
Apr-2026,40217852,29957
Apr-2026,40205201,29917
Apr-2026,40209271,29900
Apr-2026,40199166,29860
Apr-2026,40212653,29800
Apr-2026,40205215,29798
Apr-2026,40217073,29791
Apr-2026,40215056,29757
Apr-2026,40194661,29746
Apr-2026,40199997,29723
Apr-2026,40192498,29680
Apr-2026,40196125,29674
Apr-2026,40204577,29669
Apr-2026,40220265,29661
Apr-2026,40203764,29515
Apr-2026,30000395,29501
Apr-2026,40209867,29471
Apr-2026,30000391,29459
Apr-2026,40206920,29459
Apr-2026,30000479,29455
Apr-2026,40193712,29419
Apr-2026,40204186,29404
Apr-2026,40191196,29374
Apr-2026,40211494,29374
Apr-2026,40222048,29301
Apr-2026,40216781,29288
Apr-2026,40222117,29286
Apr-2026,40222756,29229
Apr-2026,40202988,29211
Apr-2026,30000408,29176
Apr-2026,40192288,29170
Apr-2026,40195965,29156
Apr-2026,40191757,29154
Apr-2026,40199843,29144
Apr-2026,40222282,29076
Apr-2026,40219719,29041
Apr-2026,40211402,29015
Apr-2026,40215595,29003
Apr-2026,40194008,28901
Apr-2026,40194836,28883
Apr-2026,40215951,28844
Apr-2026,40193704,28834
Apr-2026,40212459,28817
Apr-2026,40218583,28809
Apr-2026,40215891,28736
Apr-2026,40203530,28706
Apr-2026,40216778,28698
Apr-2026,40208890,28671
Apr-2026,40204529,28658
Apr-2026,40222322,28546
Apr-2026,40214347,28532
Apr-2026,40204648,28501
Apr-2026,40195197,28463
Apr-2026,40194896,28401
Apr-2026,40219385,28374
Apr-2026,40218860,28337
Apr-2026,40216147,28266
Apr-2026,40206398,28253
Apr-2026,40207574,28238
Apr-2026,40217133,28226
Apr-2026,40215619,28174
Apr-2026,40206713,28172
Apr-2026,40202928,28145
Apr-2026,40219533,28144
Apr-2026,40219388,28119
Apr-2026,40206995,28103
Apr-2026,40200622,28086
Apr-2026,40190249,28036
Apr-2026,40191760,28016
Apr-2026,40205875,28006
Apr-2026,40203178,27999
Apr-2026,40217335,27972
Apr-2026,40222102,27969
Apr-2026,40209921,27968
Apr-2026,40217409,27930
Apr-2026,40191062,27927
Apr-2026,40206798,27926
Apr-2026,40223127,27917
Apr-2026,40191142,27867
Apr-2026,40215640,27828
Apr-2026,40193806,27820
Apr-2026,40203592,27795
Apr-2026,40210661,27687
Apr-2026,40217486,27642
Apr-2026,40219746,27626
Apr-2026,40207474,27582
Apr-2026,40218911,27571
Apr-2026,40201062,27566
Apr-2026,40210676,27538
Apr-2026,40201911,27533
Apr-2026,40208319,27389
Apr-2026,40218099,27383
Apr-2026,40213183,27306
Apr-2026,40205614,27251
Apr-2026,40205239,27194
Apr-2026,30000461,27166
Apr-2026,40214942,27166
Apr-2026,40193887,27078
Apr-2026,40194715,27073
Apr-2026,40209749,27055
Apr-2026,40204157,27050
Apr-2026,40202176,27046
Apr-2026,40218228,26948
Apr-2026,40214534,26934
Apr-2026,40205535,26900
Apr-2026,40222501,26897
Apr-2026,40214553,26847
Apr-2026,40191261,26836
Apr-2026,40199707,26834
Apr-2026,40220491,26821
Apr-2026,40191301,26808
Apr-2026,40208132,26798
Apr-2026,40205502,26795
Apr-2026,40200317,26785
Apr-2026,40196951,26782
Apr-2026,40192963,26756
Apr-2026,40189828,26739
Apr-2026,40204032,26729
Apr-2026,40192690,26726
Apr-2026,40202058,26726
Apr-2026,40204209,26633
Apr-2026,40216043,26633
Apr-2026,30000394,26619
Apr-2026,40223356,26542
Apr-2026,40209347,26496
Apr-2026,40209346,26478
Apr-2026,40219258,26440
Apr-2026,40207516,26394
Apr-2026,40201414,26343
Apr-2026,40215617,26330
Apr-2026,40205940,26325
Apr-2026,40201358,26302
Apr-2026,40208488,26266
Apr-2026,40218756,26258
Apr-2026,40198471,26231
Apr-2026,40199734,26176
Apr-2026,40196900,26105
Apr-2026,40210238,26076
Apr-2026,40207903,26045
Apr-2026,40194751,26039
Apr-2026,40199448,26019
Apr-2026,40204120,25967
Apr-2026,40189777,25941
Apr-2026,40200655,25933
Apr-2026,40196378,25921
Apr-2026,40216184,25896
Apr-2026,40197112,25856
Apr-2026,40199854,25849
Apr-2026,40215967,25840
Apr-2026,40199167,25836
Apr-2026,40200711,25825
Apr-2026,40196421,25819
Apr-2026,30000442,25770
Apr-2026,40220741,25680
Apr-2026,40220296,25621
Apr-2026,40216176,25561
Apr-2026,40209833,25557
Apr-2026,40218052,25528
Apr-2026,40220794,25524
Apr-2026,40211234,25513
Apr-2026,40194577,25471
Apr-2026,40189047,25464
Apr-2026,40213267,25427
Apr-2026,40198142,25400
Apr-2026,40215003,25398
Apr-2026,40193327,25385
Apr-2026,40209272,25381
Apr-2026,40211868,25374
Apr-2026,40217681,25374
Apr-2026,40212191,25361
Apr-2026,40199624,25299
Apr-2026,40200685,25285
Apr-2026,40192889,25270
Apr-2026,40202660,25254
Apr-2026,40192455,25229
Apr-2026,40208577,25122
Apr-2026,40195114,25080
Apr-2026,40213962,24997
Apr-2026,40199476,24991
Apr-2026,40211093,24900
Apr-2026,40199124,24891
Apr-2026,40191738,24835
Apr-2026,40217267,24794
Apr-2026,40202887,24749
Apr-2026,40221204,24676
Apr-2026,40200512,24627
Apr-2026,40209626,24585
Apr-2026,40212996,24557
Apr-2026,40215749,24552
Apr-2026,40202053,24532
Apr-2026,40218162,24521
Apr-2026,40199346,24511
Apr-2026,40209505,24497
Apr-2026,40194687,24418
Apr-2026,40209658,24408
Apr-2026,40218913,24396
Apr-2026,40219435,24385
Apr-2026,40192307,24384
Apr-2026,40206753,24378
Apr-2026,40209489,24363
Apr-2026,40202902,24342
Apr-2026,40190801,24313
Apr-2026,40207206,24261
Apr-2026,40199408,24198
Apr-2026,40219179,24176
Apr-2026,40202961,24163
Apr-2026,40217480,24163
Apr-2026,40203305,24145
Apr-2026,40213150,24119
Apr-2026,40192757,24079
Apr-2026,40215486,24075
Apr-2026,40198177,24053
Apr-2026,40213356,24030
Apr-2026,40193095,24022
Apr-2026,40217242,23997
Apr-2026,40201590,23953
Apr-2026,40203390,23924
Apr-2026,40220251,23917
Apr-2026,40219080,23902
Apr-2026,40213968,23868
Apr-2026,40210738,23866
Apr-2026,40220433,23848
Apr-2026,40221364,23774
Apr-2026,40202086,23758
Apr-2026,40188651,23756
Apr-2026,40197229,23736
Apr-2026,40191130,23730
Apr-2026,40188904,23720
Apr-2026,40189933,23711
Apr-2026,40217310,23692
Apr-2026,40205395,23689
Apr-2026,40220245,23687
Apr-2026,40206176,23676
Apr-2026,40201708,23634
Apr-2026,40220800,23587
Apr-2026,40201247,23577
Apr-2026,40223594,23564
Apr-2026,40199138,23546
Apr-2026,40213851,23538
Apr-2026,40191009,23520
Apr-2026,40201413,23492
Apr-2026,40202879,23419
Apr-2026,40210768,23411
Apr-2026,40200039,23401
Apr-2026,40209740,23400
Apr-2026,40216157,23373
Apr-2026,40213180,23358
Apr-2026,40214536,23358
Apr-2026,40208063,23323
Apr-2026,40212297,23287
Apr-2026,40188653,23280
Apr-2026,40192049,23197
Apr-2026,40218214,23193
Apr-2026,40214648,23188
Apr-2026,40210323,23175
Apr-2026,40195348,23145
Apr-2026,40198910,23117
Apr-2026,40212908,23107
Apr-2026,40204583,23067
Apr-2026,40194540,23065
Apr-2026,40192809,23032
Apr-2026,40222761,23001
Apr-2026,40220736,22985
Apr-2026,40204602,22973
Apr-2026,40219772,22965
Apr-2026,40219165,22951
Apr-2026,40194974,22894
Apr-2026,40203346,22881
Apr-2026,40216547,22856
Apr-2026,40201643,22816
Apr-2026,40213887,22796
Apr-2026,40199288,22683
Apr-2026,40219785,22668
Apr-2026,40208533,22648
Apr-2026,40190371,22616
Apr-2026,40212786,22609
Apr-2026,40198391,22599
Apr-2026,40196319,22590
Apr-2026,40195838,22555
Apr-2026,40200237,22541
Apr-2026,40202483,22530
Apr-2026,40221970,22528
Apr-2026,40213656,22524
Apr-2026,40210570,22522
Apr-2026,40198254,22514
Apr-2026,40207456,22499
Apr-2026,40196276,22490
Apr-2026,40207793,22483
Apr-2026,40204107,22471
Apr-2026,40206929,22452
Apr-2026,40205791,22451
Apr-2026,40200089,22424
Apr-2026,40215882,22421
Apr-2026,40193197,22407
Apr-2026,40196193,22404
Apr-2026,40195881,22385
Apr-2026,40217014,22384
Apr-2026,40207073,22375
Apr-2026,40219007,22356
Apr-2026,40221851,22334
Apr-2026,40206810,22308
Apr-2026,40211955,22298
Apr-2026,40202073,22295
Apr-2026,40200172,22292
Apr-2026,40212915,22263
Apr-2026,40196622,22256
Apr-2026,40194033,22243
Apr-2026,40194711,22233
Apr-2026,40199438,22232
Apr-2026,40201736,22206
Apr-2026,40218454,22187
Apr-2026,40203344,22181
Apr-2026,40197287,22173
Apr-2026,40194390,22145
Apr-2026,40216173,22143
Apr-2026,40219390,22106
Apr-2026,40203124,22016
Apr-2026,40220412,22015
Apr-2026,40209820,22000
Apr-2026,40191164,21947
Apr-2026,40216124,21943
Apr-2026,40194187,21897
Apr-2026,40215237,21843
Apr-2026,40200922,21779
Apr-2026,40203315,21729
Apr-2026,40207632,21701
Apr-2026,40214819,21645
Apr-2026,40202727,21577
Apr-2026,40205133,21558
Apr-2026,40213729,21531
Apr-2026,40215981,21512
Apr-2026,40191854,21490
Apr-2026,40206463,21469
Apr-2026,40209750,21443
Apr-2026,40212016,21360
Apr-2026,40217394,21321
Apr-2026,40202399,21262
Apr-2026,40213360,21252
Apr-2026,40198667,21224
Apr-2026,40214047,21212
Apr-2026,40207614,21200
Apr-2026,40210594,21199
Apr-2026,40201091,21142
Apr-2026,40190617,21135
Apr-2026,40206816,21129
Apr-2026,40202729,21124
Apr-2026,40196923,21117
Apr-2026,40208458,21075
Apr-2026,40212052,20965
Apr-2026,40214883,20943
Apr-2026,40220686,20935
Apr-2026,40193798,20926
Apr-2026,40201078,20865
Apr-2026,40215120,20855
Apr-2026,40207557,20840
Apr-2026,40201383,20809
Apr-2026,40216643,20795
Apr-2026,40201972,20772
Apr-2026,40196351,20763
Apr-2026,40198954,20723
Apr-2026,40216650,20690
Apr-2026,40218796,20645
Apr-2026,40200943,20588
Apr-2026,40204425,20577
Apr-2026,40213179,20577
Apr-2026,40223244,20557
Apr-2026,40186180,20548
Apr-2026,40210062,20547
Apr-2026,40199643,20545
Apr-2026,40216908,20541
Apr-2026,40221156,20539
Apr-2026,40196594,20534
Apr-2026,40204020,20534
Apr-2026,40193969,20525
Apr-2026,40218526,20512
Apr-2026,40216616,20496
Apr-2026,40220060,20496
Apr-2026,40207688,20463
Apr-2026,40210900,20458
Apr-2026,40190227,20430
Apr-2026,40217440,20417
Apr-2026,40190794,20412
Apr-2026,40214862,20352
Apr-2026,40196989,20298
Apr-2026,40192105,20258
Apr-2026,40214590,20238
Apr-2026,40202813,20214
Apr-2026,40211287,20203
Apr-2026,40203662,20187
Apr-2026,40211151,20154
Apr-2026,40211654,20141
Apr-2026,40205123,20136
Apr-2026,40210710,20135
Apr-2026,40191787,20109
Apr-2026,40193696,20101
Apr-2026,30000399,20094
Apr-2026,40217139,20094
Apr-2026,40216639,20048
Apr-2026,40191668,20039
Apr-2026,40190352,20034
Apr-2026,40220765,20029
Apr-2026,40202519,20026
Apr-2026,40207436,19996
Apr-2026,40219625,19993
Apr-2026,40199413,19982
Apr-2026,40204417,19965
Apr-2026,40197750,19958
Apr-2026,40204177,19941
Apr-2026,40219018,19921
Apr-2026,40196063,19912
Apr-2026,40198689,19909
Apr-2026,40216806,19858
Apr-2026,40191306,19850
Apr-2026,40213085,19808
Apr-2026,40219579,19794
Apr-2026,40211546,19768
Apr-2026,40192516,19753
Apr-2026,40190156,19740
Apr-2026,40212178,19727
Apr-2026,40213157,19726
Apr-2026,40199022,19716
Apr-2026,40221888,19690
Apr-2026,40207592,19660
Apr-2026,40208783,19656
Apr-2026,40197705,19653
Apr-2026,40214691,19631
Apr-2026,40195557,19602
Apr-2026,40199313,19584
Apr-2026,40207663,19581
Apr-2026,40212480,19571
Apr-2026,40204343,19567
Apr-2026,40203348,19545
Apr-2026,40213880,19545
Apr-2026,40210889,19540
Apr-2026,40208910,19531
Apr-2026,40220389,19483
Apr-2026,40204951,19477
Apr-2026,40188742,19455
Apr-2026,40217481,19421
Apr-2026,40215286,19419
Apr-2026,40191948,19411
Apr-2026,40193542,19405
Apr-2026,40206786,19378
Apr-2026,40207461,19377
Apr-2026,40197936,19360
Apr-2026,30000482,19345
Apr-2026,30000397,19334
Apr-2026,40193382,19290
Apr-2026,40215105,19281
Apr-2026,40221394,19253
Apr-2026,40215211,19197
Apr-2026,40197851,19190
Apr-2026,40211859,19187
Apr-2026,40197718,19182
Apr-2026,40193545,19174
Apr-2026,40196821,19172
Apr-2026,40192902,19154
Apr-2026,40195682,19154
Apr-2026,40222047,19140
Apr-2026,40216521,19135
Apr-2026,40213980,19107
Apr-2026,40197587,19089
Apr-2026,40219282,19079
Apr-2026,40190923,19071
Apr-2026,40197364,19051
Apr-2026,40191182,19034
Apr-2026,40199611,19019
Apr-2026,40209234,19017
Apr-2026,40194937,18999
Apr-2026,40213231,18999
Apr-2026,40219707,18996
Apr-2026,40217322,18992
Apr-2026,40214899,18981
Apr-2026,40222049,18972
Apr-2026,40205913,18912
Apr-2026,40193805,18885
Apr-2026,40198591,18881
Apr-2026,40198288,18877
Apr-2026,40220162,18874
Apr-2026,40219960,18842
Apr-2026,40199589,18837
Apr-2026,40197994,18807
Apr-2026,40200156,18804
Apr-2026,40206149,18801
Apr-2026,40202929,18773
Apr-2026,30000403,18763
Apr-2026,40212846,18758
Apr-2026,40219216,18744
Apr-2026,30000421,18730
Apr-2026,40204803,18722
Apr-2026,40207094,18720
Apr-2026,40201917,18710
Apr-2026,40211149,18690
Apr-2026,40196504,18678
Apr-2026,40214966,18678
Apr-2026,40193891,18664
Apr-2026,40221674,18661
Apr-2026,40219694,18645
Apr-2026,40196533,18614
Apr-2026,40218468,18608
Apr-2026,40211589,18572
Apr-2026,40219692,18551
Apr-2026,40191971,18540
Apr-2026,40200470,18534
Apr-2026,40212136,18518
Apr-2026,40208992,18514
Apr-2026,40192025,18491
Apr-2026,40206516,18489
Apr-2026,40218370,18488
Apr-2026,40213507,18486
Apr-2026,40214104,18458
Apr-2026,40206620,18445
Apr-2026,40219557,18445
Apr-2026,40204511,18442
Apr-2026,40193154,18440
Apr-2026,40195070,18437
Apr-2026,40198178,18434
Apr-2026,40205409,18434
Apr-2026,40219187,18431
Apr-2026,40196457,18430
Apr-2026,40208437,18403
Apr-2026,40221075,18399
Apr-2026,40204288,18395
Apr-2026,40201847,18365
Apr-2026,40218336,18363
Apr-2026,40200217,18350
Apr-2026,40222457,18344
Apr-2026,40195811,18335
Apr-2026,40211903,18318
Apr-2026,40211017,18317
Apr-2026,40206963,18314
Apr-2026,40204978,18312
Apr-2026,40198805,18274
Apr-2026,40215199,18273
Apr-2026,40202581,18271
Apr-2026,40220010,18221
Apr-2026,40205270,18220
Apr-2026,40223559,18219
Apr-2026,40223612,18201
Apr-2026,40190376,18186
Apr-2026,40201313,18157
Apr-2026,40215641,18144
Apr-2026,40209194,18115
Apr-2026,40193760,18114
Apr-2026,40206592,18093
Apr-2026,40213432,18063
Apr-2026,40210466,18056
Apr-2026,40194069,18042
Apr-2026,40208273,18024
Apr-2026,40198941,17983
Apr-2026,40203692,17948
Apr-2026,40209923,17932
Apr-2026,40217097,17897
Apr-2026,40217573,17892
Apr-2026,40208017,17871
Apr-2026,40223299,17861
Apr-2026,40216690,17852
Apr-2026,40214499,17821
Apr-2026,40195468,17807
Apr-2026,40221883,17803
Apr-2026,40194222,17802
Apr-2026,40198902,17796
Apr-2026,40195178,17775
Apr-2026,40191087,17773
Apr-2026,40214949,17769
Apr-2026,40195300,17738
Apr-2026,40215018,17712
Apr-2026,40195695,17709
Apr-2026,40211247,17646
Apr-2026,40203943,17633
Apr-2026,40213319,17633
Apr-2026,40215117,17619
Apr-2026,40199497,17605
Apr-2026,40213223,17591
Apr-2026,40213433,17544
Apr-2026,40202322,17523
Apr-2026,40192907,17504
Apr-2026,40215130,17502
Apr-2026,40204569,17487
Apr-2026,40206155,17486
Apr-2026,40203330,17468
Apr-2026,40201988,17459
Apr-2026,40217329,17456
Apr-2026,40208795,17446
Apr-2026,40188701,17434
Apr-2026,40214765,17431
Apr-2026,40207670,17420
Apr-2026,40218212,17418
Apr-2026,40196532,17416
Apr-2026,40220629,17396
Apr-2026,40216080,17362
Apr-2026,40220475,17323
Apr-2026,40213760,17319
Apr-2026,40200708,17315
Apr-2026,40220617,17284
Apr-2026,40200782,17274
Apr-2026,40215887,17263
Apr-2026,40213559,17221
Apr-2026,40207653,17214
Apr-2026,40189922,17210
Apr-2026,40209662,17208
Apr-2026,40220864,17202
Apr-2026,40202026,17200
Apr-2026,40204716,17179
Apr-2026,40193027,17168
Apr-2026,40219490,17144
Apr-2026,40200699,17101
Apr-2026,40191662,17097
Apr-2026,40210254,17086
Apr-2026,40212925,17074
Apr-2026,40191345,17069
Apr-2026,40212669,17043
Apr-2026,40210916,17031
Apr-2026,40211008,17011
Apr-2026,40218608,17005
Apr-2026,40207633,16981
Apr-2026,40198798,16962
Apr-2026,40199873,16962
Apr-2026,40208305,16955
Apr-2026,40214916,16949
Apr-2026,40219403,16915
Apr-2026,40206678,16882
Apr-2026,40221530,16870
Apr-2026,40194249,16825
Apr-2026,40214985,16822
Apr-2026,30000435,16820
Apr-2026,40215377,16810
Apr-2026,40216750,16804
Apr-2026,40217923,16802
Apr-2026,40206276,16795
Apr-2026,40194883,16789
Apr-2026,40203701,16783
Apr-2026,40210393,16779
Apr-2026,40203046,16775
Apr-2026,40195229,16761
Apr-2026,40205070,16754
Apr-2026,40215025,16750
Apr-2026,40223990,16667
Apr-2026,30000431,16655
Apr-2026,40190954,16655
Apr-2026,40208156,16627
Apr-2026,40209113,16623
Apr-2026,40192212,16608
Apr-2026,40199312,16608
Apr-2026,40221637,16601
Apr-2026,40208296,16571
Apr-2026,40219153,16552
Apr-2026,40217074,16551
Apr-2026,40213005,16532
Apr-2026,40215139,16532
Apr-2026,40196088,16530
Apr-2026,40196462,16527
Apr-2026,40192256,16525
Apr-2026,40208126,16522
Apr-2026,40195883,16481
Apr-2026,40202849,16478
Apr-2026,40198175,16468
Apr-2026,40200780,16453
Apr-2026,40197024,16422
Apr-2026,40194498,16415
Apr-2026,40204144,16412
Apr-2026,40192332,16409
Apr-2026,40221379,16383
Apr-2026,40217555,16377
Apr-2026,40191979,16359
Apr-2026,40222495,16359
Apr-2026,40200392,16333
Apr-2026,40202999,16330
Apr-2026,40209605,16310
Apr-2026,40198510,16284
Apr-2026,40210009,16279
Apr-2026,40220363,16267
Apr-2026,40194606,16262
Apr-2026,40191776,16259
Apr-2026,40201733,16259
Apr-2026,40215614,16254
Apr-2026,40207951,16253
Apr-2026,40191770,16237
Apr-2026,40195061,16237
Apr-2026,40218506,16220
Apr-2026,40222351,16218
Apr-2026,40192196,16213
Apr-2026,40206910,16205
Apr-2026,40212242,16205
Apr-2026,40215930,16188
Apr-2026,40220929,16181
Apr-2026,40201435,16178
Apr-2026,40203076,16151
Apr-2026,40221495,16138
Apr-2026,40209076,16119
Apr-2026,40222834,16107
Apr-2026,40200828,16101
Apr-2026,40214809,16087
Apr-2026,40208613,16066
Apr-2026,40223477,16058
Apr-2026,40199982,16036
Apr-2026,40216102,16032
Apr-2026,40200081,16017
Apr-2026,40197443,16002
Apr-2026,40197686,15971
Apr-2026,40215764,15962
Apr-2026,40191897,15961
Apr-2026,40197039,15953
Apr-2026,40214787,15934
Apr-2026,40199540,15929
Apr-2026,40192463,15916
Apr-2026,40220067,15852
Apr-2026,40192919,15841
Apr-2026,40214568,15835
Apr-2026,40200741,15823
Apr-2026,40210964,15818
Apr-2026,40200142,15817
Apr-2026,40198257,15797
Apr-2026,40199023,15786
Apr-2026,40207499,15786
Apr-2026,40213441,15773
Apr-2026,40198511,15765
Apr-2026,40201494,15756
Apr-2026,40214832,15753
Apr-2026,40188936,15746
Apr-2026,40202700,15730
Apr-2026,40213817,15730
Apr-2026,40219364,15710
Apr-2026,40206574,15708
Apr-2026,40200852,15701
Apr-2026,40213364,15700
Apr-2026,40216129,15685
Apr-2026,40189347,15683
Apr-2026,40195750,15681
Apr-2026,40208138,15675
Apr-2026,40212379,15670
Apr-2026,40193936,15668
Apr-2026,40213505,15653
Apr-2026,40207915,15652
Apr-2026,40205014,15637
Apr-2026,40218513,15618
Apr-2026,40214816,15612
Apr-2026,40206776,15607
Apr-2026,40202514,15577
Apr-2026,40210244,15577
Apr-2026,40212743,15569
Apr-2026,40189912,15568
Apr-2026,40218279,15564
Apr-2026,40195017,15559
Apr-2026,40205340,15558
Apr-2026,40195722,15549
Apr-2026,40193379,15540
Apr-2026,40213102,15534
Apr-2026,40197324,15523
Apr-2026,40192273,15521
Apr-2026,40202595,15519
Apr-2026,40219419,15511
Apr-2026,40189711,15510
Apr-2026,40203611,15499
Apr-2026,40200800,15493
Apr-2026,40205148,15450
Apr-2026,40210826,15445
Apr-2026,40203358,15436
Apr-2026,40218648,15435
Apr-2026,40205434,15426
Apr-2026,40223854,15396
Apr-2026,40219980,15393
Apr-2026,40205140,15389
Apr-2026,40205204,15376
Apr-2026,40198487,15356
Apr-2026,40214274,15351
Apr-2026,40211084,15327
Apr-2026,40214708,15326
Apr-2026,30000485,15323
Apr-2026,40218840,15322
Apr-2026,40203001,15315
Apr-2026,40217882,15314
Apr-2026,40200451,15312
Apr-2026,40202996,15311
Apr-2026,40191409,15289
Apr-2026,40195393,15276
Apr-2026,40216379,15244
Apr-2026,40197645,15239
Apr-2026,40198232,15239
Apr-2026,40210850,15237
Apr-2026,40195025,15232
Apr-2026,40197485,15225
Apr-2026,40205559,15201
Apr-2026,40210214,15195
Apr-2026,40214146,15194
Apr-2026,40210321,15181
Apr-2026,40207231,15170
Apr-2026,40209364,15165
Apr-2026,40201486,15127
Apr-2026,40197709,15106
Apr-2026,40202853,15090
Apr-2026,40209402,15083
Apr-2026,40214037,15075
Apr-2026,40208737,15071
Apr-2026,40196110,15052
Apr-2026,40216865,15052
Apr-2026,40193646,15030
Apr-2026,40199902,15008
Apr-2026,40220822,14969
Apr-2026,40219185,14957
Apr-2026,40191135,14951
Apr-2026,40220222,14932
Apr-2026,40196194,14890
Apr-2026,40209657,14886
Apr-2026,40221365,14880
Apr-2026,40201445,14877
Apr-2026,40216399,14860
Apr-2026,40204888,14833
Apr-2026,40192073,14832
Apr-2026,40220838,14810
Apr-2026,40193058,14803
Apr-2026,40194980,14802
Apr-2026,40218342,14787
Apr-2026,40202148,14782
Apr-2026,40201838,14766
Apr-2026,40200694,14765
Apr-2026,40208266,14751
Apr-2026,40214333,14745
Apr-2026,40192189,14735
Apr-2026,40212194,14731
Apr-2026,40214187,14723
Apr-2026,40203577,14708
Apr-2026,40210609,14706
Apr-2026,40204079,14691
Apr-2026,40207276,14691
Apr-2026,40212555,14681
Apr-2026,40221090,14679
Apr-2026,40191146,14672
Apr-2026,40204356,14669
Apr-2026,40218191,14666
Apr-2026,40207795,14644
Apr-2026,40198650,14639
Apr-2026,30000384,14632
Apr-2026,40203294,14618
Apr-2026,40217473,14598
Apr-2026,40213905,14571
Apr-2026,40216224,14553
Apr-2026,40218321,14549
Apr-2026,40204419,14546
Apr-2026,40217601,14539
Apr-2026,40193789,14506
Apr-2026,40217599,14503
Apr-2026,40213852,14496
Apr-2026,40210767,14495
Apr-2026,40212014,14495
Apr-2026,40213546,14483
Apr-2026,40220859,14483
Apr-2026,40215302,14471
Apr-2026,40219099,14465
Apr-2026,40193170,14458
Apr-2026,40190620,14456
Apr-2026,40196938,14454
Apr-2026,40198882,14440
Apr-2026,40190342,14427
Apr-2026,40191879,14420
Apr-2026,40199261,14417
Apr-2026,40203241,14410
Apr-2026,40206661,14410
Apr-2026,40210947,14405
Apr-2026,40202617,14388
Apr-2026,40220234,14373
Apr-2026,40204199,14372
Apr-2026,40214190,14368
Apr-2026,40194494,14360
Apr-2026,40215824,14352
Apr-2026,40216840,14346
Apr-2026,40212986,14339
Apr-2026,40205541,14332
Apr-2026,40207375,14332
Apr-2026,40190483,14330
Apr-2026,40213665,14323
Apr-2026,40201185,14318
Apr-2026,40218834,14309
Apr-2026,40198306,14307
Apr-2026,40218263,14287
Apr-2026,40221417,14266
Apr-2026,40196303,14265
Apr-2026,40199840,14265
Apr-2026,40202424,14264
Apr-2026,40217597,14225
Apr-2026,40206914,14217
Apr-2026,40222244,14216
Apr-2026,40209656,14194
Apr-2026,40210250,14187
Apr-2026,40212253,14187
Apr-2026,40218969,14184
Apr-2026,40203805,14182
Apr-2026,40220627,14174
Apr-2026,40195038,14171
Apr-2026,40208431,14158
Apr-2026,40217015,14154
Apr-2026,40211543,14146
Apr-2026,40221402,14143
Apr-2026,40200794,14137
Apr-2026,40219514,14131
Apr-2026,40199127,14119
Apr-2026,40199903,14102
Apr-2026,40194589,14095
Apr-2026,40213706,14094
Apr-2026,40212467,14076
Apr-2026,40211272,14074
Apr-2026,40207117,14055
Apr-2026,40191564,14048
Apr-2026,40194615,14048
Apr-2026,40204631,14042
Apr-2026,40199231,14024
Apr-2026,40204788,14022
Apr-2026,40218064,14020
Apr-2026,40199637,14006
Apr-2026,40204462,13996
Apr-2026,40218027,13978
Apr-2026,40195507,13970
Apr-2026,40200589,13967
Apr-2026,40204259,13956
Apr-2026,40212635,13930
Apr-2026,40210655,13926
Apr-2026,40194539,13914
Apr-2026,40196124,13909
Apr-2026,40193854,13905
Apr-2026,40194611,13891
Apr-2026,40197436,13861
Apr-2026,40199436,13856
Apr-2026,40219774,13856
Apr-2026,40211262,13854
Apr-2026,40208059,13825
Apr-2026,40203683,13819
Apr-2026,40201992,13801
Apr-2026,40192799,13788
Apr-2026,40209992,13785
Apr-2026,40190207,13783
Apr-2026,40213424,13777
Apr-2026,40194956,13759
Apr-2026,40195501,13757
Apr-2026,40206489,13756
Apr-2026,40214029,13741
Apr-2026,40194432,13730
Apr-2026,40221234,13727
Apr-2026,40190306,13715
Apr-2026,40208812,13696
Apr-2026,40215926,13678
Apr-2026,40219558,13677
Apr-2026,40211281,13672
Apr-2026,40210156,13668
Apr-2026,40206424,13659
Apr-2026,40195247,13653
Apr-2026,40208482,13653
Apr-2026,40213726,13649
Apr-2026,40204639,13639
Apr-2026,40206657,13613
Apr-2026,40191225,13606
Apr-2026,40219180,13603
Apr-2026,40194560,13569
Apr-2026,40217778,13544
Apr-2026,40195678,13534
Apr-2026,40211551,13519
Apr-2026,40192471,13515
Apr-2026,40188846,13503
Apr-2026,40198990,13498
Apr-2026,40204494,13492
Apr-2026,40192734,13483
Apr-2026,40209332,13474
Apr-2026,40207572,13457
Apr-2026,40207734,13453
Apr-2026,40211522,13450
Apr-2026,40200544,13449
Apr-2026,40212405,13439
Apr-2026,40193225,13426
Apr-2026,40222211,13415
Apr-2026,40204666,13414
Apr-2026,40205531,13411
Apr-2026,40217162,13406
Apr-2026,40219713,13405
Apr-2026,40193059,13400
Apr-2026,40198488,13392
Apr-2026,40197131,13389
Apr-2026,40206249,13386
Apr-2026,40213720,13384
Apr-2026,40195374,13382
Apr-2026,40196893,13380
Apr-2026,40218142,13346
Apr-2026,40205969,13345
Apr-2026,40212007,13332
Apr-2026,40215823,13331
Apr-2026,40193105,13323
Apr-2026,40203619,13315
Apr-2026,40221193,13301
Apr-2026,40198853,13280
Apr-2026,40210053,13258
Apr-2026,40194346,13256
Apr-2026,40193645,13255
Apr-2026,40193239,13254
Apr-2026,40211852,13250
Apr-2026,40204534,13248
Apr-2026,40191611,13245
Apr-2026,40219463,13236
Apr-2026,40208969,13217
Apr-2026,40204175,13213
Apr-2026,40212101,13210
Apr-2026,40192626,13203
Apr-2026,40203514,13203
Apr-2026,40190999,13202
Apr-2026,40211168,13195
Apr-2026,40196568,13189
Apr-2026,40197279,13185
Apr-2026,40198867,13184
Apr-2026,40221872,13178
Apr-2026,40197418,13173
Apr-2026,40217610,13172
Apr-2026,40220146,13170
Apr-2026,40218171,13165
Apr-2026,30000430,13157
Apr-2026,40204207,13149
Apr-2026,40194082,13139
Apr-2026,40213920,13115
Apr-2026,40214547,13113
Apr-2026,40203791,13107
Apr-2026,40209465,13107
Apr-2026,40198170,13100
Apr-2026,40204437,13100
Apr-2026,40217209,13093
Apr-2026,40193079,13079
Apr-2026,40198643,13075
Apr-2026,40201776,13054
Apr-2026,40220356,13047
Apr-2026,40212619,13031
Apr-2026,40189807,13020
Apr-2026,40199075,12997
Apr-2026,40208781,12997
Apr-2026,40218053,12992
Apr-2026,40221793,12992
Apr-2026,40194988,12991
Apr-2026,40203377,12982
Apr-2026,40212204,12982
Apr-2026,40188608,12980
Apr-2026,40209544,12974
Apr-2026,40190787,12973
Apr-2026,40211411,12963
Apr-2026,40219977,12963
Apr-2026,40222636,12941
Apr-2026,40215409,12933
Apr-2026,40188949,12924
Apr-2026,40215298,12920
Apr-2026,40215481,12917
Apr-2026,40209973,12916
Apr-2026,40199731,12908
Apr-2026,40216888,12906
Apr-2026,40213825,12899
Apr-2026,40204874,12895
Apr-2026,40211941,12890
Apr-2026,30000385,12885
Apr-2026,40204173,12877
Apr-2026,40217871,12856
Apr-2026,40192943,12850
Apr-2026,40198509,12848
Apr-2026,40198907,12845
Apr-2026,40221416,12843
Apr-2026,40208744,12838
Apr-2026,40218260,12826
Apr-2026,40220763,12823
Apr-2026,40214294,12820
Apr-2026,40203994,12810
Apr-2026,40215615,12810
Apr-2026,40222193,12806
Apr-2026,40190765,12805
Apr-2026,40212528,12800
Apr-2026,40210793,12794
Apr-2026,40223703,12794
Apr-2026,40212850,12790
Apr-2026,40197066,12789
Apr-2026,40198000,12779
Apr-2026,40205643,12776
Apr-2026,40215455,12759
Apr-2026,40210742,12755
Apr-2026,40198601,12754
Apr-2026,40209350,12747
Apr-2026,40210675,12744
Apr-2026,40200621,12738
Apr-2026,40206120,12731
Apr-2026,40205153,12714
Apr-2026,40199043,12708
Apr-2026,40202946,12707
Apr-2026,40221454,12691
Apr-2026,40219532,12688
Apr-2026,40190240,12687
Apr-2026,40212623,12686
Apr-2026,40195511,12678
Apr-2026,40221067,12660
Apr-2026,40200122,12658
Apr-2026,40214861,12655
Apr-2026,40192035,12652
Apr-2026,40218250,12639
Apr-2026,40207570,12635
Apr-2026,40214133,12622
Apr-2026,40204467,12613
Apr-2026,40217764,12604
Apr-2026,40206130,12593
Apr-2026,40219211,12590
Apr-2026,40209451,12587
Apr-2026,40214783,12570
Apr-2026,40206645,12568
Apr-2026,40215262,12563
Apr-2026,40202957,12561
Apr-2026,40203183,12534
Apr-2026,40220883,12517
Apr-2026,40202145,12510
Apr-2026,40207851,12510
Apr-2026,40213295,12507
Apr-2026,40191734,12498
Apr-2026,40214973,12468
Apr-2026,40220458,12461
Apr-2026,40208329,12457
Apr-2026,40191379,12450
Apr-2026,40217004,12440
Apr-2026,40198646,12425
Apr-2026,40189793,12423
Apr-2026,40213439,12406
Apr-2026,40206743,12396
Apr-2026,40212604,12392
Apr-2026,40192227,12384
Apr-2026,40208162,12384
Apr-2026,40194298,12380
Apr-2026,40219460,12359
Apr-2026,40219442,12356
Apr-2026,40221613,12348
Apr-2026,40220270,12329
Apr-2026,40199576,12326
Apr-2026,40202641,12320
Apr-2026,40210326,12306
Apr-2026,40198066,12297
Apr-2026,40201453,12296
Apr-2026,40203159,12290
Apr-2026,40213430,12272
Apr-2026,40216136,12254
Apr-2026,40222134,12253
Apr-2026,40198324,12244
Apr-2026,40203766,12243
Apr-2026,40194695,12222
Apr-2026,40217435,12221
Apr-2026,30000386,12220
Apr-2026,40207321,12211
Apr-2026,40189728,12210
Apr-2026,40219310,12179
Apr-2026,40194753,12178
Apr-2026,40201288,12178
Apr-2026,40218235,12178
Apr-2026,40197726,12152
Apr-2026,40210904,12142
Apr-2026,40221426,12142
Apr-2026,40209086,12127
Apr-2026,40210976,12127
Apr-2026,40203822,12124
Apr-2026,40220209,12113
Apr-2026,40201549,12107
Apr-2026,40207660,12100
Apr-2026,40219634,12096
Apr-2026,40194765,12089
Apr-2026,40214758,12076
Apr-2026,40197089,12072
Apr-2026,40205751,12071
Apr-2026,40217828,12065
Apr-2026,40189961,12062
Apr-2026,40197588,12054
Apr-2026,40220547,12042
Apr-2026,40198113,12040
Apr-2026,40194444,12030
Apr-2026,40213820,12030
Apr-2026,40199546,12019
Apr-2026,40193031,12002
Apr-2026,40195831,11995
Apr-2026,40191524,11987
Apr-2026,40214818,11981
Apr-2026,40200377,11961
Apr-2026,40218287,11953
Apr-2026,40217797,11952
Apr-2026,40222796,11950
Apr-2026,40212693,11944
Apr-2026,40207271,11932
Apr-2026,40200550,11911
Apr-2026,40201546,11911
Apr-2026,40199656,11907
Apr-2026,40193189,11904
Apr-2026,40191422,11882
Apr-2026,40211863,11877
Apr-2026,40190180,11872
Apr-2026,40210817,11863
Apr-2026,40206878,11861
Apr-2026,40208050,11857
Apr-2026,40206907,11847
Apr-2026,40201729,11842
Apr-2026,40210548,11823
Apr-2026,40206986,11820
Apr-2026,40216430,11818
Apr-2026,30000447,11813
Apr-2026,40208803,11804
Apr-2026,40191766,11800
Apr-2026,40221153,11788
Apr-2026,40205861,11780
Apr-2026,40215158,11770
Apr-2026,40212761,11759
Apr-2026,40209766,11756
Apr-2026,40192017,11755
Apr-2026,40204673,11753
Apr-2026,40203729,11750
Apr-2026,40210622,11748
Apr-2026,40199762,11743
Apr-2026,40216942,11732
Apr-2026,40208450,11728
Apr-2026,40221560,11728
Apr-2026,40220513,11723
Apr-2026,40221027,11723
Apr-2026,40219423,11718
Apr-2026,40205400,11710
Apr-2026,40197865,11709
Apr-2026,40200726,11705
Apr-2026,40191640,11704
Apr-2026,40201246,11702
Apr-2026,40202579,11699
Apr-2026,40222769,11684
Apr-2026,40198228,11678
Apr-2026,40214194,11671
Apr-2026,40192433,11660
Apr-2026,40223170,11660
Apr-2026,40201684,11653
Apr-2026,40215436,11642
Apr-2026,40214990,11634
Apr-2026,40190444,11631
Apr-2026,40212605,11593
Apr-2026,40194043,11591
Apr-2026,40194381,11590
Apr-2026,40202969,11582
Apr-2026,40209996,11573
Apr-2026,40220231,11552
Apr-2026,40220991,11550
Apr-2026,40194728,11545
Apr-2026,40211506,11539
Apr-2026,40205054,11537
Apr-2026,40201273,11523
Apr-2026,40203532,11522
Apr-2026,40223111,11520
Apr-2026,40195945,11511
Apr-2026,40204267,11510
Apr-2026,40192955,11492
Apr-2026,40207270,11480
Apr-2026,40207455,11480
Apr-2026,40201706,11475
Apr-2026,40218605,11470
Apr-2026,40215467,11466
Apr-2026,40210998,11458
Apr-2026,40215613,11451
Apr-2026,40220108,11448
Apr-2026,40191001,11435
Apr-2026,40214235,11428
Apr-2026,40218882,11404
Apr-2026,40196072,11397
Apr-2026,40213545,11395
Apr-2026,30000463,11393
Apr-2026,40197733,11393
Apr-2026,40202381,11393
Apr-2026,40200574,11392
Apr-2026,40199789,11389
Apr-2026,40207174,11389
Apr-2026,40221824,11384
Apr-2026,40197627,11378
Apr-2026,40205362,11378
Apr-2026,40209123,11375
Apr-2026,40223002,11371
Apr-2026,40195231,11370
Apr-2026,40215061,11358
Apr-2026,40208981,11339
Apr-2026,40203167,11327
Apr-2026,40207362,11326
Apr-2026,40221953,11321
Apr-2026,40201487,11311
Apr-2026,40187052,11306
Apr-2026,40217238,11299
Apr-2026,40189165,11293
Apr-2026,40189964,11283
Apr-2026,40214919,11282
Apr-2026,40211174,11278
Apr-2026,40202083,11268
Apr-2026,40193751,11247
Apr-2026,40193139,11244
Apr-2026,40214318,11238
Apr-2026,40223474,11234
Apr-2026,40199936,11231
Apr-2026,40218560,11229
Apr-2026,40202964,11228
Apr-2026,40192664,11215
Apr-2026,40196295,11204
Apr-2026,40200568,11204
Apr-2026,40207874,11199
Apr-2026,40204063,11192
Apr-2026,40214680,11192
Apr-2026,40199704,11186
Apr-2026,40214286,11186
Apr-2026,40207910,11184
Apr-2026,40191540,11182
Apr-2026,40215399,11180
Apr-2026,40214527,11178
Apr-2026,40215923,11178
Apr-2026,40217803,11170
Apr-2026,40201229,11152
Apr-2026,40197831,11149
Apr-2026,40223308,11145
Apr-2026,40189092,11135
Apr-2026,40205758,11130
Apr-2026,40210460,11128
Apr-2026,40201451,11109
Apr-2026,40195433,11106
Apr-2026,40199582,11103
Apr-2026,40216297,11102
Apr-2026,40219056,11099
Apr-2026,40188988,11089
Apr-2026,40188117,11081
Apr-2026,40204526,11080
Apr-2026,40207800,11076
Apr-2026,40215316,11072
Apr-2026,40203192,11059
Apr-2026,40207155,11056
Apr-2026,40191624,11054
Apr-2026,40216656,11051
Apr-2026,40192953,11049
Apr-2026,40190258,11042
Apr-2026,40200803,11039
Apr-2026,40214379,11039
Apr-2026,40192347,11035
Apr-2026,40212824,11023
Apr-2026,40206505,11011
Apr-2026,40194559,11009
Apr-2026,40213657,11007
Apr-2026,40193892,10999
Apr-2026,40212681,10998
Apr-2026,40219793,10998
Apr-2026,40190060,10995
Apr-2026,40214911,10977
Apr-2026,40198655,10973
Apr-2026,40222887,10972
Apr-2026,40190732,10954
Apr-2026,40196727,10953
Apr-2026,40211326,10944
Apr-2026,40198734,10939
Apr-2026,40213682,10932
Apr-2026,40208518,10916
Apr-2026,40215429,10914
Apr-2026,40197454,10912
Apr-2026,30000425,10911
Apr-2026,40197532,10909
Apr-2026,40202142,10896
Apr-2026,40220567,10893
Apr-2026,40207544,10875
Apr-2026,40221816,10873
Apr-2026,40197943,10867
Apr-2026,40200303,10857
Apr-2026,40222625,10851
Apr-2026,40212661,10843
Apr-2026,40217568,10834
Apr-2026,40203628,10825
Apr-2026,40205657,10819
Apr-2026,30000449,10814
Apr-2026,40197487,10812
Apr-2026,40193114,10806
Apr-2026,40201462,10798
Apr-2026,40204237,10798
Apr-2026,40219553,10797
Apr-2026,40216432,10793
Apr-2026,40223352,10790
Apr-2026,40214421,10781
Apr-2026,40213655,10778
Apr-2026,40220281,10769
Apr-2026,40210513,10758
Apr-2026,40221123,10750
Apr-2026,40222378,10735
Apr-2026,40204161,10730
Apr-2026,40212710,10719
Apr-2026,40195857,10712
Apr-2026,40214337,10704
Apr-2026,40222952,10704
Apr-2026,40205558,10701
Apr-2026,40220407,10696
Apr-2026,40211011,10690
Apr-2026,40199828,10680
Apr-2026,40205749,10674
Apr-2026,40213944,10674
Apr-2026,40218405,10674
Apr-2026,40192477,10672
Apr-2026,40201130,10672
Apr-2026,40218414,10668
Apr-2026,40210415,10664
Apr-2026,40200932,10662
Apr-2026,40214676,10652
Apr-2026,40214803,10642
Apr-2026,40206179,10641
Apr-2026,40199654,10635
Apr-2026,40193425,10629
Apr-2026,40210473,10622
Apr-2026,40210942,10621
Apr-2026,40218894,10612
Apr-2026,40214295,10608
Apr-2026,40212050,10607
Apr-2026,40210945,10605
Apr-2026,40208170,10598
Apr-2026,40195816,10592
Apr-2026,40210949,10589
Apr-2026,40217921,10587
Apr-2026,40199021,10586
Apr-2026,40218211,10579
Apr-2026,40199132,10578
Apr-2026,40197412,10576
Apr-2026,40218395,10571
Apr-2026,40221427,10565
Apr-2026,40204242,10560
Apr-2026,40218258,10560
Apr-2026,40217071,10558
Apr-2026,40192306,10556
Apr-2026,40208028,10554
Apr-2026,40192852,10553
Apr-2026,40209007,10544
Apr-2026,40217533,10533
Apr-2026,40210606,10525
Apr-2026,40204754,10522
Apr-2026,40212064,10521
Apr-2026,40192078,10516
Apr-2026,40194807,10515
Apr-2026,40221237,10512
Apr-2026,40208118,10511
Apr-2026,40222541,10511
Apr-2026,40223843,10510
Apr-2026,40215838,10507
Apr-2026,40200019,10489
Apr-2026,40195439,10487
Apr-2026,40203003,10487
Apr-2026,40209260,10487
Apr-2026,40217795,10487
Apr-2026,40220832,10487
Apr-2026,40197407,10486
Apr-2026,40213539,10479
Apr-2026,40214666,10479
Apr-2026,40217115,10478
Apr-2026,40214392,10471
Apr-2026,40191112,10455
Apr-2026,40222178,10449
Apr-2026,40210734,10447
Apr-2026,40212722,10442
Apr-2026,40221549,10440
Apr-2026,40200032,10436
Apr-2026,40202554,10430
Apr-2026,40136313,10428
Apr-2026,40195649,10421
Apr-2026,40214319,10416
Apr-2026,40191963,10414
Apr-2026,40194086,10413
Apr-2026,40194233,10405
Apr-2026,40202681,10395
Apr-2026,40192267,10386
Apr-2026,40194994,10378
Apr-2026,40209245,10367
Apr-2026,40219513,10366
Apr-2026,40200106,10362
Apr-2026,40222516,10361
Apr-2026,40209949,10360
Apr-2026,40216991,10340
Apr-2026,40208535,10335
Apr-2026,40198498,10326
Apr-2026,40223642,10322
Apr-2026,40216625,10321
Apr-2026,40204051,10318
Apr-2026,40205596,10312
Apr-2026,40201697,10306
Apr-2026,40208123,10305
Apr-2026,40207003,10304
Apr-2026,40204041,10295
Apr-2026,40216233,10290
Apr-2026,40220562,10290
Apr-2026,40197642,10287
Apr-2026,40210342,10285
Apr-2026,40210325,10280
Apr-2026,40192253,10266
Apr-2026,40203676,10255
Apr-2026,40211917,10254
Apr-2026,40197940,10245
Apr-2026,40195424,10244
Apr-2026,30000467,10237
Apr-2026,40205524,10237
Apr-2026,40202582,10236
Apr-2026,40192946,10225
Apr-2026,40205956,10217
Apr-2026,40192960,10213
Apr-2026,40200719,10206
Apr-2026,40202067,10203
Apr-2026,40198749,10190
Apr-2026,40197458,10169
Apr-2026,40217437,10166
Apr-2026,40211563,10162
Apr-2026,40199011,10160
Apr-2026,40205849,10156
Apr-2026,40208945,10149
Apr-2026,40216597,10143
Apr-2026,40204257,10142
Apr-2026,40222271,10140
Apr-2026,40201508,10139
Apr-2026,40215904,10132
Apr-2026,40217817,10131
Apr-2026,40213741,10130
Apr-2026,40202486,10124
Apr-2026,40216854,10123
Apr-2026,40217536,10118
Apr-2026,40210315,10116
Apr-2026,40201826,10104
Apr-2026,40206663,10101
Apr-2026,40191458,10091
Apr-2026,40191618,10083
Apr-2026,40205457,10081
Apr-2026,40188833,10074
Apr-2026,40217415,10074
Apr-2026,40203023,10072
Apr-2026,40215757,10063
Apr-2026,40212193,10061
Apr-2026,40190065,10059
Apr-2026,40223958,10052
Apr-2026,40208409,10048
Apr-2026,40220417,10048
Apr-2026,40217059,10047
Apr-2026,40199055,10039
Apr-2026,40196557,10036
Apr-2026,40196850,10036
Apr-2026,40205672,10032
Apr-2026,40208297,10032
Apr-2026,40208800,10018
Apr-2026,40196731,10008
Apr-2026,40219860,10003
Apr-2026,40216418,9993
Apr-2026,40221187,9992
Apr-2026,40215912,9990
Apr-2026,40196523,9988
Apr-2026,40219602,9983
Apr-2026,40219534,9982
Apr-2026,40189267,9972
Apr-2026,40215324,9954
Apr-2026,40193106,9953
Apr-2026,40194628,9953
Apr-2026,40193497,9942
Apr-2026,40214060,9936
Apr-2026,40219550,9932
Apr-2026,40219986,9931
Apr-2026,40197475,9917
Apr-2026,40214285,9912
Apr-2026,40207837,9905
Apr-2026,40205383,9903
Apr-2026,40219913,9902
Apr-2026,40223912,9895
Apr-2026,40219395,9885
Apr-2026,40217628,9884
Apr-2026,40199978,9876
Apr-2026,40203656,9864
Apr-2026,30000424,9863
Apr-2026,40196691,9854
Apr-2026,40214747,9848
Apr-2026,40209196,9840
Apr-2026,40207802,9839
Apr-2026,40191427,9833
Apr-2026,40213947,9794
Apr-2026,40205871,9783
Apr-2026,40210416,9778
Apr-2026,40192843,9777
Apr-2026,40212879,9775
Apr-2026,40216316,9770
Apr-2026,40221430,9769
Apr-2026,40218925,9759
Apr-2026,40202468,9746
Apr-2026,40213204,9742
Apr-2026,40207993,9737
Apr-2026,40202141,9727
Apr-2026,40202592,9725
Apr-2026,40213727,9721
Apr-2026,40189852,9718
Apr-2026,40196745,9701
Apr-2026,40206132,9697
Apr-2026,40210909,9696
Apr-2026,40190169,9695
Apr-2026,40193201,9692
Apr-2026,40203958,9690
Apr-2026,40202340,9688
Apr-2026,40189222,9686
Apr-2026,40216543,9684
Apr-2026,40200536,9673
Apr-2026,40216452,9672
Apr-2026,40212760,9671
Apr-2026,40206302,9668
Apr-2026,40218016,9668
Apr-2026,40220477,9665
Apr-2026,40216002,9652
Apr-2026,40209508,9647
Apr-2026,40197800,9641
Apr-2026,40201704,9641
Apr-2026,40190465,9639
Apr-2026,40198960,9636
Apr-2026,40196126,9631
Apr-2026,40190398,9630
Apr-2026,40191785,9619
Apr-2026,40216031,9611
Apr-2026,40193118,9609
Apr-2026,40201759,9607
Apr-2026,40191351,9600
Apr-2026,40219777,9598
Apr-2026,40203850,9593
Apr-2026,40195643,9592
Apr-2026,40198796,9583
Apr-2026,40202682,9578
Apr-2026,40216516,9574
Apr-2026,40216263,9572
Apr-2026,40206735,9563
Apr-2026,40218606,9558
Apr-2026,40196678,9556
Apr-2026,40193271,9547
Apr-2026,40216665,9546
Apr-2026,40205440,9545
Apr-2026,40212037,9541
Apr-2026,40199056,9540
Apr-2026,40208032,9539
Apr-2026,40215685,9537
Apr-2026,40215341,9530
Apr-2026,40197967,9528
Apr-2026,40204098,9527
Apr-2026,40195866,9526
Apr-2026,40199397,9520
Apr-2026,40192491,9499
Apr-2026,40202505,9490
Apr-2026,40200730,9486
Apr-2026,40211548,9466
Apr-2026,40222670,9458
Apr-2026,40223193,9433
Apr-2026,40192158,9429
Apr-2026,40193680,9414
Apr-2026,40204315,9412
Apr-2026,40204564,9407
Apr-2026,40200820,9401
Apr-2026,40193620,9399
Apr-2026,40212473,9398
Apr-2026,40214168,9387
Apr-2026,40207080,9385
Apr-2026,40219084,9385
Apr-2026,40200723,9382
Apr-2026,40204822,9382
Apr-2026,40219278,9379
Apr-2026,40220514,9378
Apr-2026,40200890,9377
Apr-2026,40207920,9372
Apr-2026,40220195,9366
Apr-2026,40213210,9363
Apr-2026,40190220,9358
Apr-2026,40204558,9356
Apr-2026,40197511,9348
Apr-2026,40202751,9346
Apr-2026,40207673,9346
Apr-2026,40199687,9343
Apr-2026,40193137,9340
Apr-2026,40194788,9338
Apr-2026,40195894,9331
Apr-2026,40216110,9324
Apr-2026,40212668,9320
Apr-2026,40203669,9316
Apr-2026,40218511,9316
Apr-2026,40211531,9314
Apr-2026,40220484,9312
Apr-2026,40217341,9310
Apr-2026,40204697,9301
Apr-2026,40197400,9294
Apr-2026,40190884,9293
Apr-2026,40222638,9293
Apr-2026,40211775,9289
Apr-2026,40206477,9288
Apr-2026,40213542,9286
Apr-2026,40221963,9275
Apr-2026,40195870,9271
Apr-2026,40212652,9269
Apr-2026,40217132,9268
Apr-2026,40215489,9263
Apr-2026,40194342,9262
Apr-2026,40207950,9262
Apr-2026,40206000,9253
Apr-2026,40197874,9250
Apr-2026,30000389,9244
Apr-2026,40193253,9243
Apr-2026,40221866,9238
Apr-2026,40204774,9236
Apr-2026,40196993,9233
Apr-2026,40197898,9233
Apr-2026,40221072,9225
Apr-2026,40202004,9219
Apr-2026,40192476,9210
Apr-2026,40194940,9209
Apr-2026,40217686,9205
Apr-2026,40190640,9204
Apr-2026,40200562,9195
Apr-2026,40216228,9194
Apr-2026,40200011,9190
Apr-2026,40195362,9187
Apr-2026,40203736,9187
Apr-2026,40210072,9175
Apr-2026,40204277,9172
Apr-2026,40204995,9170
Apr-2026,40192092,9162
Apr-2026,40216708,9157
Apr-2026,30000409,9156
Apr-2026,40212706,9146
Apr-2026,40211649,9145
Apr-2026,40218046,9144
Apr-2026,40190409,9143
Apr-2026,40199409,9138
Apr-2026,40217987,9138
Apr-2026,40210733,9135
Apr-2026,40217943,9125
Apr-2026,40213172,9119
Apr-2026,40213080,9109
Apr-2026,30000393,9100
Apr-2026,40222199,9100
Apr-2026,40209884,9093
Apr-2026,40202513,9081
Apr-2026,40204854,9081
Apr-2026,40217031,9075
Apr-2026,40193323,9063
Apr-2026,40220333,9059
Apr-2026,30000429,9051
Apr-2026,40208773,9051
Apr-2026,40193336,9049
Apr-2026,40216262,9045
Apr-2026,40199354,9042
Apr-2026,40218248,9041
Apr-2026,40218095,9039
Apr-2026,40216044,9023
Apr-2026,40204009,9013
Apr-2026,40209401,9011
Apr-2026,40217186,9005
Apr-2026,40209568,9003
Apr-2026,40211954,9003
Apr-2026,40204165,9000
Apr-2026,40195586,8997
Apr-2026,40213348,8989
Apr-2026,40202088,8987
Apr-2026,40207541,8982
Apr-2026,40196444,8977
Apr-2026,40198188,8974
Apr-2026,23281298,8970
Apr-2026,40211635,8970
Apr-2026,40205435,8967
Apr-2026,40208547,8963
Apr-2026,40198724,8961
Apr-2026,40196092,8957
Apr-2026,40209776,8955
Apr-2026,40191380,8952
Apr-2026,40196179,8938
Apr-2026,40212286,8930
Apr-2026,40213929,8930
Apr-2026,40222099,8930
Apr-2026,40216844,8927
Apr-2026,40217685,8913
Apr-2026,40191912,8912
Apr-2026,40203249,8904
Apr-2026,40193593,8900
Apr-2026,40214041,8896
Apr-2026,40209733,8892
Apr-2026,40195961,8884
Apr-2026,40199360,8876
Apr-2026,40192740,8875
Apr-2026,40201316,8865
Apr-2026,40205605,8864
Apr-2026,40209795,8863
Apr-2026,40215310,8863
Apr-2026,40194413,8857
Apr-2026,30000439,8850
Apr-2026,40192336,8845
Apr-2026,40206642,8844
Apr-2026,40202785,8842
Apr-2026,40221639,8828
Apr-2026,40220189,8827
Apr-2026,40206702,8822
Apr-2026,40195048,8819
Apr-2026,40218864,8815
Apr-2026,40187866,8805
Apr-2026,40214387,8803
Apr-2026,40207745,8802
Apr-2026,40207042,8788
Apr-2026,40217468,8781
Apr-2026,40204671,8777
Apr-2026,40210170,8772
Apr-2026,40193104,8770
Apr-2026,40208757,8767
Apr-2026,40211187,8765
Apr-2026,40217950,8762
Apr-2026,40201607,8758
Apr-2026,40206015,8741
Apr-2026,40213702,8739
Apr-2026,40193814,8738
Apr-2026,40194011,8738
Apr-2026,40212124,8736
Apr-2026,40192665,8731
Apr-2026,40214358,8731
Apr-2026,40190679,8725
Apr-2026,40197208,8721
Apr-2026,40217488,8720
Apr-2026,40207696,8711
Apr-2026,40206496,8710
Apr-2026,40209072,8701
Apr-2026,40195768,8700
Apr-2026,40221126,8695
Apr-2026,40195777,8692
Apr-2026,40221179,8691
Apr-2026,40213108,8684
Apr-2026,40192616,8678
Apr-2026,40198861,8678
Apr-2026,40193141,8676
Apr-2026,40216659,8676
Apr-2026,40197311,8675
Apr-2026,40209330,8675
Apr-2026,40201768,8673
Apr-2026,40202376,8666
Apr-2026,40210718,8648
Apr-2026,40212077,8646
Apr-2026,40220665,8644
Apr-2026,40204615,8635
Apr-2026,40192034,8633
Apr-2026,40195384,8619
Apr-2026,40208695,8613
Apr-2026,40216981,8612
Apr-2026,40212866,8608
Apr-2026,40215014,8606
Apr-2026,40218694,8598
Apr-2026,40194936,8595
Apr-2026,40200540,8593
Apr-2026,40195440,8592
Apr-2026,40219474,8592
Apr-2026,40221232,8591
Apr-2026,40209427,8582
Apr-2026,40202404,8573
Apr-2026,40198639,8570
Apr-2026,40203470,8553
Apr-2026,40198467,8550
Apr-2026,40192407,8549
Apr-2026,40219309,8548
Apr-2026,40214448,8545
Apr-2026,40200307,8530
Apr-2026,40216893,8530
Apr-2026,40220529,8529
Apr-2026,40220657,8529
Apr-2026,40209490,8524
Apr-2026,40217030,8521
Apr-2026,40203127,8518
Apr-2026,40202917,8516
Apr-2026,40203387,8507
Apr-2026,40208882,8503
Apr-2026,40191163,8500
Apr-2026,40214032,8498
Apr-2026,40214132,8487
Apr-2026,40197678,8485
Apr-2026,40202202,8484
Apr-2026,40195294,8481
Apr-2026,40218180,8480
Apr-2026,40194374,8479
Apr-2026,40210317,8478
Apr-2026,40216334,8478
Apr-2026,40195124,8477
Apr-2026,40213470,8477
Apr-2026,40211631,8469
Apr-2026,40189598,8466
Apr-2026,40213694,8466
Apr-2026,40194642,8465
Apr-2026,40211501,8463
Apr-2026,40213264,8462
Apr-2026,40218217,8462
Apr-2026,40200777,8457
Apr-2026,40204370,8453
Apr-2026,40213371,8453
Apr-2026,40199457,8449
Apr-2026,40217118,8440
Apr-2026,40202402,8439
Apr-2026,40207415,8438
Apr-2026,40217445,8424
Apr-2026,40199633,8423
Apr-2026,40197283,8416
Apr-2026,40216275,8408
Apr-2026,40199551,8407
Apr-2026,40209124,8404
Apr-2026,40198209,8401
Apr-2026,40213412,8397
Apr-2026,40199053,8396
Apr-2026,40218136,8396
Apr-2026,30000418,8385
Apr-2026,40202501,8382
Apr-2026,40197767,8380
Apr-2026,40221585,8378
Apr-2026,40198336,8374
Apr-2026,40214793,8371
Apr-2026,40212206,8366
Apr-2026,40187667,8362
Apr-2026,40196955,8362
Apr-2026,40207290,8362
Apr-2026,40209494,8360
Apr-2026,40189650,8359
Apr-2026,40221848,8355
Apr-2026,40192104,8354
Apr-2026,40193568,8352
Apr-2026,40188983,8346
Apr-2026,40192595,8342
Apr-2026,40213147,8339
Apr-2026,40203709,8338
Apr-2026,40196431,8335
Apr-2026,40196897,8331
Apr-2026,40202346,8325
Apr-2026,40204222,8325
Apr-2026,40221939,8324
Apr-2026,40206933,8320
Apr-2026,40194276,8309
Apr-2026,40215548,8309
Apr-2026,40220509,8302
Apr-2026,40194654,8301
Apr-2026,40206533,8293
Apr-2026,40194835,8288
Apr-2026,40195886,8280
Apr-2026,40204389,8280
Apr-2026,40194720,8277
Apr-2026,40199485,8277
Apr-2026,40195529,8273
Apr-2026,40203128,8271
Apr-2026,40210023,8271
Apr-2026,40191007,8270
Apr-2026,40194953,8270
Apr-2026,40221211,8269
Apr-2026,40223969,8269
Apr-2026,40195693,8264
Apr-2026,40200620,8259
Apr-2026,40214963,8253
Apr-2026,40210408,8249
Apr-2026,40200681,8245
Apr-2026,40219095,8242
Apr-2026,40194644,8235
Apr-2026,40195577,8235
Apr-2026,40200812,8231
Apr-2026,40196344,8229
Apr-2026,40218967,8220
Apr-2026,30000487,8207
Apr-2026,40209751,8205
Apr-2026,40188022,8203
Apr-2026,40193436,8197
Apr-2026,40209584,8194
Apr-2026,40205399,8184
Apr-2026,40212768,8184
Apr-2026,40194271,8175
Apr-2026,40191997,8174
Apr-2026,40199716,8173
Apr-2026,40191259,8172
Apr-2026,40188643,8167
Apr-2026,40200725,8155
Apr-2026,40190698,8152
Apr-2026,40219710,8152
Apr-2026,40196810,8149
Apr-2026,40220345,8145
Apr-2026,40190263,8141
Apr-2026,40208582,8141
Apr-2026,40187586,8138
Apr-2026,40216034,8137
Apr-2026,40198348,8135
Apr-2026,40203020,8132
Apr-2026,40222956,8120
Apr-2026,40195884,8116
Apr-2026,40195184,8115
Apr-2026,40220070,8115
Apr-2026,40193655,8113
Apr-2026,40198569,8112
Apr-2026,40213396,8107
Apr-2026,40191361,8099
Apr-2026,40193963,8099
Apr-2026,40201910,8092
Apr-2026,40203596,8091
Apr-2026,40220213,8091
Apr-2026,40214147,8088
Apr-2026,40191178,8084
Apr-2026,40200155,8079
Apr-2026,40204087,8078
Apr-2026,40198686,8077
Apr-2026,40195530,8062
Apr-2026,40188185,8058
Apr-2026,40212391,8055
Apr-2026,40200370,8051
Apr-2026,40206988,8047
Apr-2026,40215205,8046
Apr-2026,40218921,8046
Apr-2026,40213988,8044
Apr-2026,40206216,8042
Apr-2026,40190223,8041
Apr-2026,40191272,8041
Apr-2026,40223198,8033
Apr-2026,40210897,8029
Apr-2026,40216378,8029
Apr-2026,40190490,8027
Apr-2026,40194542,8027
Apr-2026,40220130,8022
Apr-2026,40060033,8018
Apr-2026,40201367,8016
Apr-2026,40212615,8009
Apr-2026,40197959,8007
Apr-2026,40203971,7999
Apr-2026,40194436,7998
Apr-2026,40213145,7996
Apr-2026,40221206,7992
Apr-2026,40217205,7990
Apr-2026,30000414,7988
Apr-2026,40195411,7988
Apr-2026,40210412,7986
Apr-2026,40199211,7984
Apr-2026,40190779,7979
Apr-2026,40202652,7979
Apr-2026,40191331,7977
Apr-2026,40202834,7974
Apr-2026,40197765,7971
Apr-2026,40203978,7971
Apr-2026,40220051,7970
Apr-2026,40193532,7959
Apr-2026,40206313,7951
Apr-2026,40193341,7946
Apr-2026,40205284,7941
Apr-2026,40219484,7941
Apr-2026,40212237,7938
Apr-2026,40196885,7933
Apr-2026,40212881,7933
Apr-2026,40198240,7928
Apr-2026,40198523,7928
Apr-2026,40211139,7928
Apr-2026,40222196,7924
Apr-2026,40218452,7922
Apr-2026,40212500,7918
Apr-2026,40215244,7916
Apr-2026,40194007,7914
Apr-2026,40212789,7913
Apr-2026,40212574,7912
Apr-2026,40200979,7911
Apr-2026,40191078,7908
Apr-2026,40214480,7905
Apr-2026,40216832,7899
Apr-2026,40221450,7899
Apr-2026,40197362,7894
Apr-2026,40222866,7893
Apr-2026,40202926,7892
Apr-2026,40204796,7890
Apr-2026,40212952,7885
Apr-2026,40198071,7881
Apr-2026,40220576,7880
Apr-2026,40209663,7870
Apr-2026,40220691,7864
Apr-2026,40215767,7861
Apr-2026,40221200,7861
Apr-2026,40204727,7860
Apr-2026,40219431,7859
Apr-2026,40189451,7857
Apr-2026,40216384,7853
Apr-2026,40192603,7852
Apr-2026,40215553,7843
Apr-2026,40205206,7842
Apr-2026,40197270,7827
Apr-2026,40207190,7826
Apr-2026,40199238,7824
Apr-2026,40207148,7823
Apr-2026,40222461,7823
Apr-2026,40202981,7819
Apr-2026,40190768,7818
Apr-2026,40197631,7818
Apr-2026,40208918,7815
Apr-2026,40190922,7811
Apr-2026,40194022,7811
Apr-2026,40215658,7810
Apr-2026,40192066,7805
Apr-2026,40210434,7795
Apr-2026,40210018,7794
Apr-2026,40190270,7792
Apr-2026,40215250,7790
Apr-2026,40197932,7784
Apr-2026,40202806,7780
Apr-2026,40207923,7764
Apr-2026,40208077,7761
Apr-2026,40216878,7756
Apr-2026,40191877,7755
Apr-2026,40197344,7747
Apr-2026,40202924,7745
Apr-2026,40198192,7743
Apr-2026,40201215,7731
Apr-2026,40214321,7727
Apr-2026,40204574,7726
Apr-2026,40222508,7725
Apr-2026,40201083,7716
Apr-2026,40197140,7714
Apr-2026,40208169,7712
Apr-2026,40190836,7707
Apr-2026,40195847,7703
Apr-2026,40220306,7703
Apr-2026,40203013,7702
Apr-2026,40211277,7700
Apr-2026,40223359,7699
Apr-2026,40201013,7692
Apr-2026,40195251,7682
Apr-2026,40208820,7681
Apr-2026,40210278,7678
Apr-2026,40203015,7673
Apr-2026,40205947,7669
Apr-2026,40216053,7667
Apr-2026,40223448,7667
Apr-2026,40216608,7664
Apr-2026,40196668,7649
Apr-2026,40197427,7645
Apr-2026,40200682,7640
Apr-2026,40192828,7637
Apr-2026,40217881,7634
Apr-2026,40213397,7631
Apr-2026,40209896,7627
Apr-2026,40208314,7620
Apr-2026,40210891,7617
Apr-2026,40193819,7615
Apr-2026,40194523,7615
Apr-2026,40190501,7611
Apr-2026,40223154,7605
Apr-2026,40217174,7604
Apr-2026,30000470,7603
Apr-2026,40223131,7602
Apr-2026,40208031,7599
Apr-2026,40200810,7596
Apr-2026,40217141,7588
Apr-2026,40189963,7579
Apr-2026,40208930,7571
Apr-2026,40194952,7558
Apr-2026,40202905,7556
Apr-2026,40200250,7550
Apr-2026,40205225,7543
Apr-2026,40191406,7536
Apr-2026,40192027,7536
Apr-2026,40191675,7533
Apr-2026,40200197,7530
Apr-2026,40192193,7525
Apr-2026,40217235,7523
Apr-2026,40197419,7521
Apr-2026,40191074,7507
Apr-2026,40209782,7507
Apr-2026,40219147,7507
Apr-2026,40192056,7494
Apr-2026,40205071,7493
Apr-2026,40190171,7491
Apr-2026,40219101,7491
Apr-2026,40197928,7481
Apr-2026,40218716,7477
Apr-2026,40220756,7476
Apr-2026,40222948,7474
Apr-2026,40195681,7471
Apr-2026,40190410,7467
Apr-2026,40199595,7466
Apr-2026,40195659,7463
Apr-2026,40214426,7461
Apr-2026,40203381,7459
Apr-2026,40192044,7453
Apr-2026,40218778,7452
Apr-2026,40216915,7447
Apr-2026,40201983,7437
Apr-2026,40221401,7436
Apr-2026,40202817,7431
Apr-2026,40192513,7430
Apr-2026,40194826,7429
Apr-2026,40211653,7424
Apr-2026,40223770,7424
Apr-2026,40222844,7414
Apr-2026,40212333,7413
Apr-2026,40201749,7410
Apr-2026,40217003,7399
Apr-2026,40208494,7398
Apr-2026,40213282,7397
Apr-2026,40192311,7395
Apr-2026,40207261,7393
Apr-2026,40223719,7387
Apr-2026,40211845,7385
Apr-2026,40214050,7379
Apr-2026,40191398,7374
Apr-2026,40207850,7374
Apr-2026,40199240,7373
Apr-2026,40195151,7371
Apr-2026,40205793,7368
Apr-2026,40194336,7367
Apr-2026,40220310,7366
Apr-2026,40200542,7356
Apr-2026,40217126,7355
Apr-2026,40214009,7352
Apr-2026,40203795,7349
Apr-2026,40215793,7346
Apr-2026,40221203,7344
Apr-2026,40194902,7342
Apr-2026,40191521,7340
Apr-2026,40209530,7335
Apr-2026,40214390,7335
Apr-2026,40193050,7334
Apr-2026,40196429,7333
Apr-2026,40201673,7332
Apr-2026,40213284,7331
Apr-2026,40202710,7327
Apr-2026,40216952,7327
Apr-2026,40210600,7322
Apr-2026,40176634,7317
Apr-2026,40188980,7317
Apr-2026,40204255,7316
Apr-2026,40221871,7311
Apr-2026,40220750,7303
Apr-2026,40218129,7302
Apr-2026,40200625,7301
Apr-2026,40210690,7294
Apr-2026,40200802,7291
Apr-2026,40223196,7278
Apr-2026,40210103,7277
Apr-2026,40205077,7276
Apr-2026,40201207,7274
Apr-2026,40207458,7270
Apr-2026,40214867,7269
Apr-2026,40221163,7267
Apr-2026,40203289,7266
Apr-2026,40193617,7264
Apr-2026,40216353,7255
Apr-2026,40209169,7250
Apr-2026,40217906,7249
Apr-2026,30000437,7245
Apr-2026,40200693,7242
Apr-2026,40220413,7233
Apr-2026,40210260,7228
Apr-2026,40209620,7220
Apr-2026,40195359,7218
Apr-2026,40213048,7218
Apr-2026,40221547,7218
Apr-2026,40211120,7216
Apr-2026,40212566,7211
Apr-2026,40218267,7209
Apr-2026,40210967,7205
Apr-2026,40190491,7203
Apr-2026,40194365,7200
Apr-2026,40215181,7199
Apr-2026,40200642,7192
Apr-2026,40219524,7192
Apr-2026,40192081,7190
Apr-2026,40202347,7182
Apr-2026,40216238,7182
Apr-2026,40221845,7180
Apr-2026,40213316,7175
Apr-2026,40200771,7172
Apr-2026,40204176,7166
Apr-2026,40199990,7165
Apr-2026,40200059,7159
Apr-2026,40212062,7158
Apr-2026,40194707,7157
Apr-2026,40222401,7157
Apr-2026,40208832,7151
Apr-2026,40210989,7149
Apr-2026,40213176,7145
Apr-2026,40195185,7141
Apr-2026,40206306,7139
Apr-2026,40199625,7135
Apr-2026,40216066,7131
Apr-2026,40206639,7130
Apr-2026,40197790,7125
Apr-2026,40207792,7124
Apr-2026,40203005,7120
Apr-2026,40220662,7120
Apr-2026,40215597,7119
Apr-2026,40218838,7118
Apr-2026,40208885,7115
Apr-2026,40191347,7107
Apr-2026,40196411,7102
Apr-2026,40200450,7102
Apr-2026,40220897,7100
Apr-2026,40189969,7097
Apr-2026,40201595,7097
Apr-2026,40220570,7093
Apr-2026,40192061,7092
Apr-2026,40194579,7092
Apr-2026,30000464,7091
Apr-2026,15437059,7078
Apr-2026,40212616,7074
Apr-2026,40214945,7072
Apr-2026,40214757,7070
Apr-2026,40218393,7066
Apr-2026,40206099,7063
Apr-2026,40203151,7061
Apr-2026,40203370,7059
Apr-2026,40215989,7059
Apr-2026,40193530,7057
Apr-2026,40196342,7056
Apr-2026,40205329,7055
Apr-2026,40189539,7048
Apr-2026,40192281,7036
Apr-2026,40219848,7036
Apr-2026,40218625,7032
Apr-2026,40197374,7030
Apr-2026,40192184,7026
Apr-2026,40198951,7022
Apr-2026,40204610,7020
Apr-2026,40202935,7017
Apr-2026,40205462,7015
Apr-2026,40216686,7010
Apr-2026,40192500,7007
Apr-2026,40205645,7007
Apr-2026,40216204,7000
Apr-2026,40221814,7000
Apr-2026,40209348,6995
Apr-2026,40204871,6994
Apr-2026,40210924,6993
Apr-2026,40207060,6990
Apr-2026,40211621,6990
Apr-2026,40189355,6983
Apr-2026,40191439,6980
Apr-2026,40216405,6976
Apr-2026,40199985,6975
Apr-2026,40198428,6966
Apr-2026,40201778,6961
Apr-2026,40218966,6961
Apr-2026,40189131,6958
Apr-2026,40217496,6954
Apr-2026,40196903,6953
Apr-2026,40222324,6949
Apr-2026,40194655,6947
Apr-2026,40196377,6946
Apr-2026,40215509,6944
Apr-2026,40191563,6943
Apr-2026,40200760,6939
Apr-2026,40192263,6937
Apr-2026,40199919,6936
Apr-2026,40220641,6933
Apr-2026,40194127,6932
Apr-2026,40191447,6930
Apr-2026,40197751,6929
Apr-2026,40223938,6929
Apr-2026,40212121,6924
Apr-2026,40201765,6920
Apr-2026,40185938,6915
Apr-2026,40192362,6909
Apr-2026,40198813,6908
Apr-2026,40197069,6903
Apr-2026,40194587,6899
Apr-2026,40189797,6887
Apr-2026,40201997,6884
Apr-2026,40193810,6881
Apr-2026,40186784,6879
Apr-2026,40192842,6879
Apr-2026,40220619,6878
Apr-2026,40195004,6873
Apr-2026,40214690,6872
Apr-2026,40219924,6872
Apr-2026,40216208,6869
Apr-2026,40218239,6869
Apr-2026,40196301,6859
Apr-2026,40218259,6859
Apr-2026,40212100,6857
Apr-2026,40193242,6856
Apr-2026,40214844,6852
Apr-2026,40189214,6850
Apr-2026,40219279,6850
Apr-2026,40204657,6844
Apr-2026,40209512,6844
Apr-2026,40192439,6835
Apr-2026,40199110,6831
Apr-2026,40193837,6827
Apr-2026,40196150,6827
Apr-2026,40193786,6826
Apr-2026,40190848,6818
Apr-2026,40204355,6815
Apr-2026,40193510,6814
Apr-2026,40217218,6813
Apr-2026,40219990,6802
Apr-2026,40203443,6797
Apr-2026,40218384,6791
Apr-2026,40219122,6787
Apr-2026,40199955,6786
Apr-2026,30000441,6780
Apr-2026,40201493,6779
Apr-2026,40206853,6778
Apr-2026,40207050,6777
Apr-2026,40201216,6773
Apr-2026,40206688,6773
Apr-2026,40218087,6772
Apr-2026,40198147,6769
Apr-2026,40204089,6769
Apr-2026,40221507,6768
Apr-2026,40218705,6764
Apr-2026,40216344,6763
Apr-2026,40189624,6760
Apr-2026,40207357,6760
Apr-2026,40217900,6758
Apr-2026,40222648,6755
Apr-2026,40198429,6746
Apr-2026,40217611,6739
Apr-2026,40207296,6738
Apr-2026,40196118,6732
Apr-2026,40201319,6731
Apr-2026,40201295,6723
Apr-2026,40207814,6718
Apr-2026,40197492,6716
Apr-2026,40221876,6714
Apr-2026,40209201,6712
Apr-2026,40189272,6703
Apr-2026,40212013,6698
Apr-2026,40195572,6696
Apr-2026,40219528,6691
Apr-2026,40197386,6688
Apr-2026,40194947,6687
Apr-2026,40200833,6687
Apr-2026,40206280,6687
Apr-2026,40202615,6685
Apr-2026,40202636,6683
Apr-2026,40209526,6682
Apr-2026,40222469,6680
Apr-2026,40202749,6678
Apr-2026,40191569,6672
Apr-2026,40208655,6672
Apr-2026,40198217,6670
Apr-2026,40207484,6647
Apr-2026,40221107,6647
Apr-2026,40216510,6645
Apr-2026,40210903,6642
Apr-2026,40204127,6639
Apr-2026,40210615,6638
Apr-2026,40198606,6635
Apr-2026,40190173,6632
Apr-2026,40193522,6630
Apr-2026,40199629,6629
Apr-2026,40219716,6629
Apr-2026,40197636,6627
Apr-2026,40205042,6625
Apr-2026,40213047,6625
Apr-2026,40196990,6618
Apr-2026,40203816,6618
Apr-2026,40200443,6616
Apr-2026,40199819,6615
Apr-2026,40223400,6614
Apr-2026,40215907,6613
Apr-2026,40213256,6612
Apr-2026,40205987,6605
Apr-2026,40214696,6604
Apr-2026,40199483,6602
Apr-2026,40216772,6602
Apr-2026,40219176,6601
Apr-2026,40201264,6599
Apr-2026,40207429,6595
Apr-2026,40215009,6594
Apr-2026,40201373,6593
Apr-2026,40189526,6591
Apr-2026,40207508,6587
Apr-2026,40193812,6583
Apr-2026,40188917,6581
Apr-2026,40196436,6576
Apr-2026,40208406,6576
Apr-2026,40194176,6574
Apr-2026,40200252,6574
Apr-2026,40207858,6564
Apr-2026,40192115,6560
Apr-2026,40207741,6554
Apr-2026,40198319,6552
Apr-2026,40219981,6545
Apr-2026,40206873,6544
Apr-2026,40208184,6543
Apr-2026,23462073,6538
Apr-2026,40194635,6537
Apr-2026,40210014,6537
Apr-2026,40191705,6535
Apr-2026,40205185,6535
Apr-2026,40190745,6533
Apr-2026,40218797,6531
Apr-2026,40209970,6524
Apr-2026,40213342,6514
Apr-2026,40213996,6513
Apr-2026,40211285,6500
Apr-2026,40218614,6499
Apr-2026,40221418,6487
Apr-2026,40220079,6485
Apr-2026,40207532,6484
Apr-2026,40210520,6482
Apr-2026,40208204,6480
Apr-2026,40220069,6479
Apr-2026,40216491,6477
Apr-2026,40217278,6477
Apr-2026,40189889,6476
Apr-2026,40198493,6476
Apr-2026,40200154,6476
Apr-2026,40216984,6467
Apr-2026,40203298,6466
Apr-2026,40206168,6466
Apr-2026,40192610,6464
Apr-2026,40219296,6464
Apr-2026,30000407,6463
Apr-2026,40207737,6462
Apr-2026,40200053,6459
Apr-2026,40209616,6458
Apr-2026,40194518,6457
Apr-2026,40208633,6456
Apr-2026,40209737,6453
Apr-2026,40216294,6451
Apr-2026,40221070,6450
Apr-2026,40217377,6448
Apr-2026,40201251,6443
Apr-2026,23356930,6442
Apr-2026,40208254,6441
Apr-2026,40191497,6438
Apr-2026,40194862,6438
Apr-2026,40221777,6432
Apr-2026,40202547,6431
Apr-2026,40216520,6428
Apr-2026,40206339,6426
Apr-2026,40212685,6426
Apr-2026,40204030,6424
Apr-2026,40217826,6420
Apr-2026,40194404,6416
Apr-2026,40221541,6416
Apr-2026,40209051,6415
Apr-2026,40217125,6414
Apr-2026,40218097,6413
Apr-2026,40192389,6412
Apr-2026,40205661,6410
Apr-2026,40221525,6410
Apr-2026,40200732,6409
Apr-2026,40203384,6409
Apr-2026,40200598,6398
Apr-2026,40201837,6397
Apr-2026,40191281,6393
Apr-2026,40201638,6392
Apr-2026,40211753,6389
Apr-2026,40193861,6386
Apr-2026,40193353,6385
Apr-2026,40222802,6383
Apr-2026,40217616,6370
Apr-2026,40198540,6363
Apr-2026,40196832,6362
Apr-2026,40210316,6361
Apr-2026,30000387,6352
Apr-2026,40202138,6348
Apr-2026,40201347,6346
Apr-2026,40197058,6345
Apr-2026,40208416,6342
Apr-2026,40214224,6338
Apr-2026,40219542,6338
Apr-2026,40219676,6335
Apr-2026,30000433,6331
Apr-2026,40219401,6324
Apr-2026,40201461,6320
Apr-2026,40216161,6320
Apr-2026,40194263,6313
Apr-2026,40189832,6310
Apr-2026,40212609,6309
Apr-2026,40208382,6304
Apr-2026,40220913,6296
Apr-2026,40216155,6291
Apr-2026,40204743,6289
Apr-2026,40204076,6287
Apr-2026,40193821,6284
Apr-2026,40193823,6279
Apr-2026,40205276,6278
Apr-2026,40218044,6274
Apr-2026,40222525,6274
Apr-2026,40203952,6267
Apr-2026,40202066,6263
Apr-2026,40209091,6259
Apr-2026,40216435,6257
Apr-2026,40207683,6255
Apr-2026,40211037,6254
Apr-2026,40221694,6247
Apr-2026,40223882,6244
Apr-2026,40194473,6242
Apr-2026,40201217,6236
Apr-2026,40215126,6230
Apr-2026,40202814,6225
Apr-2026,40218193,6224
Apr-2026,40203029,6222
Apr-2026,40208281,6222
Apr-2026,40211714,6222
Apr-2026,40210069,6214
Apr-2026,40191866,6209
Apr-2026,40209209,6209
Apr-2026,40192503,6208
Apr-2026,40209152,6207
Apr-2026,40220259,6207
Apr-2026,40199673,6206
Apr-2026,40208107,6202
Apr-2026,40218041,6202
Apr-2026,40212431,6199
Apr-2026,40190888,6187
Apr-2026,40195316,6184
Apr-2026,40205912,6180
Apr-2026,40201093,6179
Apr-2026,40201442,6174
Apr-2026,40222633,6172
Apr-2026,40216048,6171
Apr-2026,40190781,6167
Apr-2026,40207672,6164
Apr-2026,40212503,6164
Apr-2026,40219828,6164
Apr-2026,40204797,6162
Apr-2026,40220320,6156
Apr-2026,40222124,6156
Apr-2026,40191079,6155
Apr-2026,40203712,6155
Apr-2026,40219114,6155
Apr-2026,40195848,6152
Apr-2026,40197774,6149
Apr-2026,40219997,6143
Apr-2026,40196097,6139
Apr-2026,40217211,6137
Apr-2026,40213191,6134
Apr-2026,40214205,6134
Apr-2026,40214574,6134
Apr-2026,40204263,6126
Apr-2026,40219607,6126
Apr-2026,40212327,6125
Apr-2026,40218304,6117
Apr-2026,40192611,6111
Apr-2026,40215746,6111
Apr-2026,40193886,6110
Apr-2026,40214249,6105
Apr-2026,40203715,6104
Apr-2026,40218964,6103
Apr-2026,40190805,6101
Apr-2026,40209016,6099
Apr-2026,40214451,6092
Apr-2026,40211899,6089
Apr-2026,40216232,6088
Apr-2026,40191628,6087
Apr-2026,40209022,6085
Apr-2026,40198965,6083
Apr-2026,40222142,6077
Apr-2026,40201995,6075
Apr-2026,40214474,6074
Apr-2026,40221917,6071
Apr-2026,40205878,6070
Apr-2026,40211984,6070
Apr-2026,40196961,6068
Apr-2026,40220803,6064
Apr-2026,40206902,6059
Apr-2026,40214718,6055
Apr-2026,40196979,6054
Apr-2026,40187513,6051
Apr-2026,40210716,6046
Apr-2026,40194406,6039
Apr-2026,40195525,6038
Apr-2026,40212126,6034
Apr-2026,40210810,6032
Apr-2026,40214463,6032
Apr-2026,40202812,6030
Apr-2026,40202288,6028
Apr-2026,40203991,6024
Apr-2026,40198468,6023
Apr-2026,40197576,6013
Apr-2026,40206651,6012
Apr-2026,40207325,6007
Apr-2026,40197946,6005
Apr-2026,40198323,6004
Apr-2026,40222581,6003
Apr-2026,40202212,6002
Apr-2026,40219984,6001
Apr-2026,40189423,6000
Apr-2026,40198344,5997
Apr-2026,40221409,5997
Apr-2026,40219731,5996
Apr-2026,40207831,5995
Apr-2026,40218221,5995
Apr-2026,40195962,5994
Apr-2026,40191408,5990
Apr-2026,40210808,5990
Apr-2026,40213070,5990
Apr-2026,40210496,5986
Apr-2026,40223460,5985
Apr-2026,40218082,5982
Apr-2026,40194045,5974
Apr-2026,40197299,5974
Apr-2026,40218665,5972
Apr-2026,40215807,5971
Apr-2026,40210805,5970
Apr-2026,40213912,5966
Apr-2026,40194019,5965
Apr-2026,40206942,5965
Apr-2026,40199802,5964
Apr-2026,40205356,5951
Apr-2026,40216113,5950
Apr-2026,40203255,5944
Apr-2026,40215908,5942
Apr-2026,40215541,5940
Apr-2026,40193726,5935
Apr-2026,40208846,5933
Apr-2026,40211511,5926
Apr-2026,40196467,5925
Apr-2026,40219078,5925
Apr-2026,40206580,5923
Apr-2026,30000380,5920
Apr-2026,40207031,5916
Apr-2026,40190259,5914
Apr-2026,40193240,5912
Apr-2026,40193413,5908
Apr-2026,40202367,5908
Apr-2026,40207079,5908
Apr-2026,40202573,5907
Apr-2026,40207175,5906
Apr-2026,40202920,5901
Apr-2026,40201750,5897
Apr-2026,40191404,5895
Apr-2026,40210165,5895
Apr-2026,40190018,5893
Apr-2026,40196747,5893
Apr-2026,20920129,5892
Apr-2026,40194341,5892
Apr-2026,40214544,5890
Apr-2026,40214939,5890
Apr-2026,40211293,5885
Apr-2026,40210488,5883
Apr-2026,40193591,5880
Apr-2026,40218411,5878
Apr-2026,40195283,5875
Apr-2026,40193448,5872
Apr-2026,40197797,5871
Apr-2026,40206464,5869
Apr-2026,40199592,5865
Apr-2026,40219879,5864
Apr-2026,40191208,5863
Apr-2026,40218356,5862
Apr-2026,40202387,5860
Apr-2026,40194368,5859
Apr-2026,40216697,5859
Apr-2026,40198925,5857
Apr-2026,40194945,5855
Apr-2026,40207701,5855
Apr-2026,40221236,5853
Apr-2026,40204114,5846
Apr-2026,40211379,5846
Apr-2026,40213054,5846
Apr-2026,40214960,5841
Apr-2026,40202242,5840
Apr-2026,40220634,5835
Apr-2026,40207368,5834
Apr-2026,40213366,5834
Apr-2026,40202417,5833
Apr-2026,40206143,5816
Apr-2026,40218236,5816
Apr-2026,40193913,5815
Apr-2026,40211367,5814
Apr-2026,40190688,5811
Apr-2026,40200050,5811
Apr-2026,40207724,5810
Apr-2026,40211291,5810
Apr-2026,40187041,5804
Apr-2026,40218297,5804
Apr-2026,40189809,5802
Apr-2026,40212366,5802
Apr-2026,40198015,5800
Apr-2026,40215822,5799
Apr-2026,40208315,5798
Apr-2026,40207751,5796
Apr-2026,40218015,5796
Apr-2026,40202631,5794
Apr-2026,40222482,5791
Apr-2026,40218859,5790
Apr-2026,40205942,5786
Apr-2026,40193962,5784
Apr-2026,40195321,5784
Apr-2026,40211581,5784
Apr-2026,40193437,5783
Apr-2026,40207186,5783
Apr-2026,40216011,5783
Apr-2026,40211588,5782
Apr-2026,40223346,5776
Apr-2026,40214704,5775
Apr-2026,40195567,5774
Apr-2026,40208852,5770
Apr-2026,40197351,5768
Apr-2026,40191429,5767
Apr-2026,40222611,5767
Apr-2026,40194048,5766
Apr-2026,40212863,5766
Apr-2026,40218731,5762
Apr-2026,40210881,5761
Apr-2026,40214262,5760
Apr-2026,40222053,5760
Apr-2026,40209595,5759
Apr-2026,40203174,5758
Apr-2026,40201506,5756
Apr-2026,40198938,5753
Apr-2026,40196016,5750
Apr-2026,40195834,5748
Apr-2026,40199775,5747
Apr-2026,40214144,5747
Apr-2026,40204088,5740
Apr-2026,40223273,5738
Apr-2026,40198809,5737
Apr-2026,40192031,5736
Apr-2026,40209236,5733
Apr-2026,40208563,5732
Apr-2026,40211658,5730
Apr-2026,40221052,5730
Apr-2026,40217564,5727
Apr-2026,40218315,5726
Apr-2026,40199332,5723
Apr-2026,40203433,5722
Apr-2026,40214692,5715
Apr-2026,40215524,5715
Apr-2026,40196364,5714
Apr-2026,40199545,5706
Apr-2026,40199649,5706
Apr-2026,40189591,5705
Apr-2026,40212205,5704
Apr-2026,40206728,5703
Apr-2026,40211398,5703
Apr-2026,40215004,5701
Apr-2026,40193847,5698
Apr-2026,40195497,5692
Apr-2026,40223590,5689
Apr-2026,40199691,5684
Apr-2026,40203920,5681
Apr-2026,40221098,5681
Apr-2026,40223209,5679
Apr-2026,40219841,5667
Apr-2026,40212924,5662
Apr-2026,40221446,5661
Apr-2026,40196064,5660
Apr-2026,40204119,5657
Apr-2026,40199255,5656
Apr-2026,40205756,5656
Apr-2026,40211552,5647
Apr-2026,40203748,5646
Apr-2026,40210387,5644
Apr-2026,40202799,5643
Apr-2026,40214601,5643
Apr-2026,40186657,5642
Apr-2026,40204270,5641
Apr-2026,40214454,5641
Apr-2026,40193742,5639
Apr-2026,40221271,5639
Apr-2026,40197357,5638
Apr-2026,40219678,5637
Apr-2026,40217625,5634
Apr-2026,40217762,5633
Apr-2026,40212318,5631
Apr-2026,40218121,5631
Apr-2026,40205507,5630
Apr-2026,40207585,5629
Apr-2026,40222241,5627
Apr-2026,40192897,5626
Apr-2026,40202500,5625
Apr-2026,40198140,5624
Apr-2026,40213130,5624
Apr-2026,40203140,5623
Apr-2026,40203690,5622
Apr-2026,40203067,5618
Apr-2026,40195080,5617
Apr-2026,40223738,5616
Apr-2026,40222522,5609
Apr-2026,40213633,5607
Apr-2026,40191736,5606
Apr-2026,40200008,5605
Apr-2026,40197699,5601
Apr-2026,40192368,5600
Apr-2026,40218639,5600
Apr-2026,40209862,5596
Apr-2026,40210773,5593
Apr-2026,40213438,5589
Apr-2026,40214512,5587
Apr-2026,40192339,5585
Apr-2026,40220925,5585
Apr-2026,40223879,5585
Apr-2026,40204033,5583
Apr-2026,40221735,5582
Apr-2026,40216480,5579
Apr-2026,40213660,5575
Apr-2026,40217005,5572
Apr-2026,40211881,5571
Apr-2026,40200282,5569
Apr-2026,40214621,5569
Apr-2026,40196374,5567
Apr-2026,40221597,5567
Apr-2026,40208135,5566
Apr-2026,40210366,5565
Apr-2026,40214600,5564
Apr-2026,40197078,5560
Apr-2026,40221610,5557
Apr-2026,40210437,5554
Apr-2026,40192247,5553
Apr-2026,40192622,5550
Apr-2026,40203282,5550
Apr-2026,40222340,5547
Apr-2026,40197042,5544
Apr-2026,40210422,5544
Apr-2026,40220628,5544
Apr-2026,40222460,5542
Apr-2026,40205013,5540
Apr-2026,40219347,5534
Apr-2026,40202678,5533
Apr-2026,40221681,5529
Apr-2026,40190860,5524
Apr-2026,40213121,5524
Apr-2026,40211510,5522
Apr-2026,40220321,5521
Apr-2026,40221138,5521
Apr-2026,40195733,5515
Apr-2026,30000401,5513
Apr-2026,40198824,5513
Apr-2026,40196140,5511
Apr-2026,40214443,5511
Apr-2026,40200907,5509
Apr-2026,40194411,5505
Apr-2026,40197545,5504
Apr-2026,40199398,5502
Apr-2026,40209003,5499
Apr-2026,40205062,5496
Apr-2026,40223785,5494
Apr-2026,40191744,5492
Apr-2026,40212353,5492
Apr-2026,40205179,5490
Apr-2026,40208690,5490
Apr-2026,40192631,5489
Apr-2026,40191401,5488
Apr-2026,40204097,5483
Apr-2026,40191386,5482
Apr-2026,40211733,5482
Apr-2026,40212287,5480
Apr-2026,40216642,5478
Apr-2026,40218942,5477
Apr-2026,40194927,5474
Apr-2026,40201900,5473
Apr-2026,40221358,5472
Apr-2026,40217651,5471
Apr-2026,40213874,5468
Apr-2026,40218328,5468
Apr-2026,40220007,5465
Apr-2026,40215124,5451
Apr-2026,40197062,5448
Apr-2026,40221210,5447
Apr-2026,40207944,5446
Apr-2026,40209798,5446
Apr-2026,40223125,5445
Apr-2026,40188523,5444
Apr-2026,40214490,5441
Apr-2026,40216511,5441
Apr-2026,40195369,5438
Apr-2026,40212234,5436
Apr-2026,40214705,5435
Apr-2026,40195090,5434
Apr-2026,40194787,5431
Apr-2026,40205099,5431
Apr-2026,40204481,5429
Apr-2026,40212836,5427
Apr-2026,40210887,5425
Apr-2026,40216589,5423
Apr-2026,40191861,5421
Apr-2026,40214010,5421
Apr-2026,40213350,5420
Apr-2026,40200581,5419
Apr-2026,40194532,5417
Apr-2026,40221100,5411
Apr-2026,40210844,5409
Apr-2026,40211980,5409
Apr-2026,40220706,5408
Apr-2026,40212005,5403
Apr-2026,40214576,5403
Apr-2026,40216853,5399
Apr-2026,40209871,5393
Apr-2026,40214587,5393
Apr-2026,40195656,5392
Apr-2026,40194439,5390
Apr-2026,30000472,5388
Apr-2026,40216217,5387
Apr-2026,40219902,5387
Apr-2026,40220876,5387
Apr-2026,40213445,5385
Apr-2026,40196180,5381
Apr-2026,40201306,5380
Apr-2026,40209222,5380
Apr-2026,40220992,5380
Apr-2026,40210463,5378
Apr-2026,40217700,5372
Apr-2026,40217051,5370
Apr-2026,40215888,5367
Apr-2026,40205436,5365
Apr-2026,40218166,5363
Apr-2026,40210803,5362
Apr-2026,40198308,5351
Apr-2026,40201427,5351
Apr-2026,40212134,5351
Apr-2026,40214677,5347
Apr-2026,40205050,5346
Apr-2026,40190933,5343
Apr-2026,40208043,5340
Apr-2026,40223609,5340
Apr-2026,40198179,5335
Apr-2026,40216986,5332
Apr-2026,40210449,5326
Apr-2026,40215756,5318
Apr-2026,40206218,5314
Apr-2026,40208628,5313
Apr-2026,40218067,5311
Apr-2026,40192434,5309
Apr-2026,40197838,5305
Apr-2026,40189856,5301
Apr-2026,40220690,5301
Apr-2026,40190931,5299
Apr-2026,40218425,5288
Apr-2026,40203667,5284
Apr-2026,40197849,5283
Apr-2026,40210302,5283
Apr-2026,40211459,5280
Apr-2026,40222105,5280
Apr-2026,40223537,5280
Apr-2026,40210204,5279
Apr-2026,40201158,5278
Apr-2026,40198971,5277
Apr-2026,40221808,5277
Apr-2026,40199742,5274
Apr-2026,40193069,5271
Apr-2026,40212538,5271
Apr-2026,40200543,5270
Apr-2026,40206573,5269
Apr-2026,30000405,5267
Apr-2026,40195209,5267
Apr-2026,40199267,5267
Apr-2026,40196970,5265
Apr-2026,40221385,5265
Apr-2026,40192051,5261
Apr-2026,40212383,5261
Apr-2026,40200251,5260
Apr-2026,40208499,5259
Apr-2026,40194202,5255
Apr-2026,40207912,5252
Apr-2026,40198695,5251
Apr-2026,40201437,5249
Apr-2026,40218437,5247
Apr-2026,40193779,5245
Apr-2026,40188429,5239
Apr-2026,40185956,5236
Apr-2026,40219094,5236
Apr-2026,40208117,5235
Apr-2026,40213521,5233
Apr-2026,40220963,5233
Apr-2026,40197505,5232
Apr-2026,40202473,5232
Apr-2026,40215853,5232
Apr-2026,40204409,5231
Apr-2026,40208787,5230
Apr-2026,40193227,5227
Apr-2026,40198683,5227
Apr-2026,40220361,5227
Apr-2026,40189896,5225
Apr-2026,40205885,5225
Apr-2026,40216971,5222
Apr-2026,40194156,5220
Apr-2026,40208968,5220
Apr-2026,40202467,5219
Apr-2026,40209643,5218
Apr-2026,40214968,5216
Apr-2026,40211626,5215
Apr-2026,40216909,5215
Apr-2026,40210665,5214
Apr-2026,40211048,5212
Apr-2026,40214386,5208
Apr-2026,40195627,5206
Apr-2026,40192492,5203
Apr-2026,40220587,5201
Apr-2026,40190428,5197
Apr-2026,40202453,5196
Apr-2026,40202564,5195
Apr-2026,40184708,5192
Apr-2026,40193064,5192
Apr-2026,40222413,5185
Apr-2026,40195650,5180
Apr-2026,40221254,5180
Apr-2026,40193841,5178
Apr-2026,40217478,5178
Apr-2026,40213527,5177
Apr-2026,40201124,5176
Apr-2026,40198526,5175
Apr-2026,40213122,5174
Apr-2026,40199528,5171
Apr-2026,40217350,5171
Apr-2026,40200422,5169
Apr-2026,40194879,5168
Apr-2026,40207180,5168
Apr-2026,40219613,5168
Apr-2026,40196182,5167
Apr-2026,40183663,5165
Apr-2026,40191330,5164
Apr-2026,40212004,5160
Apr-2026,40198437,5159
Apr-2026,40200593,5159
Apr-2026,40214408,5156
Apr-2026,40132877,5155
Apr-2026,40215497,5153
Apr-2026,40192687,5149
Apr-2026,40196819,5147
Apr-2026,40208064,5147
Apr-2026,40220322,5147
Apr-2026,40221184,5146
Apr-2026,40206770,5143
Apr-2026,40203995,5142
Apr-2026,40193758,5141
Apr-2026,40196908,5140
Apr-2026,40211460,5136
Apr-2026,40213714,5135
Apr-2026,40220476,5135
Apr-2026,40204029,5133
Apr-2026,40198543,5130
Apr-2026,40200157,5129
Apr-2026,40208368,5129
Apr-2026,40208831,5129
Apr-2026,40219826,5123
Apr-2026,40199460,5120
Apr-2026,40195598,5116
Apr-2026,40209529,5116
Apr-2026,40211565,5116
Apr-2026,40206075,5114
Apr-2026,40207534,5111
Apr-2026,40209903,5108
Apr-2026,40220332,5106
Apr-2026,40199494,5105
Apr-2026,40219131,5105
Apr-2026,40220956,5105
Apr-2026,40213707,5100
Apr-2026,40213402,5099
Apr-2026,40193454,5098
Apr-2026,40192331,5095
Apr-2026,40211564,5094
Apr-2026,40193856,5091
Apr-2026,40199301,5091
Apr-2026,40201151,5091
Apr-2026,40207563,5088
Apr-2026,40218480,5086
Apr-2026,40203484,5084
Apr-2026,40198020,5082
Apr-2026,40212127,5081
Apr-2026,40191216,5079
Apr-2026,40216288,5074
Apr-2026,40218213,5069
Apr-2026,40199284,5067
Apr-2026,40189673,5060
Apr-2026,40202105,5060
Apr-2026,40206122,5059
Apr-2026,40201650,5057
Apr-2026,40216229,5054
Apr-2026,40215398,5053
Apr-2026,40208815,5052
Apr-2026,40217098,5051
Apr-2026,40190032,5050
Apr-2026,40221894,5050
Apr-2026,40187608,5048
Apr-2026,40193988,5048
Apr-2026,40210929,5046
Apr-2026,40216355,5045
Apr-2026,40219712,5045
Apr-2026,40209924,5044
Apr-2026,40220647,5043
Apr-2026,40217433,5042
Apr-2026,40198051,5040
Apr-2026,40212576,5040
Apr-2026,40218479,5038
Apr-2026,40190817,5034
Apr-2026,40199274,5032
Apr-2026,40213824,5026
Apr-2026,40196658,5024
Apr-2026,40209902,5022
Apr-2026,40210175,5020
Apr-2026,40222089,5018
Apr-2026,40194966,5017
Apr-2026,40195647,5017
Apr-2026,40193625,5016
Apr-2026,40215987,5012
Apr-2026,40217402,5009
Apr-2026,40208850,5007
Apr-2026,40211331,5004
Apr-2026,40195976,5002
Apr-2026,40219521,5002
Apr-2026,40205252,5000
Apr-2026,40218686,5000
Apr-2026,40192747,4999
Apr-2026,40214335,4997
Apr-2026,40216151,4997
Apr-2026,40196246,4995
Apr-2026,40198862,4995
Apr-2026,40215557,4991
Apr-2026,40206235,4990
Apr-2026,40219974,4988
Apr-2026,40218442,4987
Apr-2026,40220293,4985
Apr-2026,40189176,4984
Apr-2026,40205214,4984
Apr-2026,40218060,4984
Apr-2026,40197152,4976
Apr-2026,40222759,4975
Apr-2026,40190850,4972
Apr-2026,40210451,4971
Apr-2026,40210871,4971
Apr-2026,40222161,4968
Apr-2026,40189676,4967
Apr-2026,40205455,4967
Apr-2026,40214716,4966
Apr-2026,40209721,4965
Apr-2026,40198592,4964
Apr-2026,40208084,4962
Apr-2026,40222656,4956
Apr-2026,40199612,4955
Apr-2026,40206596,4952
Apr-2026,40219009,4952
Apr-2026,40212211,4951
Apr-2026,40216230,4949
Apr-2026,40222022,4945
Apr-2026,40214494,4941
Apr-2026,40205624,4940
Apr-2026,40197731,4939
Apr-2026,40188984,4938
Apr-2026,40208016,4938
Apr-2026,40212438,4938
Apr-2026,40217181,4938
Apr-2026,40204339,4937
Apr-2026,40191899,4935
Apr-2026,40215043,4929
Apr-2026,40209918,4928
Apr-2026,40189476,4924
Apr-2026,40216218,4924
Apr-2026,40222478,4923
Apr-2026,40196617,4918
Apr-2026,40202673,4917
Apr-2026,40218579,4911
Apr-2026,40210764,4908
Apr-2026,40194194,4905
Apr-2026,40196382,4905
Apr-2026,40196090,4904
Apr-2026,40204308,4892
Apr-2026,40209240,4892
Apr-2026,40190776,4885
Apr-2026,40188042,4884
Apr-2026,40193557,4884
Apr-2026,40201925,4882
Apr-2026,40210787,4874
Apr-2026,40189659,4873
Apr-2026,40204539,4873
Apr-2026,40205653,4873
Apr-2026,40222104,4873
Apr-2026,40145137,4871
Apr-2026,40216498,4871
Apr-2026,40192561,4870
Apr-2026,40210624,4870
Apr-2026,40207855,4869
Apr-2026,40216371,4867
Apr-2026,undefined,4867
Apr-2026,40213899,4864
Apr-2026,40201226,4859
Apr-2026,40205208,4859
Apr-2026,40208418,4859
Apr-2026,40213524,4856
Apr-2026,40211721,4855
Apr-2026,40204675,4852
Apr-2026,40189814,4851
Apr-2026,40196994,4850
Apr-2026,40203115,4850
Apr-2026,40197717,4846
Apr-2026,40202220,4843
Apr-2026,40223561,4843
Apr-2026,40212511,4840
Apr-2026,40200363,4839
Apr-2026,40214434,4839
Apr-2026,40197887,4838
Apr-2026,40200824,4838
Apr-2026,40208759,4835
Apr-2026,40220016,4835
Apr-2026,40197888,4834
Apr-2026,40192878,4833
Apr-2026,40208024,4832
Apr-2026,40199183,4831
Apr-2026,40201282,4830
Apr-2026,40201625,4820
Apr-2026,40201855,4818
Apr-2026,40193260,4817
Apr-2026,40222815,4817
Apr-2026,40207142,4814
Apr-2026,40196067,4813
Apr-2026,40222208,4809
Apr-2026,30000471,4807
Apr-2026,40220941,4799
Apr-2026,40200233,4798
Apr-2026,40195328,4797
Apr-2026,40205839,4797
Apr-2026,40198535,4796
Apr-2026,40209683,4790
Apr-2026,40189947,4789
Apr-2026,40217260,4789
Apr-2026,40202204,4788
Apr-2026,40214272,4788
Apr-2026,40217567,4787
Apr-2026,40209426,4786
Apr-2026,40210358,4785
Apr-2026,40217553,4785
Apr-2026,40219832,4783
Apr-2026,40218970,4779
Apr-2026,40192678,4776
Apr-2026,40207378,4774
Apr-2026,40221575,4773
Apr-2026,40192895,4768
Apr-2026,40212430,4767
Apr-2026,40221053,4767
Apr-2026,40192038,4763
Apr-2026,40195454,4762
Apr-2026,40196816,4762
Apr-2026,40216153,4762
Apr-2026,40198390,4761
Apr-2026,40196866,4758
Apr-2026,40220938,4757
Apr-2026,40216680,4754
Apr-2026,40215657,4748
Apr-2026,40212696,4742
Apr-2026,40192432,4741
Apr-2026,40200867,4741
Apr-2026,40213857,4739
Apr-2026,40193957,4736
Apr-2026,40194286,4736
Apr-2026,40203818,4735
Apr-2026,40213752,4735
Apr-2026,40221536,4734
Apr-2026,40203878,4732
Apr-2026,40219229,4732
Apr-2026,40192602,4731
Apr-2026,40212324,4729
Apr-2026,40223298,4727
Apr-2026,40210134,4724
Apr-2026,40207169,4723
Apr-2026,40210464,4723
Apr-2026,40209435,4717
Apr-2026,40189280,4714
Apr-2026,40213971,4713
Apr-2026,40190199,4708
Apr-2026,40201898,4708
Apr-2026,40193414,4706
Apr-2026,40214304,4703
Apr-2026,40219691,4702
Apr-2026,40191937,4699
Apr-2026,40209188,4698
Apr-2026,40208595,4694
Apr-2026,40218593,4692
Apr-2026,40197626,4691
Apr-2026,40221644,4691
Apr-2026,40207988,4689
Apr-2026,40219051,4685
Apr-2026,40213398,4684
Apr-2026,40206438,4682
Apr-2026,40214826,4682
Apr-2026,40218528,4681
Apr-2026,40189188,4680
Apr-2026,40207878,4680
Apr-2026,40222078,4679
Apr-2026,40207396,4678
Apr-2026,40189926,4676
Apr-2026,40206219,4674
Apr-2026,40220505,4674
Apr-2026,40198830,4670
Apr-2026,40198230,4667
Apr-2026,40213168,4667
Apr-2026,40186067,4666
Apr-2026,40190956,4665
Apr-2026,40206911,4663
Apr-2026,40208217,4663
Apr-2026,40190122,4661
Apr-2026,40217275,4654
Apr-2026,40191621,4651
Apr-2026,40218525,4650
Apr-2026,40203956,4649
Apr-2026,40219205,4649
Apr-2026,40214624,4646
Apr-2026,40213616,4643
Apr-2026,40213713,4643
Apr-2026,40212218,4640
Apr-2026,40204932,4635
Apr-2026,40208761,4632
Apr-2026,40191995,4631
Apr-2026,40217853,4630
Apr-2026,40207014,4629
Apr-2026,40213306,4628
Apr-2026,40192149,4626
Apr-2026,40197756,4626
Apr-2026,40214230,4624
Apr-2026,40216195,4622
Apr-2026,40220294,4622
Apr-2026,40188908,4618
Apr-2026,40201439,4616
Apr-2026,40211802,4614
Apr-2026,40217136,4613
Apr-2026,40197704,4610
Apr-2026,40209130,4606
Apr-2026,40209092,4604
Apr-2026,40183223,4602
Apr-2026,40220994,4601
Apr-2026,40203448,4597
Apr-2026,40191679,4596
Apr-2026,40188367,4595
Apr-2026,40195901,4595
Apr-2026,40212813,4595
Apr-2026,40206682,4594
Apr-2026,40191604,4591
Apr-2026,40217158,4591
Apr-2026,40212183,4590
Apr-2026,40209556,4586
Apr-2026,40203506,4585
Apr-2026,40202809,4583
Apr-2026,40212873,4582
Apr-2026,40195224,4581
Apr-2026,40221696,4581
Apr-2026,40194773,4580
Apr-2026,40196413,4580
Apr-2026,40211257,4575
Apr-2026,40203637,4569
Apr-2026,40198575,4567
Apr-2026,40191400,4565
Apr-2026,40217271,4565
Apr-2026,40216849,4564
Apr-2026,40218508,4564
Apr-2026,40194068,4562
Apr-2026,40201791,4562
Apr-2026,40219496,4561
Apr-2026,40211283,4560
Apr-2026,40223476,4557
Apr-2026,40202123,4555
Apr-2026,40203103,4555
Apr-2026,40207167,4550
Apr-2026,40195787,4547
Apr-2026,40218347,4547
Apr-2026,40190069,4546
Apr-2026,40211069,4545
Apr-2026,40200831,4544
Apr-2026,40204953,4544
Apr-2026,40198248,4543
Apr-2026,40200247,4543
Apr-2026,40217029,4541
Apr-2026,40223525,4541
Apr-2026,40191412,4540
Apr-2026,40211238,4538
Apr-2026,40195827,4536
Apr-2026,40205312,4533
Apr-2026,40217785,4532
Apr-2026,40188082,4531
Apr-2026,40208234,4531
Apr-2026,40213841,4531
Apr-2026,40201740,4530
Apr-2026,40223392,4530
Apr-2026,40204623,4529
Apr-2026,40190619,4528
Apr-2026,40213709,4527
Apr-2026,40216826,4527
Apr-2026,40196322,4526
Apr-2026,40091115,4522
Apr-2026,40208012,4522
Apr-2026,40209882,4521
Apr-2026,40212810,4519
Apr-2026,40192002,4515
Apr-2026,40210491,4515
Apr-2026,40216549,4515
Apr-2026,40205174,4514
Apr-2026,30000398,4513
Apr-2026,40218660,4512
Apr-2026,40217688,4511
Apr-2026,40197950,4507
Apr-2026,40214825,4505
Apr-2026,40198476,4504
Apr-2026,40213111,4503
Apr-2026,40195304,4501
Apr-2026,40203169,4501
Apr-2026,40216407,4500
Apr-2026,40222977,4500
Apr-2026,40216335,4499
Apr-2026,40216566,4499
Apr-2026,40224129,4499
Apr-2026,40202794,4497
Apr-2026,40194595,4494
Apr-2026,40217936,4494
Apr-2026,40214361,4493
Apr-2026,30000383,4492
Apr-2026,40219003,4492
Apr-2026,40185762,4491
Apr-2026,30000466,4490
Apr-2026,40209061,4490
Apr-2026,40217007,4490
Apr-2026,40206964,4489
Apr-2026,40220708,4488
Apr-2026,40219875,4487
Apr-2026,40193698,4486
Apr-2026,40193654,4485
Apr-2026,40209225,4485
Apr-2026,40219214,4485
Apr-2026,40201202,4483
Apr-2026,40202256,4482
Apr-2026,40213571,4482
Apr-2026,40205917,4479
Apr-2026,40191782,4477
Apr-2026,40213389,4476
Apr-2026,40217735,4474
Apr-2026,40199158,4473
Apr-2026,40218841,4472
Apr-2026,40194334,4470
Apr-2026,40221316,4469
Apr-2026,40190328,4468
Apr-2026,40197292,4468
Apr-2026,40201630,4462
Apr-2026,40214013,4458
Apr-2026,40216925,4458
Apr-2026,40192937,4451
Apr-2026,40194771,4448
Apr-2026,40195623,4447
Apr-2026,40203742,4447
Apr-2026,40215463,4446
Apr-2026,40201021,4444
Apr-2026,40204393,4444
Apr-2026,40204765,4444
Apr-2026,40197703,4442
Apr-2026,40211620,4441
Apr-2026,40207011,4439
Apr-2026,40208844,4438
Apr-2026,40214455,4438
Apr-2026,40193825,4436
Apr-2026,40216997,4435
Apr-2026,40209230,4433
Apr-2026,40201840,4431
Apr-2026,40205893,4430
Apr-2026,40206191,4430
Apr-2026,40200817,4427
Apr-2026,40199488,4424
Apr-2026,40212517,4424
Apr-2026,40201335,4422
Apr-2026,40221847,4417
Apr-2026,40220202,4416
Apr-2026,40223144,4415
Apr-2026,40200591,4410
Apr-2026,40184729,4409
Apr-2026,40190839,4409
Apr-2026,40218123,4407
Apr-2026,40196843,4404
Apr-2026,40193124,4402
Apr-2026,40207469,4402
Apr-2026,40200640,4401
Apr-2026,40196566,4400
Apr-2026,40221028,4397
Apr-2026,40212429,4396
Apr-2026,40207898,4394
Apr-2026,40203702,4393
Apr-2026,40215311,4393
Apr-2026,40193985,4391
Apr-2026,40194119,4386
Apr-2026,40186684,4385
Apr-2026,40212534,4384
Apr-2026,40198696,4382
Apr-2026,40192452,4381
Apr-2026,40210700,4381
Apr-2026,40206926,4378
Apr-2026,40184374,4369
Apr-2026,40201563,4367
Apr-2026,40193490,4365
Apr-2026,40223245,4363
Apr-2026,40214246,4360
Apr-2026,40199711,4358
Apr-2026,40209005,4357
Apr-2026,40204882,4355
Apr-2026,40222429,4355
Apr-2026,40210741,4354
Apr-2026,40213171,4353
Apr-2026,40193996,4350
Apr-2026,40194866,4350
Apr-2026,40205154,4350
Apr-2026,40205471,4345
Apr-2026,40198757,4341
Apr-2026,40209292,4340
Apr-2026,40216393,4340
Apr-2026,40216716,4340
Apr-2026,40199152,4339
Apr-2026,40216083,4339
Apr-2026,40205591,4338
Apr-2026,40193071,4337
Apr-2026,40198769,4337
Apr-2026,30000443,4336
Apr-2026,40221608,4335
Apr-2026,40206286,4334
Apr-2026,40197188,4329
Apr-2026,40206074,4328
Apr-2026,40193249,4327
Apr-2026,40197103,4326
Apr-2026,40211708,4326
Apr-2026,40212638,4325
Apr-2026,40219042,4324
Apr-2026,40198659,4318
Apr-2026,40216140,4317
Apr-2026,40205094,4313
Apr-2026,40203932,4312
Apr-2026,40188898,4309
Apr-2026,40212601,4309
Apr-2026,40191080,4307
Apr-2026,40214836,4306
Apr-2026,40216096,4304
Apr-2026,40218309,4301
Apr-2026,40198284,4299
Apr-2026,40202782,4299
Apr-2026,40210476,4296
Apr-2026,40221769,4296
Apr-2026,40217127,4294
Apr-2026,40216664,4290
Apr-2026,40204738,4289
Apr-2026,40203906,4288
Apr-2026,40211613,4286
Apr-2026,40213492,4286
Apr-2026,40200799,4281
Apr-2026,40202190,4280
Apr-2026,40211719,4279
Apr-2026,40196472,4276
Apr-2026,40210225,4275
Apr-2026,40218254,4275
Apr-2026,40220052,4275
Apr-2026,40200273,4273
Apr-2026,40205770,4264
Apr-2026,40211730,4264
Apr-2026,40208109,4262
Apr-2026,40216779,4262
Apr-2026,40220615,4262
Apr-2026,40218879,4261
Apr-2026,40194338,4260
Apr-2026,40209066,4260
Apr-2026,40213926,4260
Apr-2026,40223057,4260
Apr-2026,40199254,4258
Apr-2026,40191585,4257
Apr-2026,40212957,4254
Apr-2026,40218543,4252
Apr-2026,40215131,4247
Apr-2026,40207181,4241
Apr-2026,40198620,4240
Apr-2026,40209029,4240
Apr-2026,40209861,4240
Apr-2026,40223054,4240
Apr-2026,40191902,4239
Apr-2026,40189967,4238
Apr-2026,40208747,4238
Apr-2026,40209995,4238
Apr-2026,40205720,4237
Apr-2026,40220249,4236
Apr-2026,40193874,4234
Apr-2026,40204026,4232
Apr-2026,40204652,4232
Apr-2026,40202119,4224
Apr-2026,40212962,4224
Apr-2026,40192721,4223
Apr-2026,40199163,4223
Apr-2026,40187813,4220
Apr-2026,40195919,4220
Apr-2026,40218552,4219
Apr-2026,40188052,4218
Apr-2026,40193390,4216
Apr-2026,40202183,4216
Apr-2026,40203617,4215
Apr-2026,40198936,4212
Apr-2026,40200844,4212
Apr-2026,40199713,4211
Apr-2026,40201824,4211
Apr-2026,40205971,4211
Apr-2026,40195956,4209
Apr-2026,40223542,4209
Apr-2026,40208430,4208
Apr-2026,40203356,4207
Apr-2026,40196331,4205
Apr-2026,40191742,4204
Apr-2026,40222583,4204
Apr-2026,40218935,4203
Apr-2026,40220507,4201
Apr-2026,40222938,4201
Apr-2026,40205544,4200
Apr-2026,40220075,4199
Apr-2026,40216596,4198
Apr-2026,40220307,4197
Apr-2026,40206561,4195
Apr-2026,40208062,4195
Apr-2026,40201774,4194
Apr-2026,40214976,4194
Apr-2026,40213405,4193
Apr-2026,40000565,4192
Apr-2026,40208875,4192
Apr-2026,40210022,4192
Apr-2026,40193132,4189
Apr-2026,40197735,4189
Apr-2026,40217452,4188
Apr-2026,40193369,4187
Apr-2026,40200421,4187
Apr-2026,40207550,4182
Apr-2026,40218242,4180
Apr-2026,40214506,4179
Apr-2026,40196751,4178
Apr-2026,40202943,4176
Apr-2026,40219420,4175
Apr-2026,40192512,4174
Apr-2026,40210858,4171
Apr-2026,40213457,4171
Apr-2026,40198326,4170
Apr-2026,40223109,4169
Apr-2026,40190758,4168
Apr-2026,40214209,4167
Apr-2026,40196911,4165
Apr-2026,40201751,4165
Apr-2026,40201839,4165
Apr-2026,40204974,4164
Apr-2026,40220122,4161
Apr-2026,40190338,4157
Apr-2026,40193703,4155
Apr-2026,40201123,4153
Apr-2026,40211126,4150
Apr-2026,40222453,4149
Apr-2026,40218812,4148
Apr-2026,40197130,4144
Apr-2026,40208616,4144
Apr-2026,40201906,4143
Apr-2026,40195037,4141
Apr-2026,40203884,4141
Apr-2026,40194859,4138
Apr-2026,40216593,4138
Apr-2026,40209361,4135
Apr-2026,40215168,4133
Apr-2026,40210399,4132
Apr-2026,40192793,4130
Apr-2026,40216421,4126
Apr-2026,40203187,4125
Apr-2026,40189618,4124
Apr-2026,40207807,4124
Apr-2026,40221826,4124
Apr-2026,40194337,4123
Apr-2026,40211673,4123
Apr-2026,40221288,4122
Apr-2026,40211027,4119
Apr-2026,40214992,4119
Apr-2026,40219203,4117
Apr-2026,40197119,4115
Apr-2026,40201501,4113
Apr-2026,40214905,4113
Apr-2026,40193167,4112
Apr-2026,40204740,4112
Apr-2026,40215848,4109
Apr-2026,40218282,4108
Apr-2026,40216137,4101
Apr-2026,40192872,4100
Apr-2026,40197022,4099
Apr-2026,40204973,4097
Apr-2026,40200387,4096
Apr-2026,40203754,4096
Apr-2026,40218353,4096
Apr-2026,40221245,4095
Apr-2026,40189987,4094
Apr-2026,40210749,4094
Apr-2026,40187100,4092
Apr-2026,40193277,4092
Apr-2026,40203890,4092
Apr-2026,40216762,4092
Apr-2026,40217450,4091
Apr-2026,40204660,4087
Apr-2026,40217570,4085
Apr-2026,40195522,4084
Apr-2026,40221859,4084
Apr-2026,40196333,4083
Apr-2026,40215058,4082
Apr-2026,40208447,4079
Apr-2026,30000473,4075
Apr-2026,40211298,4075
Apr-2026,40221192,4074
Apr-2026,40221936,4074
Apr-2026,40217256,4072
Apr-2026,40196359,4071
Apr-2026,40197109,4070
Apr-2026,40199521,4069
Apr-2026,40208378,4066
Apr-2026,40214122,4066
Apr-2026,40192015,4065
Apr-2026,40219562,4064
Apr-2026,40202272,4063
Apr-2026,40208019,4060
Apr-2026,40209561,4058
Apr-2026,40217264,4058
Apr-2026,40208092,4055
Apr-2026,40193765,4053
Apr-2026,40205832,4053
Apr-2026,40190361,4052
Apr-2026,40194939,4052
Apr-2026,40203072,4050
Apr-2026,40203504,4049
Apr-2026,40206568,4049
Apr-2026,40212038,4049
Apr-2026,40221687,4049
Apr-2026,40193388,4046
Apr-2026,40211527,4046
Apr-2026,40213178,4045
Apr-2026,40196905,4043
Apr-2026,40213645,4043
Apr-2026,40213555,4041
Apr-2026,40198792,4037
Apr-2026,40198645,4036
Apr-2026,40201441,4033
Apr-2026,40218089,4033
Apr-2026,40209173,4030
Apr-2026,40206407,4029
Apr-2026,40215630,4028
Apr-2026,40223472,4028
Apr-2026,40206799,4027
Apr-2026,40209151,4026
Apr-2026,40209093,4024
Apr-2026,40197174,4022
Apr-2026,40194384,4018
Apr-2026,40209331,4016
Apr-2026,40201321,4015
Apr-2026,40217395,4015
Apr-2026,40220971,4014
Apr-2026,40206848,4012
Apr-2026,40213001,4012
Apr-2026,40221103,4012
Apr-2026,40212594,4010
Apr-2026,40200086,4008
Apr-2026,40196766,4007
Apr-2026,40215410,4007
Apr-2026,40196782,4006
Apr-2026,40207782,3999
Apr-2026,40217911,3999
Apr-2026,40192183,3997
Apr-2026,40200627,3996
Apr-2026,40212859,3994
Apr-2026,40214969,3994
Apr-2026,40206806,3992
Apr-2026,40206550,3991
Apr-2026,40206595,3990
Apr-2026,40196649,3989
Apr-2026,40218331,3987
Apr-2026,40193604,3985
Apr-2026,40208080,3985
Apr-2026,40192441,3984
Apr-2026,40195611,3984
Apr-2026,40203021,3982
Apr-2026,40204321,3982
Apr-2026,40188765,3981
Apr-2026,40218740,3979
Apr-2026,40202563,3978
Apr-2026,40217150,3978
Apr-2026,40191371,3976
Apr-2026,40215093,3976
Apr-2026,40208330,3975
Apr-2026,40202931,3973
Apr-2026,40210876,3973
Apr-2026,40213497,3972
Apr-2026,40191623,3970
Apr-2026,40208312,3969
Apr-2026,40189159,3968
Apr-2026,40200400,3968
Apr-2026,40219093,3967
Apr-2026,40219979,3967
Apr-2026,40206737,3965
Apr-2026,40220892,3965
Apr-2026,40215269,3962
Apr-2026,40211529,3959
Apr-2026,40193054,3950
Apr-2026,40193467,3950
Apr-2026,30000478,3947
Apr-2026,40192026,3947
Apr-2026,40193352,3946
Apr-2026,40212964,3946
Apr-2026,40187645,3944
Apr-2026,40216019,3944
Apr-2026,40217695,3943
Apr-2026,40198069,3942
Apr-2026,40203940,3942
Apr-2026,40198877,3940
Apr-2026,40193440,3938
Apr-2026,40203838,3937
Apr-2026,40194748,3935
Apr-2026,40204634,3934
Apr-2026,40214933,3934
Apr-2026,40218253,3933
Apr-2026,40188611,3931
Apr-2026,40203361,3930
Apr-2026,40195222,3929
Apr-2026,40066596,3928
Apr-2026,40213838,3928
Apr-2026,40216490,3927
Apr-2026,40189163,3925
Apr-2026,40207033,3922
Apr-2026,40205664,3921
Apr-2026,40214638,3919
Apr-2026,40222513,3919
Apr-2026,40194393,3918
Apr-2026,40209982,3918
Apr-2026,40195546,3916
Apr-2026,40217172,3916
Apr-2026,40196512,3915
Apr-2026,40210105,3915
Apr-2026,40198818,3914
Apr-2026,40198114,3913
Apr-2026,40203788,3911
Apr-2026,40219450,3911
Apr-2026,40205268,3910
Apr-2026,40205219,3908
Apr-2026,40194915,3907
Apr-2026,40208880,3906
Apr-2026,40187704,3904
Apr-2026,40214477,3904
Apr-2026,40194304,3903
Apr-2026,40198613,3902
Apr-2026,40219720,3901
Apr-2026,40219182,3898
Apr-2026,40205175,3895
Apr-2026,40195409,3890
Apr-2026,40202832,3889
Apr-2026,30000453,3885
Apr-2026,40209408,3885
Apr-2026,40196154,3882
Apr-2026,40205176,3882
Apr-2026,40206461,3881
Apr-2026,40208476,3881
Apr-2026,40198851,3879
Apr-2026,40196538,3875
Apr-2026,40220874,3875
Apr-2026,40196034,3873
Apr-2026,40204960,3871
Apr-2026,40211810,3870
Apr-2026,40211377,3864
Apr-2026,40218293,3864
Apr-2026,40206501,3863
Apr-2026,40195149,3861
Apr-2026,40205637,3861
Apr-2026,40218367,3860
Apr-2026,40222371,3860
Apr-2026,40215572,3859
Apr-2026,40208083,3858
Apr-2026,40209088,3858
Apr-2026,40212620,3857
Apr-2026,40192654,3856
Apr-2026,40209493,3856
Apr-2026,40147537,3855
Apr-2026,40198117,3855
Apr-2026,40218823,3854
Apr-2026,40220771,3852
Apr-2026,40219546,3846
Apr-2026,40215511,3843
Apr-2026,40210671,3841
Apr-2026,40210691,3837
Apr-2026,40201031,3836
Apr-2026,40190300,3835
Apr-2026,40215543,3835
Apr-2026,40199181,3831
Apr-2026,40200134,3829
Apr-2026,40208941,3829
Apr-2026,40219645,3829
Apr-2026,40212977,3828
Apr-2026,40187178,3825
Apr-2026,40218216,3825
Apr-2026,40202757,3824
Apr-2026,40203340,3824
Apr-2026,40197047,3821
Apr-2026,40207502,3819
Apr-2026,40200918,3817
Apr-2026,40194210,3816
Apr-2026,40211054,3816
Apr-2026,40211722,3814
Apr-2026,40193629,3813
Apr-2026,40194049,3813
Apr-2026,40221155,3811
Apr-2026,40201801,3807
Apr-2026,40202235,3807
Apr-2026,40206288,3806
Apr-2026,40208304,3805
Apr-2026,40208323,3804
Apr-2026,40210262,3802
Apr-2026,40207503,3799
Apr-2026,40194867,3796
Apr-2026,40203203,3796
Apr-2026,40190500,3794
Apr-2026,40220732,3794
Apr-2026,40219985,3791
Apr-2026,40220445,3791
Apr-2026,40210125,3790
Apr-2026,40214161,3790
Apr-2026,40206105,3789
Apr-2026,40221242,3789
Apr-2026,40218666,3786
Apr-2026,40191484,3784
Apr-2026,40207483,3784
Apr-2026,40208683,3784
Apr-2026,40210441,3784
Apr-2026,40194758,3783
Apr-2026,40189368,3781
Apr-2026,40200192,3780
Apr-2026,40200790,3780
Apr-2026,40210616,3780
Apr-2026,40193777,3779
Apr-2026,40204862,3778
Apr-2026,40195085,3777
Apr-2026,40204054,3777
Apr-2026,40193215,3773
Apr-2026,40214871,3773
Apr-2026,40221066,3772
Apr-2026,40218569,3771
Apr-2026,40201267,3770
Apr-2026,40215291,3768
Apr-2026,40220930,3768
Apr-2026,40193259,3766
Apr-2026,40223777,3766
Apr-2026,40151354,3765
Apr-2026,40223252,3765
Apr-2026,40198919,3764
Apr-2026,40193730,3762
Apr-2026,40211691,3762
Apr-2026,40195377,3761
Apr-2026,40212279,3761
Apr-2026,40203451,3760
Apr-2026,40188482,3759
Apr-2026,40201309,3757
Apr-2026,40189774,3756
Apr-2026,40221972,3756
Apr-2026,40213564,3755
Apr-2026,40191339,3752
Apr-2026,40201811,3752
Apr-2026,40197829,3749
Apr-2026,40201492,3748
Apr-2026,40218227,3748
Apr-2026,40203430,3745
Apr-2026,40204544,3745
Apr-2026,40196510,3743
Apr-2026,40212174,3743
Apr-2026,40195929,3741
Apr-2026,40213902,3741
Apr-2026,40200264,3739
Apr-2026,40211705,3739
Apr-2026,40217327,3739
Apr-2026,40187792,3738
Apr-2026,40207763,3736
Apr-2026,40221691,3736
Apr-2026,40191754,3733
Apr-2026,40202570,3733
Apr-2026,40217265,3732
Apr-2026,40203273,3730
Apr-2026,40213283,3729
Apr-2026,40215821,3729
Apr-2026,40204644,3727
Apr-2026,40203724,3726
Apr-2026,23485893,3719
Apr-2026,40208292,3718
Apr-2026,40220936,3718
Apr-2026,40192566,3717
Apr-2026,40199287,3717
Apr-2026,40209095,3717
Apr-2026,40204023,3715
Apr-2026,40212919,3715
Apr-2026,40185229,3714
Apr-2026,40214460,3711
Apr-2026,40187708,3709
Apr-2026,40201045,3709
Apr-2026,40194991,3707
Apr-2026,40198163,3707
Apr-2026,40194467,3703
Apr-2026,40197281,3700
Apr-2026,40219989,3699
Apr-2026,40189427,3698
Apr-2026,40196000,3697
Apr-2026,40190458,3696
Apr-2026,40195648,3695
Apr-2026,40207215,3693
Apr-2026,40223179,3692
Apr-2026,40190561,3689
Apr-2026,40218230,3687
Apr-2026,40222561,3687
Apr-2026,40214030,3685
Apr-2026,40218456,3685
Apr-2026,40218308,3683
Apr-2026,40203907,3678
Apr-2026,40192698,3676
Apr-2026,40223276,3676
Apr-2026,40210584,3674
Apr-2026,40214845,3674
Apr-2026,40217168,3674
Apr-2026,40202742,3673
Apr-2026,40202534,3671
Apr-2026,40214884,3671
Apr-2026,40203618,3670
Apr-2026,40206319,3669
Apr-2026,40209814,3668
Apr-2026,40202627,3666
Apr-2026,40215859,3666
Apr-2026,40209312,3665
Apr-2026,40194742,3664
Apr-2026,40211856,3663
Apr-2026,40193221,3662
Apr-2026,40200567,3658
Apr-2026,40199763,3656
Apr-2026,40205113,3656
Apr-2026,40210757,3656
Apr-2026,40198994,3655
Apr-2026,40192242,3654
Apr-2026,40198890,3654
Apr-2026,40205519,3653
Apr-2026,40207556,3653
Apr-2026,40196780,3652
Apr-2026,40203295,3652
Apr-2026,40207662,3649
Apr-2026,40214489,3648
Apr-2026,40223028,3644
Apr-2026,40203313,3643
Apr-2026,40209322,3642
Apr-2026,40209832,3642
Apr-2026,40210872,3642
Apr-2026,40204414,3641
Apr-2026,40222046,3641
Apr-2026,40185581,3639
Apr-2026,40205032,3639
Apr-2026,40210556,3638
Apr-2026,40198100,3633
Apr-2026,40203820,3633
Apr-2026,40210297,3633
Apr-2026,40215264,3632
Apr-2026,40210820,3630
Apr-2026,40214171,3629
Apr-2026,40210446,3625
Apr-2026,40215953,3623
Apr-2026,40193983,3622
Apr-2026,40187814,3621
Apr-2026,40204553,3619
Apr-2026,40212492,3617
Apr-2026,40189201,3616
Apr-2026,40196249,3611
Apr-2026,40192289,3610
Apr-2026,40200391,3610
Apr-2026,40196867,3609
Apr-2026,40216189,3609
Apr-2026,40198957,3607
Apr-2026,40208739,3607
Apr-2026,40214865,3607
Apr-2026,40208647,3606
Apr-2026,40210145,3606
Apr-2026,40198338,3603
Apr-2026,40190416,3602
Apr-2026,40200461,3601
Apr-2026,40221513,3601
Apr-2026,40201333,3599
Apr-2026,40217666,3599
Apr-2026,40213550,3598
Apr-2026,40202735,3596
Apr-2026,40201500,3593
Apr-2026,40223010,3590
Apr-2026,40211839,3589
Apr-2026,40214413,3589
Apr-2026,40218516,3585
Apr-2026,40190266,3584
Apr-2026,40201615,3580
Apr-2026,40223677,3580
Apr-2026,40222902,3579
Apr-2026,40194591,3578
Apr-2026,40195347,3578
Apr-2026,40219428,3578
Apr-2026,40214229,3577
Apr-2026,40221283,3577
Apr-2026,30000465,3576
Apr-2026,40221698,3575
Apr-2026,40207927,3574
Apr-2026,40209989,3573
Apr-2026,40216693,3573
Apr-2026,40218931,3573
Apr-2026,23717595,3571
Apr-2026,40190033,3569
Apr-2026,40192766,3568
Apr-2026,40211561,3568
Apr-2026,40222082,3566
Apr-2026,40198473,3565
Apr-2026,40189111,3563
Apr-2026,40221654,3563
Apr-2026,40219307,3560
Apr-2026,40205089,3559
Apr-2026,40212240,3558
Apr-2026,40191061,3557
Apr-2026,40197087,3557
Apr-2026,40185945,3552
Apr-2026,40211028,3550
Apr-2026,40213474,3550
Apr-2026,40217624,3549
Apr-2026,40222913,3549
Apr-2026,40205211,3547
Apr-2026,40196101,3542
Apr-2026,40199622,3541
Apr-2026,40210320,3541
Apr-2026,40191342,3540
Apr-2026,40203286,3540
Apr-2026,40211571,3540
Apr-2026,40203797,3538
Apr-2026,40208308,3537
Apr-2026,40201794,3536
Apr-2026,40222468,3536
Apr-2026,40198296,3535
Apr-2026,40193980,3533
Apr-2026,40203096,3530
Apr-2026,40192406,3529
Apr-2026,40193308,3529
Apr-2026,40198349,3529
Apr-2026,40209523,3529
Apr-2026,40215141,3529
Apr-2026,40197786,3528
Apr-2026,40217849,3528
Apr-2026,40195153,3527
Apr-2026,40208443,3526
Apr-2026,40209789,3526
Apr-2026,40212780,3526
Apr-2026,40218198,3525
Apr-2026,40220687,3522
Apr-2026,40191687,3521
Apr-2026,40192764,3521
Apr-2026,40202762,3520
Apr-2026,40190188,3519
Apr-2026,40198311,3519
Apr-2026,40202130,3519
Apr-2026,30000475,3515
Apr-2026,40205093,3515
Apr-2026,40211650,3515
Apr-2026,40220463,3515
Apr-2026,40223330,3515
Apr-2026,40197304,3513
Apr-2026,40221725,3513
Apr-2026,40192167,3510
Apr-2026,40200623,3508
Apr-2026,40210792,3507
Apr-2026,40222619,3505
Apr-2026,40203280,3503
Apr-2026,40209456,3503
Apr-2026,40222778,3503
Apr-2026,40189039,3502
Apr-2026,40211577,3501
Apr-2026,40221590,3501
Apr-2026,30000484,3500
Apr-2026,40217661,3500
Apr-2026,40216104,3499
Apr-2026,40217040,3499
Apr-2026,40207794,3497
Apr-2026,40191116,3496
Apr-2026,30000404,3489
Apr-2026,40218111,3489
Apr-2026,40207695,3486
Apr-2026,40210582,3486
Apr-2026,40210207,3483
Apr-2026,40221746,3483
Apr-2026,40194313,3482
Apr-2026,40210054,3482
Apr-2026,40191207,3481
Apr-2026,40207936,3479
Apr-2026,40213333,3479
Apr-2026,40190206,3478
Apr-2026,40199325,3478
Apr-2026,40214046,3477
Apr-2026,40198141,3476
Apr-2026,40201578,3476
Apr-2026,40223883,3476
Apr-2026,40188141,3474
Apr-2026,40196845,3474
Apr-2026,40197657,3474
Apr-2026,40216442,3473
Apr-2026,40193764,3472
Apr-2026,40194018,3471
Apr-2026,40197084,3469
Apr-2026,40191970,3466
Apr-2026,40211264,3466
Apr-2026,40193695,3463
Apr-2026,40209888,3463
Apr-2026,40189596,3457
Apr-2026,40215453,3456
Apr-2026,40183377,3453
Apr-2026,40205723,3450
Apr-2026,40222327,3449
Apr-2026,40192032,3447
Apr-2026,40211240,3446
Apr-2026,40192036,3445
Apr-2026,40196306,3445
Apr-2026,40220670,3445
Apr-2026,40202218,3444
Apr-2026,40198944,3443
Apr-2026,40199194,3439
Apr-2026,40137777,3438
Apr-2026,40217213,3438
Apr-2026,40193855,3435
Apr-2026,40195474,3435
Apr-2026,40198342,3435
Apr-2026,40214776,3434
Apr-2026,40200767,3433
Apr-2026,40196253,3432
Apr-2026,40218700,3431
Apr-2026,40215952,3430
Apr-2026,40219267,3429
Apr-2026,40210595,3426
Apr-2026,40193919,3425
Apr-2026,40202510,3425
Apr-2026,40182313,3424
Apr-2026,40190260,3424
Apr-2026,40220015,3423
Apr-2026,40204331,3421
Apr-2026,40191627,3420
Apr-2026,40202797,3420
Apr-2026,40201534,3417
Apr-2026,40205359,3417
Apr-2026,40214303,3417
Apr-2026,40219505,3416
Apr-2026,40208025,3415
Apr-2026,40212734,3414
Apr-2026,40198187,3413
Apr-2026,40202746,3413
Apr-2026,40206117,3412
Apr-2026,40208224,3411
Apr-2026,40220846,3411
Apr-2026,40197491,3410
Apr-2026,40192016,3409
Apr-2026,40193385,3409
Apr-2026,40206197,3408
Apr-2026,40195865,3407
Apr-2026,40202267,3405
Apr-2026,40209265,3405
Apr-2026,40220157,3404
Apr-2026,40222423,3404
Apr-2026,40192179,3403
Apr-2026,40200663,3403
Apr-2026,40204265,3403
Apr-2026,40209365,3403
Apr-2026,40200577,3400
Apr-2026,40210284,3400
Apr-2026,40189417,3399
Apr-2026,40204260,3399
Apr-2026,40220767,3399
Apr-2026,40201163,3396
Apr-2026,40196155,3392
Apr-2026,40215500,3392
Apr-2026,30000444,3389
Apr-2026,40189732,3389
Apr-2026,40194769,3388
Apr-2026,40201312,3387
Apr-2026,40201327,3385
Apr-2026,40198750,3384
Apr-2026,40206483,3384
Apr-2026,40208238,3384
Apr-2026,40190478,3383
Apr-2026,40194074,3381
Apr-2026,40201519,3380
Apr-2026,40198764,3379
Apr-2026,40208762,3378
Apr-2026,40220977,3377
Apr-2026,40195050,3376
Apr-2026,40207326,3376
Apr-2026,40220178,3376
Apr-2026,40214827,3375
Apr-2026,40210395,3374
Apr-2026,40191304,3373
Apr-2026,40195757,3371
Apr-2026,40200805,3369
Apr-2026,40203824,3369
Apr-2026,40205952,3368
Apr-2026,40218399,3367
Apr-2026,40221958,3367
Apr-2026,40189375,3363
Apr-2026,40197957,3363
Apr-2026,40196056,3361
Apr-2026,40198453,3360
Apr-2026,40215647,3357
Apr-2026,40203368,3356
Apr-2026,40207937,3355
Apr-2026,40211225,3354
Apr-2026,40210782,3352
Apr-2026,40205759,3351
Apr-2026,40192315,3349
Apr-2026,40212389,3347
Apr-2026,40206298,3346
Apr-2026,40201032,3344
Apr-2026,40195152,3343
Apr-2026,40196474,3343
Apr-2026,40198770,3343
Apr-2026,40218299,3343
Apr-2026,40190299,3341
Apr-2026,40199372,3341
Apr-2026,40200056,3341
Apr-2026,40203468,3341
Apr-2026,40204816,3341
Apr-2026,40207798,3341
Apr-2026,40222568,3339
Apr-2026,40190576,3338
Apr-2026,40219560,3338
Apr-2026,40214623,3333
Apr-2026,40200300,3331
Apr-2026,40204835,3330
Apr-2026,40210948,3330
Apr-2026,40192136,3329
Apr-2026,40219740,3329
Apr-2026,40217550,3328
Apr-2026,40195047,3325
Apr-2026,40209407,3323
Apr-2026,40218305,3323
Apr-2026,40220571,3323
Apr-2026,40190064,3322
Apr-2026,40212572,3320
Apr-2026,40220614,3319
Apr-2026,40221441,3318
Apr-2026,40189901,3317
Apr-2026,40221716,3316
Apr-2026,40201162,3315
Apr-2026,40190185,3314
Apr-2026,40210365,3313
Apr-2026,40220649,3313
Apr-2026,40191217,3312
Apr-2026,40209919,3312
Apr-2026,40217691,3310
Apr-2026,40187916,3309
Apr-2026,30000419,3306
Apr-2026,40217045,3306
Apr-2026,40222959,3305
Apr-2026,40201904,3302
Apr-2026,40205481,3302
Apr-2026,40217731,3302
Apr-2026,40191570,3298
Apr-2026,40195471,3297
Apr-2026,40204838,3294
Apr-2026,40208661,3293
Apr-2026,40205727,3292
Apr-2026,40198205,3290
Apr-2026,40202246,3290
Apr-2026,30000480,3289
Apr-2026,40208682,3288
Apr-2026,40196026,3286
Apr-2026,40207680,3286
Apr-2026,40196840,3284
Apr-2026,40206613,3284
Apr-2026,40217109,3284
Apr-2026,40200617,3282
Apr-2026,40202221,3282
Apr-2026,40213826,3282
Apr-2026,40209758,3281
Apr-2026,40210123,3281
Apr-2026,40199951,3278
Apr-2026,40202977,3278
Apr-2026,40199946,3277
Apr-2026,40202019,3276
Apr-2026,40205646,3276
Apr-2026,40210197,3275
Apr-2026,40184565,3273
Apr-2026,40197956,3272
Apr-2026,40206362,3271
Apr-2026,40209172,3271
Apr-2026,40188194,3270
Apr-2026,40202922,3270
Apr-2026,40205705,3267
Apr-2026,40220489,3266
Apr-2026,40212125,3265
Apr-2026,40215480,3265
Apr-2026,40219687,3265
Apr-2026,40222847,3264
Apr-2026,40194987,3263
Apr-2026,40199573,3263
Apr-2026,40214088,3261
Apr-2026,40214539,3261
Apr-2026,40216711,3260
Apr-2026,40190852,3259
Apr-2026,40189958,3257
Apr-2026,40193144,3257
Apr-2026,40209943,3257
Apr-2026,40188232,3256
Apr-2026,40215334,3256
Apr-2026,40216370,3256
Apr-2026,40208283,3252
Apr-2026,40203586,3250
Apr-2026,40216434,3249
Apr-2026,40211026,3248
Apr-2026,40201488,3247
Apr-2026,40206604,3247
Apr-2026,40191271,3245
Apr-2026,40200034,3245
Apr-2026,40209491,3245
Apr-2026,40193473,3244
Apr-2026,40188674,3243
Apr-2026,40204530,3243
Apr-2026,40224070,3243
Apr-2026,40209036,3242
Apr-2026,40207762,3241
Apr-2026,40209972,3240
Apr-2026,40220939,3240
Apr-2026,40204863,3238
Apr-2026,40195232,3237
Apr-2026,40201180,3237
Apr-2026,40214052,3237
Apr-2026,40197376,3236
Apr-2026,40197635,3235
Apr-2026,40205930,3235
Apr-2026,40216439,3235
Apr-2026,40195368,3232
Apr-2026,40199741,3232
Apr-2026,40208371,3232
Apr-2026,40220302,3231
Apr-2026,40202226,3230
Apr-2026,40199527,3229
Apr-2026,40201558,3229
Apr-2026,40209168,3228
Apr-2026,40221781,3228
Apr-2026,40220783,3227
Apr-2026,40185667,3226
Apr-2026,40201796,3224
Apr-2026,40220909,3223
Apr-2026,40221391,3223
Apr-2026,40209878,3222
Apr-2026,40207776,3221
Apr-2026,40196680,3220
Apr-2026,40201281,3219
Apr-2026,40207021,3219
Apr-2026,40200517,3218
Apr-2026,40207538,3218
Apr-2026,40220200,3218
Apr-2026,40220369,3218
Apr-2026,40202648,3217
Apr-2026,40221343,3217
Apr-2026,40213131,3216
Apr-2026,40222320,3214
Apr-2026,40222405,3213
Apr-2026,40211351,3211
Apr-2026,40204365,3210
Apr-2026,40203084,3207
Apr-2026,40217120,3207
Apr-2026,30000452,3206
Apr-2026,40195477,3206
Apr-2026,40205918,3204
Apr-2026,40221834,3204
Apr-2026,40210635,3202
Apr-2026,40190079,3200
Apr-2026,40214999,3200
Apr-2026,40216789,3200
Apr-2026,40220194,3200
Apr-2026,40191011,3198
Apr-2026,40193389,3198
Apr-2026,40191707,3197
Apr-2026,40198872,3194
Apr-2026,40220595,3191
Apr-2026,40199275,3190
Apr-2026,40203111,3190
Apr-2026,40205910,3188
Apr-2026,40217901,3188
Apr-2026,40219334,3187
Apr-2026,40223550,3187
Apr-2026,40221595,3185
Apr-2026,40190517,3184
Apr-2026,40066519,3183
Apr-2026,40195644,3181
Apr-2026,40210709,3181
Apr-2026,40216551,3179
Apr-2026,40217198,3179
Apr-2026,40217355,3179
Apr-2026,40201431,3172
Apr-2026,40207699,3169
Apr-2026,40197093,3168
Apr-2026,40204690,3168
Apr-2026,40191990,3166
Apr-2026,40208191,3166
Apr-2026,40210668,3166
Apr-2026,40220274,3166
Apr-2026,40209687,3162
Apr-2026,40224119,3161
Apr-2026,40223820,3159
Apr-2026,40206378,3158
Apr-2026,40208486,3158
Apr-2026,40217648,3157
Apr-2026,40194620,3156
Apr-2026,40201649,3153
Apr-2026,40213128,3151
Apr-2026,40218135,3150
Apr-2026,30000388,3148
Apr-2026,40198515,3148
Apr-2026,40203891,3148
Apr-2026,40211116,3147
Apr-2026,40206007,3145
Apr-2026,40190429,3144
Apr-2026,40193958,3144
Apr-2026,40199752,3144
Apr-2026,40203310,3144
Apr-2026,40218598,3142
Apr-2026,40201845,3141
Apr-2026,40212285,3137
Apr-2026,40194677,3135
Apr-2026,40196245,3135
Apr-2026,40204245,3135
Apr-2026,40218271,3135
Apr-2026,40212502,3132
Apr-2026,40191779,3131
Apr-2026,40193769,3131
Apr-2026,40210888,3131
Apr-2026,40196381,3130
Apr-2026,40198290,3130
Apr-2026,40216973,3130
Apr-2026,40223240,3130
Apr-2026,40203749,3129
Apr-2026,40220054,3129
Apr-2026,40183586,3128
Apr-2026,40206830,3128
Apr-2026,40213352,3127
Apr-2026,40216599,3127
Apr-2026,40213486,3119
Apr-2026,40221065,3119
Apr-2026,40193158,3118
Apr-2026,40212270,3118
Apr-2026,40191882,3117
Apr-2026,40219287,3116
Apr-2026,40189796,3113
Apr-2026,40207075,3112
Apr-2026,40220563,3112
Apr-2026,40221566,3112
Apr-2026,40188466,3110
Apr-2026,40196297,3110
Apr-2026,40221943,3109
Apr-2026,40197172,3107
Apr-2026,40197975,3107
Apr-2026,30000381,3106
Apr-2026,40211434,3104
Apr-2026,40196697,3102
Apr-2026,40219491,3102
Apr-2026,40209405,3101
Apr-2026,40215575,3101
Apr-2026,40204301,3100
Apr-2026,40221790,3100
Apr-2026,40194015,3099
Apr-2026,40204241,3096
Apr-2026,40194877,3092
Apr-2026,40200610,3091
Apr-2026,40222106,3091
Apr-2026,40211825,3087
Apr-2026,40190582,3086
Apr-2026,40206900,3086
Apr-2026,40220984,3086
Apr-2026,40190098,3084
Apr-2026,40212941,3084
Apr-2026,40208506,3083
Apr-2026,40187660,3082
Apr-2026,40191529,3082
Apr-2026,40221892,3081
Apr-2026,40221095,3080
Apr-2026,21316642,3079
Apr-2026,40214183,3079
Apr-2026,40214461,3079
Apr-2026,40194192,3077
Apr-2026,40198934,3076
Apr-2026,40195354,3075
Apr-2026,40206050,3074
Apr-2026,40213391,3074
Apr-2026,40209191,3072
Apr-2026,30000455,3065
Apr-2026,40187767,3065
Apr-2026,40195179,3062
Apr-2026,40208385,3061
Apr-2026,40190813,3060
Apr-2026,40208349,3060
Apr-2026,40198436,3059
Apr-2026,40220180,3058
Apr-2026,40199466,3055
Apr-2026,40206767,3055
Apr-2026,40190003,3054
Apr-2026,40211826,3054
Apr-2026,40189918,3053
Apr-2026,40212104,3050
Apr-2026,40200929,3049
Apr-2026,40206196,3049
Apr-2026,40200561,3048
Apr-2026,40212794,3048
Apr-2026,40192440,3047
Apr-2026,40197978,3047
Apr-2026,40214602,3047
Apr-2026,40204789,3043
Apr-2026,40218139,3043
Apr-2026,40220101,3043
Apr-2026,40201666,3042
Apr-2026,40190471,3041
Apr-2026,40199148,3041
Apr-2026,40214185,3037
Apr-2026,40219370,3037
Apr-2026,40205354,3035
Apr-2026,40189556,3034
Apr-2026,40221404,3033
Apr-2026,40201036,3031
Apr-2026,40201106,3031
Apr-2026,40216525,3031
Apr-2026,40211695,3030
Apr-2026,40220638,3030
Apr-2026,40208843,3029
Apr-2026,40200819,3028
Apr-2026,40207968,3027
Apr-2026,40181302,3026
Apr-2026,40201299,3025
Apr-2026,40212742,3025
Apr-2026,40202770,3024
Apr-2026,40214519,3024
Apr-2026,40212559,3023
Apr-2026,40218337,3022
Apr-2026,40192637,3018
Apr-2026,40210077,3018
Apr-2026,40190941,3015
Apr-2026,40192176,3013
Apr-2026,40219264,3012
Apr-2026,40214420,3011
Apr-2026,40209797,3010
Apr-2026,40211703,3009
Apr-2026,40216727,3009
Apr-2026,23749455,3008
Apr-2026,40196739,3008
Apr-2026,40203073,3007
Apr-2026,40210382,3007
Apr-2026,40192376,3006
Apr-2026,40219711,3006
Apr-2026,40213604,3005
Apr-2026,40217423,3005
Apr-2026,40193535,3004
Apr-2026,40212645,3004
Apr-2026,40220184,3004
Apr-2026,40191122,3003
Apr-2026,40199504,3003
Apr-2026,40216142,3003
Apr-2026,40221431,3002
Apr-2026,40191836,3001
Apr-2026,40204770,3001
Apr-2026,40217656,3001
Apr-2026,40212826,3000
Apr-2026,40193884,2999
Apr-2026,40213049,2999
Apr-2026,40197700,2998
Apr-2026,40198221,2998
Apr-2026,40215990,2998
Apr-2026,40202574,2997
Apr-2026,40205233,2996
Apr-2026,40209945,2995
Apr-2026,40220596,2995
Apr-2026,40192235,2994
Apr-2026,40193025,2994
Apr-2026,40219197,2991
Apr-2026,40196013,2990
Apr-2026,40187975,2989
Apr-2026,40191908,2989
Apr-2026,40201570,2989
Apr-2026,40199278,2988
Apr-2026,40202271,2988
Apr-2026,40208093,2988
Apr-2026,40197550,2986
Apr-2026,40193061,2985
Apr-2026,40117414,2983
Apr-2026,40215323,2983
Apr-2026,40202384,2979
Apr-2026,40193526,2978
Apr-2026,40199192,2978
Apr-2026,40200430,2976
Apr-2026,40195063,2975
Apr-2026,40209533,2975
Apr-2026,40220020,2975
Apr-2026,40194255,2974
Apr-2026,40201164,2973
Apr-2026,40216522,2972
Apr-2026,40215919,2970
Apr-2026,40215726,2967
Apr-2026,40188977,2966
Apr-2026,40191532,2966
Apr-2026,40204313,2964
Apr-2026,40061097,2963
Apr-2026,40220946,2962
Apr-2026,40223247,2962
Apr-2026,40222421,2961
Apr-2026,40197268,2958
Apr-2026,40205806,2955
Apr-2026,40206257,2955
Apr-2026,40213810,2954
Apr-2026,40189424,2952
Apr-2026,40198974,2952
Apr-2026,40204681,2952
Apr-2026,40219157,2952
Apr-2026,40193857,2951
Apr-2026,40210427,2950
Apr-2026,40214281,2948
Apr-2026,40216679,2948
Apr-2026,40216351,2945
Apr-2026,40214119,2944
Apr-2026,40209176,2940
Apr-2026,40190401,2939
Apr-2026,40218914,2939
Apr-2026,40198247,2938
Apr-2026,40207497,2938
Apr-2026,40189521,2937
Apr-2026,40219703,2937
Apr-2026,40217627,2935
Apr-2026,40211922,2934
Apr-2026,40191765,2933
Apr-2026,40204885,2933
Apr-2026,40191098,2932
Apr-2026,40203325,2932
Apr-2026,40217914,2928
Apr-2026,40194547,2925
Apr-2026,40221532,2924
Apr-2026,40211976,2923
Apr-2026,40215678,2922
Apr-2026,40189934,2921
Apr-2026,40203141,2921
Apr-2026,40208962,2921
Apr-2026,40205396,2919
Apr-2026,40197523,2918
Apr-2026,30000477,2917
Apr-2026,40208355,2916
Apr-2026,40219369,2916
Apr-2026,40198664,2915
Apr-2026,40212906,2912
Apr-2026,40222377,2912
Apr-2026,40200647,2911
Apr-2026,40215775,2910
Apr-2026,40216637,2906
Apr-2026,23929667,2905
Apr-2026,40200257,2905
Apr-2026,40217758,2905
Apr-2026,40203798,2903
Apr-2026,40206279,2903
Apr-2026,40221724,2901
Apr-2026,40212118,2899
Apr-2026,40213229,2899
Apr-2026,40223354,2897
Apr-2026,40200729,2895
Apr-2026,40191743,2894
Apr-2026,40192812,2893
Apr-2026,40198916,2890
Apr-2026,40213648,2890
Apr-2026,40197696,2889
Apr-2026,40203008,2889
Apr-2026,40199738,2888
Apr-2026,40201159,2888
Apr-2026,40213081,2886
Apr-2026,40215352,2885
Apr-2026,40188905,2884
Apr-2026,40190727,2883
Apr-2026,40193261,2883
Apr-2026,40199373,2883
Apr-2026,40208634,2883
Apr-2026,40212904,2883
Apr-2026,40207764,2882
Apr-2026,40222704,2882
Apr-2026,40215672,2881
Apr-2026,40195323,2880
Apr-2026,40201011,2880
Apr-2026,40190321,2878
Apr-2026,40213767,2878
Apr-2026,40171378,2877
Apr-2026,40053610,2876
Apr-2026,40195059,2874
Apr-2026,40205879,2874
Apr-2026,40206738,2873
Apr-2026,40222187,2873
Apr-2026,40222455,2872
Apr-2026,40212991,2871
Apr-2026,40191228,2869
Apr-2026,40209154,2869
Apr-2026,40218874,2869
Apr-2026,40191352,2868
Apr-2026,40191494,2868
Apr-2026,40211995,2868
Apr-2026,40205226,2866
Apr-2026,40223116,2866
Apr-2026,40208346,2862
Apr-2026,40199594,2860
Apr-2026,40222326,2860
Apr-2026,40219728,2858
Apr-2026,40220023,2856
Apr-2026,40217495,2855
Apr-2026,40205802,2854
Apr-2026,40210108,2854
Apr-2026,40203794,2853
Apr-2026,40209175,2853
Apr-2026,40191260,2850
Apr-2026,40211519,2850
Apr-2026,40201943,2849
Apr-2026,40201296,2848
Apr-2026,40188018,2847
Apr-2026,40197970,2847
Apr-2026,40192422,2846
Apr-2026,40190527,2844
Apr-2026,40211481,2844
Apr-2026,40215562,2844
Apr-2026,40192186,2843
Apr-2026,40202683,2843
Apr-2026,40185348,2841
Apr-2026,40196715,2841
Apr-2026,40203401,2839
Apr-2026,40216132,2838
Apr-2026,40215858,2837
Apr-2026,40195066,2836
Apr-2026,40196547,2836
Apr-2026,40194389,2835
Apr-2026,40196414,2835
Apr-2026,40219917,2835
Apr-2026,40218077,2834
Apr-2026,40205322,2832
Apr-2026,40219236,2832
Apr-2026,40214645,2831
Apr-2026,40216921,2831
Apr-2026,40191992,2830
Apr-2026,40192688,2830
Apr-2026,40200199,2830
Apr-2026,40215727,2830
Apr-2026,40216302,2826
Apr-2026,40220734,2826
Apr-2026,40204134,2825
Apr-2026,40217078,2825
Apr-2026,40201323,2824
Apr-2026,40192901,2821
Apr-2026,40213621,2819
Apr-2026,40199921,2817
Apr-2026,40213416,2816
Apr-2026,40206940,2815
Apr-2026,40205991,2814
Apr-2026,40206031,2814
Apr-2026,40221141,2814
Apr-2026,40187561,2813
Apr-2026,40190834,2812
Apr-2026,40220028,2812
Apr-2026,40222111,2812
Apr-2026,40193364,2809
Apr-2026,40210835,2808
Apr-2026,40219677,2807
Apr-2026,40198845,2806
Apr-2026,40219106,2806
Apr-2026,40191869,2804
Apr-2026,40219580,2804
Apr-2026,40217420,2803
Apr-2026,40193873,2802
Apr-2026,40191910,2801
Apr-2026,40194024,2801
Apr-2026,40222074,2797
Apr-2026,40210912,2793
Apr-2026,40193049,2792
Apr-2026,40186313,2791
Apr-2026,40198932,2789
Apr-2026,40201200,2789
Apr-2026,40220068,2787
Apr-2026,40190359,2785
Apr-2026,40197070,2784
Apr-2026,40203983,2784
Apr-2026,40210563,2784
Apr-2026,40217227,2784
Apr-2026,40222256,2784
Apr-2026,40218288,2782
Apr-2026,40191913,2781
Apr-2026,40191475,2780
Apr-2026,40212711,2780
Apr-2026,40194671,2777
Apr-2026,40218346,2777
Apr-2026,40212298,2775
Apr-2026,40218269,2775
Apr-2026,40203760,2774
Apr-2026,40200539,2773
Apr-2026,40192479,2772
Apr-2026,40189706,2770
Apr-2026,40207002,2770
Apr-2026,40209998,2770
Apr-2026,40220842,2770
Apr-2026,40202383,2769
Apr-2026,40220931,2768
Apr-2026,40194619,2767
Apr-2026,40203240,2766
Apr-2026,40207742,2766
Apr-2026,40213940,2765
Apr-2026,40213242,2763
Apr-2026,40221263,2763
Apr-2026,40195688,2761
Apr-2026,40216081,2760
Apr-2026,40205571,2759
Apr-2026,40199396,2758
Apr-2026,40188913,2757
Apr-2026,40215411,2755
Apr-2026,40194599,2754
Apr-2026,40201434,2754
Apr-2026,40189392,2751
Apr-2026,40212731,2751
Apr-2026,40213575,2751
Apr-2026,40213586,2749
Apr-2026,30000402,2747
Apr-2026,40206551,2747
Apr-2026,40193055,2746
Apr-2026,40202257,2746
Apr-2026,40202713,2746
Apr-2026,40204664,2746
Apr-2026,40199134,2745
Apr-2026,40195667,2744
Apr-2026,40190049,2743
Apr-2026,40204955,2742
Apr-2026,22700212,2739
Apr-2026,40192076,2739
Apr-2026,40191203,2738
Apr-2026,40213883,2738
Apr-2026,40219126,2737
Apr-2026,40209659,2736
Apr-2026,40203616,2735
Apr-2026,40211766,2733
Apr-2026,40212966,2733
Apr-2026,40208240,2732
Apr-2026,40219224,2731
Apr-2026,40200973,2730
Apr-2026,40204698,2730
Apr-2026,40223006,2730
Apr-2026,40215153,2729
Apr-2026,40219167,2729
Apr-2026,40221483,2729
Apr-2026,40191645,2727
Apr-2026,40209897,2726
Apr-2026,40210177,2726
Apr-2026,40207612,2725
Apr-2026,40214573,2725
Apr-2026,40191603,2724
Apr-2026,40201348,2724
Apr-2026,40202101,2721
Apr-2026,40204636,2718
Apr-2026,40193313,2717
Apr-2026,40198810,2717
Apr-2026,40209035,2717
Apr-2026,40205665,2713
Apr-2026,40193315,2712
Apr-2026,40203785,2709
Apr-2026,40223835,2709
Apr-2026,40198127,2708
Apr-2026,40209630,2708
Apr-2026,40196572,2707
Apr-2026,40211258,2707
Apr-2026,40215598,2707
Apr-2026,40216559,2705
Apr-2026,40210098,2704
Apr-2026,40213930,2703
Apr-2026,40188597,2702
Apr-2026,40221124,2702
Apr-2026,40193573,2700
Apr-2026,40215518,2700
Apr-2026,40210482,2699
Apr-2026,40212217,2699
Apr-2026,40190967,2697
Apr-2026,40198552,2697
Apr-2026,40208119,2697
Apr-2026,40213886,2697
Apr-2026,40215077,2697
Apr-2026,40191356,2696
Apr-2026,40219668,2696
Apr-2026,40217702,2695
Apr-2026,40198549,2694
Apr-2026,40213669,2694
Apr-2026,40210128,2693
Apr-2026,40195029,2692
Apr-2026,40219863,2688
Apr-2026,40188058,2686
Apr-2026,40188974,2686
Apr-2026,40215046,2686
Apr-2026,40207129,2684
Apr-2026,40217135,2684
Apr-2026,40194778,2683
Apr-2026,40196341,2682
Apr-2026,40215299,2682
Apr-2026,40220757,2682
Apr-2026,40214117,2681
Apr-2026,40210936,2680
Apr-2026,40216917,2680
Apr-2026,40203562,2679
Apr-2026,40210854,2678
Apr-2026,40198281,2677
Apr-2026,40198440,2675
Apr-2026,40212929,2674
Apr-2026,40215890,2674
Apr-2026,40216811,2674
Apr-2026,40219221,2674
Apr-2026,40199747,2672
Apr-2026,40194158,2671
Apr-2026,40195989,2671
Apr-2026,40203965,2671
Apr-2026,40196388,2670
Apr-2026,30000451,2669
Apr-2026,40215178,2668
Apr-2026,40213152,2665
Apr-2026,40198522,2664
Apr-2026,40194247,2663
Apr-2026,40197567,2663
Apr-2026,40212763,2663
Apr-2026,40210219,2662
Apr-2026,40188789,2660
Apr-2026,40222782,2660
Apr-2026,40203566,2658
Apr-2026,40205538,2658
Apr-2026,40194416,2657
Apr-2026,40210481,2657
Apr-2026,40198841,2656
Apr-2026,40211661,2656
Apr-2026,40220852,2656
Apr-2026,40207529,2655
Apr-2026,30000446,2654
Apr-2026,40216289,2654
Apr-2026,40207163,2653
Apr-2026,40200005,2652
Apr-2026,40209872,2650
Apr-2026,40200096,2649
Apr-2026,40204500,2649
Apr-2026,40219283,2649
Apr-2026,40197876,2648
Apr-2026,40221631,2648
Apr-2026,40205929,2647
Apr-2026,40194841,2643
Apr-2026,40195353,2643
Apr-2026,40198759,2643
Apr-2026,40220448,2643
Apr-2026,40196095,2642
Apr-2026,40196461,2642
Apr-2026,40210364,2642
Apr-2026,40216451,2642
Apr-2026,30000422,2639
Apr-2026,40188775,2639
Apr-2026,40190950,2639
Apr-2026,40195476,2639
Apr-2026,40197113,2639
Apr-2026,40211140,2636
Apr-2026,40218164,2635
Apr-2026,40218677,2634
Apr-2026,40220239,2633
Apr-2026,40190998,2632
Apr-2026,40195788,2632
Apr-2026,40219129,2632
Apr-2026,40191211,2631
Apr-2026,40192312,2631
Apr-2026,40200367,2631
Apr-2026,40187962,2630
Apr-2026,40192462,2630
Apr-2026,40207555,2630
Apr-2026,40205994,2628
Apr-2026,40213164,2628
Apr-2026,40221274,2628
Apr-2026,40208081,2626
Apr-2026,40212632,2626
Apr-2026,40222041,2626
Apr-2026,40222983,2625
Apr-2026,40202379,2624
Apr-2026,40223084,2624
Apr-2026,40212290,2623
Apr-2026,40213459,2623
Apr-2026,40216810,2623
Apr-2026,40222203,2622
Apr-2026,40208551,2621
Apr-2026,40216866,2621
Apr-2026,40198745,2619
Apr-2026,40199567,2618
Apr-2026,40204397,2617
Apr-2026,40206275,2617
Apr-2026,40223162,2617
Apr-2026,40214954,2614
Apr-2026,40220981,2613
Apr-2026,40187074,2611
Apr-2026,40202588,2611
Apr-2026,40206178,2611
Apr-2026,40216619,2611
Apr-2026,40220403,2611
Apr-2026,40213987,2610
Apr-2026,40195741,2609
Apr-2026,40199591,2609
Apr-2026,40219386,2608
Apr-2026,40196406,2607
Apr-2026,40211915,2606
Apr-2026,40211706,2604
Apr-2026,40209304,2603
Apr-2026,40219784,2603
Apr-2026,40222776,2602
Apr-2026,40216363,2600
Apr-2026,40199954,2598
Apr-2026,40206106,2598
Apr-2026,40211205,2598
Apr-2026,40218453,2597
Apr-2026,40202630,2595
Apr-2026,40213566,2595
Apr-2026,40203296,2593
Apr-2026,40207689,2593
Apr-2026,40218467,2593
Apr-2026,40205979,2592
Apr-2026,40208408,2592
Apr-2026,40219735,2592
Apr-2026,40195835,2591
Apr-2026,40203016,2591
Apr-2026,40198226,2588
Apr-2026,40201463,2588
Apr-2026,40203197,2588
Apr-2026,40202107,2587
Apr-2026,40214618,2587
Apr-2026,40191602,2586
Apr-2026,40193030,2586
Apr-2026,40195449,2586
Apr-2026,40198238,2586
Apr-2026,40208377,2586
Apr-2026,40223772,2586
Apr-2026,40196628,2585
Apr-2026,40211918,2585
Apr-2026,40209783,2582
Apr-2026,40206687,2580
Apr-2026,30000438,2578
Apr-2026,40214438,2578
Apr-2026,40189988,2577
Apr-2026,40191885,2577
Apr-2026,40198657,2577
Apr-2026,40200624,2577
Apr-2026,40213332,2575
Apr-2026,40199119,2574
Apr-2026,40204170,2574
Apr-2026,40192904,2573
Apr-2026,40193660,2573
Apr-2026,40196334,2573
Apr-2026,40192589,2572
Apr-2026,40211896,2570
Apr-2026,40216236,2569
Apr-2026,40194112,2567
Apr-2026,40207880,2567
Apr-2026,40204775,2566
Apr-2026,40215338,2566
Apr-2026,40221991,2566
Apr-2026,40207487,2565
Apr-2026,40200420,2564
Apr-2026,40189239,2563
Apr-2026,40194663,2563
Apr-2026,40191984,2562
Apr-2026,40196583,2562
Apr-2026,40195450,2561
Apr-2026,40216902,2561
Apr-2026,40203809,2560
Apr-2026,40205173,2560
Apr-2026,40189232,2557
Apr-2026,40193171,2557
Apr-2026,40201330,2555
Apr-2026,40198097,2553
Apr-2026,40208973,2551
Apr-2026,40204060,2550
Apr-2026,40191658,2549
Apr-2026,40213778,2549
Apr-2026,40214033,2549
Apr-2026,40192606,2547
Apr-2026,40220384,2546
Apr-2026,40192859,2545
Apr-2026,40205650,2544
Apr-2026,40220959,2542
Apr-2026,40223984,2541
Apr-2026,40166738,2539
Apr-2026,40216815,2539
Apr-2026,40190809,2538
Apr-2026,40220597,2538
Apr-2026,40198049,2537
Apr-2026,40205556,2537
Apr-2026,40210902,2536
Apr-2026,40216035,2536
Apr-2026,40192724,2535
Apr-2026,40195035,2535
Apr-2026,40185235,2534
Apr-2026,40200117,2534
Apr-2026,40201854,2530
Apr-2026,40194674,2529
Apr-2026,40198041,2528
Apr-2026,40216319,2528
Apr-2026,40195973,2527
Apr-2026,40221250,2527
Apr-2026,40199475,2526
Apr-2026,40200787,2526
Apr-2026,40205274,2524
Apr-2026,40217563,2524
Apr-2026,40188911,2522
Apr-2026,40199049,2522
Apr-2026,40202464,2522
Apr-2026,40203156,2522
Apr-2026,40212239,2521
Apr-2026,40201543,2520
Apr-2026,40212458,2519
Apr-2026,40217121,2519
Apr-2026,40213367,2518
Apr-2026,40218811,2517
Apr-2026,40221763,2516
Apr-2026,40205972,2515
Apr-2026,40207390,2515
Apr-2026,40193477,2514
Apr-2026,40221886,2514
Apr-2026,40202862,2513
Apr-2026,40191448,2512
Apr-2026,40198321,2512
Apr-2026,40204361,2512
Apr-2026,40223497,2512
Apr-2026,40189636,2511
Apr-2026,40204001,2511
Apr-2026,40217107,2511
Apr-2026,40203323,2510
Apr-2026,40192496,2509
Apr-2026,40193004,2508
Apr-2026,40213339,2508
Apr-2026,40217981,2508
Apr-2026,40194548,2506
Apr-2026,40215854,2506
Apr-2026,40221491,2506
Apr-2026,40187818,2505
Apr-2026,40219671,2505
Apr-2026,40203230,2504
Apr-2026,40208101,2504
Apr-2026,40222448,2503
Apr-2026,40206809,2502
Apr-2026,40219906,2502
Apr-2026,40196884,2501
Apr-2026,40220396,2501
Apr-2026,40193925,2499
Apr-2026,40186693,2497
Apr-2026,40193471,2496
Apr-2026,40197406,2496
Apr-2026,40213383,2496
Apr-2026,40201459,2495
Apr-2026,40204122,2495
Apr-2026,40209289,2495
Apr-2026,40218144,2495
Apr-2026,40207398,2494
Apr-2026,40208699,2494
Apr-2026,40205020,2493
Apr-2026,40207411,2493
Apr-2026,40213833,2493
Apr-2026,40223845,2493
Apr-2026,40210533,2492
Apr-2026,40217870,2491
Apr-2026,40215091,2490
Apr-2026,40222732,2490
Apr-2026,40223243,2490
Apr-2026,40200654,2489
Apr-2026,40212012,2489
Apr-2026,40213354,2489
Apr-2026,40208103,2486
Apr-2026,40198716,2485
Apr-2026,40210592,2485
Apr-2026,40217179,2485
Apr-2026,40201469,2484
Apr-2026,40208137,2484
Apr-2026,40189102,2483
Apr-2026,40201457,2482
Apr-2026,40195953,2481
Apr-2026,40201784,2481
Apr-2026,40221923,2481
Apr-2026,40215997,2480
Apr-2026,40196608,2479
Apr-2026,40203114,2479
Apr-2026,40185974,2478
Apr-2026,40209836,2478
Apr-2026,40220586,2478
Apr-2026,40211254,2476
Apr-2026,40217845,2476
Apr-2026,40188587,2472
Apr-2026,40204057,2472
Apr-2026,40196798,2471
Apr-2026,40186944,2470
Apr-2026,40214114,2470
Apr-2026,40205084,2468
Apr-2026,40197708,2467
Apr-2026,40198343,2467
Apr-2026,40208776,2467
Apr-2026,40203901,2466
Apr-2026,40206083,2466
Apr-2026,40205999,2465
Apr-2026,40205998,2463
Apr-2026,40202332,2461
Apr-2026,40217787,2460
Apr-2026,40221421,2459
Apr-2026,40203467,2458
Apr-2026,40189968,2457
Apr-2026,40194232,2457
Apr-2026,40194971,2457
Apr-2026,40212108,2456
Apr-2026,40219454,2455
Apr-2026,40201261,2454
Apr-2026,40206125,2453
Apr-2026,40209334,2453
Apr-2026,40211584,2453
Apr-2026,40214212,2453
Apr-2026,40196158,2452
Apr-2026,40220438,2452
Apr-2026,40211907,2451
Apr-2026,40212362,2451
Apr-2026,40192382,2450
Apr-2026,40203684,2450
Apr-2026,40207659,2450
Apr-2026,40210038,2450
Apr-2026,40206567,2449
Apr-2026,40221382,2449
Apr-2026,40188154,2446
Apr-2026,40203438,2446
Apr-2026,40220062,2446
Apr-2026,40215681,2444
Apr-2026,40222666,2444
Apr-2026,40199336,2442
Apr-2026,40223577,2442
Apr-2026,40188791,2441
Apr-2026,40202078,2440
Apr-2026,40207295,2440
Apr-2026,40223471,2440
Apr-2026,40189450,2439
Apr-2026,40205371,2434
Apr-2026,40218610,2434
Apr-2026,40213340,2433
Apr-2026,40205425,2432
Apr-2026,40211991,2432
Apr-2026,40212608,2432
Apr-2026,40197184,2430
Apr-2026,40221942,2430
Apr-2026,40195216,2427
Apr-2026,40222650,2425
Apr-2026,40192601,2423
Apr-2026,40199809,2423
Apr-2026,40194314,2422
Apr-2026,40197209,2421
Apr-2026,40204538,2417
Apr-2026,40193744,2415
Apr-2026,40210025,2415
Apr-2026,40220106,2415
Apr-2026,40193990,2413
Apr-2026,40205246,2413
Apr-2026,40211528,2413
Apr-2026,40216051,2413
Apr-2026,40201634,2412
Apr-2026,40191958,2411
Apr-2026,40198137,2411
Apr-2026,40188218,2409
Apr-2026,40194754,2409
Apr-2026,40203772,2409
Apr-2026,40190628,2408
Apr-2026,40192411,2408
Apr-2026,40220329,2408
Apr-2026,40219631,2407
Apr-2026,40198354,2406
Apr-2026,40214880,2406
Apr-2026,40195033,2405
Apr-2026,40195986,2405
Apr-2026,40198803,2405
Apr-2026,40202820,2405
Apr-2026,40201325,2403
Apr-2026,40220232,2403
Apr-2026,40196636,2402
Apr-2026,40192425,2401
Apr-2026,40210426,2401
Apr-2026,40211614,2401
Apr-2026,40206353,2400
Apr-2026,40210401,2398
Apr-2026,40211145,2398
Apr-2026,40189791,2396
Apr-2026,40195159,2396
Apr-2026,40200538,2396
Apr-2026,40211013,2396
Apr-2026,40212393,2395
Apr-2026,40196480,2394
Apr-2026,40218246,2394
Apr-2026,40215356,2392
Apr-2026,40192935,2391
Apr-2026,40215852,2391
Apr-2026,40193778,2389
Apr-2026,40197782,2389
Apr-2026,40200742,2387
Apr-2026,40204566,2387
Apr-2026,40207443,2386
Apr-2026,40216075,2386
Apr-2026,40202616,2384
Apr-2026,40212335,2384
Apr-2026,40200093,2382
Apr-2026,40195513,2380
Apr-2026,40189490,2379
Apr-2026,40216968,2379
Apr-2026,40201642,2378
Apr-2026,40203747,2378
Apr-2026,40209599,2378
Apr-2026,30000469,2376
Apr-2026,40203126,2375
Apr-2026,40203446,2374
Apr-2026,40217019,2373
Apr-2026,40190441,2372
Apr-2026,40190763,2372
Apr-2026,40212322,2371
Apr-2026,40195952,2369
Apr-2026,40197502,2369
Apr-2026,40198174,2369
Apr-2026,40210290,2368
Apr-2026,40189971,2367
Apr-2026,40194772,2367
Apr-2026,40223150,2367
Apr-2026,40192584,2366
Apr-2026,40204044,2366
Apr-2026,40211908,2366
Apr-2026,40210631,2365
Apr-2026,40222827,2365
Apr-2026,40200348,2364
Apr-2026,40200967,2364
Apr-2026,40222169,2364
Apr-2026,40223858,2363
Apr-2026,40199907,2362
Apr-2026,40204532,2362
Apr-2026,40214325,2362
Apr-2026,40216000,2362
Apr-2026,40193796,2361
Apr-2026,40199626,2361
Apr-2026,40216978,2361
Apr-2026,40190539,2360
Apr-2026,40201604,2359
Apr-2026,40211677,2359
Apr-2026,40220815,2359
Apr-2026,40211210,2358
Apr-2026,40213103,2358
Apr-2026,40219723,2358
Apr-2026,40220575,2358
Apr-2026,40222189,2356
Apr-2026,40203481,2355
Apr-2026,40196920,2354
Apr-2026,40189847,2353
Apr-2026,40207990,2353
Apr-2026,40196721,2350
Apr-2026,40214703,2349
Apr-2026,40221440,2349
Apr-2026,40216391,2346
Apr-2026,40191923,2344
Apr-2026,40221127,2344
Apr-2026,40186487,2343
Apr-2026,40211156,2342
Apr-2026,30000427,2341
Apr-2026,40207756,2340
Apr-2026,40192403,2339
Apr-2026,40216305,2339
Apr-2026,40206747,2338
Apr-2026,40222851,2338
Apr-2026,40203762,2337
Apr-2026,40210439,2336
Apr-2026,40215748,2336
Apr-2026,40192685,2335
Apr-2026,40193934,2334
Apr-2026,40216463,2334
Apr-2026,40222627,2334
Apr-2026,40223225,2333
Apr-2026,40206180,2332
Apr-2026,40197173,2331
Apr-2026,40205915,2331
Apr-2026,40209335,2330
Apr-2026,40214297,2330
Apr-2026,40207334,2329
Apr-2026,40210621,2329
Apr-2026,40194814,2328
Apr-2026,40219213,2328
Apr-2026,40218926,2327
Apr-2026,40198893,2326
Apr-2026,40202539,2326
Apr-2026,40210360,2326
Apr-2026,40218156,2326
Apr-2026,40223621,2326
Apr-2026,40190890,2325
Apr-2026,40213056,2325
Apr-2026,40218386,2324
Apr-2026,40193285,2323
Apr-2026,40191256,2322
Apr-2026,40191264,2322
Apr-2026,40200434,2319
Apr-2026,40201464,2318
Apr-2026,40189637,2316
Apr-2026,40190695,2316
Apr-2026,40223995,2316
Apr-2026,40210368,2315
Apr-2026,40199566,2314
Apr-2026,40193160,2312
Apr-2026,40223284,2312
Apr-2026,40200916,2311
Apr-2026,40202872,2311
Apr-2026,40200955,2310
Apr-2026,40208587,2310
Apr-2026,40210471,2310
Apr-2026,40215718,2310
Apr-2026,40189821,2309
Apr-2026,40202939,2309
Apr-2026,40211550,2309
Apr-2026,40188640,2308
Apr-2026,40197521,2308
Apr-2026,40190451,2307
Apr-2026,40192556,2307
Apr-2026,40213338,2307
Apr-2026,40204920,2306
Apr-2026,40198928,2305
Apr-2026,40214123,2305
Apr-2026,40217057,2305
Apr-2026,40192416,2304
Apr-2026,40203710,2304
Apr-2026,40212998,2304
Apr-2026,40223039,2304
Apr-2026,40186666,2303
Apr-2026,40205805,2301
Apr-2026,40214786,2301
Apr-2026,40220826,2301
Apr-2026,40216026,2300
Apr-2026,40196020,2299
Apr-2026,40203461,2299
Apr-2026,40210547,2299
Apr-2026,40221593,2299
Apr-2026,40189130,2297
Apr-2026,40189648,2297
Apr-2026,40192917,2296
Apr-2026,40213501,2296
Apr-2026,40205718,2294
Apr-2026,40222714,2294
Apr-2026,40195399,2293
Apr-2026,40216120,2293
Apr-2026,40202432,2292
Apr-2026,40207564,2292
Apr-2026,40203248,2291
Apr-2026,40212509,2290
Apr-2026,40193393,2287
Apr-2026,40211808,2287
Apr-2026,40201410,2286
Apr-2026,40216771,2286
Apr-2026,40219847,2285
Apr-2026,40199161,2284
Apr-2026,40198435,2283
Apr-2026,40209552,2283
Apr-2026,40223821,2283
Apr-2026,40204430,2282
Apr-2026,40216607,2282
Apr-2026,40201968,2281
Apr-2026,40208719,2281
Apr-2026,40214552,2281
Apr-2026,40214197,2280
Apr-2026,40216406,2276
Apr-2026,40212514,2275
Apr-2026,40193288,2274
Apr-2026,40216376,2274
Apr-2026,40220577,2274
Apr-2026,40223195,2274
Apr-2026,40187215,2273
Apr-2026,40187620,2273
Apr-2026,40196565,2272
Apr-2026,40201557,2272
Apr-2026,40208521,2272
Apr-2026,40190107,2271
Apr-2026,40216726,2271
Apr-2026,40201214,2270
Apr-2026,40204295,2270
Apr-2026,40204881,2270
Apr-2026,40214158,2270
Apr-2026,40204289,2268
Apr-2026,40208035,2268
Apr-2026,40211333,2268
Apr-2026,40216920,2268
Apr-2026,40208473,2267
Apr-2026,40223501,2267
Apr-2026,40219765,2266
Apr-2026,40222971,2266
Apr-2026,40066382,2265
Apr-2026,40198791,2263
Apr-2026,40219124,2262
Apr-2026,40189849,2260
Apr-2026,40191154,2259
Apr-2026,40207991,2258
Apr-2026,40209823,2258
Apr-2026,40219391,2258
Apr-2026,40199351,2257
Apr-2026,40210438,2257
Apr-2026,40195863,2256
Apr-2026,40199981,2256
Apr-2026,40219948,2256
Apr-2026,40196760,2255
Apr-2026,40217111,2254
Apr-2026,40191764,2253
Apr-2026,40192404,2253
Apr-2026,40203257,2253
Apr-2026,40191057,2252
Apr-2026,40212975,2252
Apr-2026,40222539,2252
Apr-2026,40187985,2251
Apr-2026,40208484,2251
Apr-2026,40217838,2249
Apr-2026,40220437,2249
Apr-2026,40191231,2248
Apr-2026,40213881,2248
Apr-2026,40217500,2248
Apr-2026,40192020,2245
Apr-2026,40212331,2245
Apr-2026,40223060,2245
Apr-2026,40218646,2244
Apr-2026,40210849,2243
Apr-2026,40213246,2243
Apr-2026,40195566,2242
Apr-2026,40202475,2241
Apr-2026,40187578,2240
Apr-2026,40217308,2238
Apr-2026,40205518,2237
Apr-2026,40210345,2235
Apr-2026,40201721,2233
Apr-2026,40192881,2231
Apr-2026,40199247,2231
Apr-2026,40206916,2231
Apr-2026,40215239,2231
Apr-2026,40199514,2230
Apr-2026,40212089,2230
Apr-2026,40205431,2228
Apr-2026,40222263,2228
Apr-2026,40191629,2227
Apr-2026,40217760,2227
Apr-2026,40206984,2226
Apr-2026,40216446,2226
Apr-2026,40216561,2226
Apr-2026,40218570,2226
Apr-2026,40222035,2226
Apr-2026,40194588,2225
Apr-2026,40209475,2224
Apr-2026,40221030,2224
Apr-2026,40192530,2221
Apr-2026,40196131,2221
Apr-2026,40199647,2219
Apr-2026,40190136,2218
Apr-2026,40199495,2218
Apr-2026,40209232,2218
Apr-2026,40193062,2217
Apr-2026,40208129,2217
Apr-2026,40213730,2216
Apr-2026,40191387,2214
Apr-2026,40218793,2214
Apr-2026,40204323,2213
Apr-2026,40211178,2213
Apr-2026,40216606,2213
Apr-2026,40219935,2213
Apr-2026,40190356,2211
Apr-2026,40212043,2209
Apr-2026,40223735,2209
Apr-2026,40212972,2208
Apr-2026,40216992,2208
Apr-2026,40221160,2208
Apr-2026,40189936,2207
Apr-2026,40204156,2207
Apr-2026,40204693,2207
Apr-2026,40207846,2207
Apr-2026,40194632,2206
Apr-2026,40218568,2206
Apr-2026,40213736,2205
Apr-2026,40189206,2204
Apr-2026,40190819,2204
Apr-2026,40203547,2204
Apr-2026,40205824,2204
Apr-2026,40218943,2204
Apr-2026,40188708,2203
Apr-2026,40195160,2203
Apr-2026,40196971,2202
Apr-2026,40199390,2202
Apr-2026,40200899,2202
Apr-2026,40201781,2202
Apr-2026,40209443,2201
Apr-2026,40219207,2201
Apr-2026,40203308,2200
Apr-2026,40219681,2200
Apr-2026,40195172,2199
Apr-2026,40206014,2199
Apr-2026,40212948,2199
Apr-2026,40222698,2199
Apr-2026,40196956,2198
Apr-2026,40223637,2198
Apr-2026,40201671,2197
Apr-2026,40205230,2197
Apr-2026,40207731,2197
Apr-2026,40207954,2197
Apr-2026,40207643,2195
Apr-2026,40206527,2194
Apr-2026,40221117,2194
Apr-2026,40206233,2193
Apr-2026,40215655,2193
Apr-2026,40216946,2193
Apr-2026,40218905,2193
Apr-2026,40221620,2193
Apr-2026,40200956,2192
Apr-2026,40210231,2191
Apr-2026,40221162,2190
Apr-2026,40221645,2190
Apr-2026,40189779,2189
Apr-2026,40204520,2189
Apr-2026,40212659,2189
Apr-2026,40219888,2189
Apr-2026,40221410,2189
Apr-2026,40199619,2188
Apr-2026,40205633,2188
Apr-2026,40207495,2188
Apr-2026,40212099,2187
Apr-2026,40215384,2187
Apr-2026,40195024,2185
Apr-2026,40205927,2185
Apr-2026,40220882,2185
Apr-2026,40190790,2184
Apr-2026,40216330,2184
Apr-2026,40219590,2184
Apr-2026,40212558,2183
Apr-2026,40214173,2182
Apr-2026,40214241,2182
Apr-2026,40188922,2181
Apr-2026,40196456,2181
Apr-2026,40220935,2181
Apr-2026,40223134,2180
Apr-2026,40204811,2179
Apr-2026,40191195,2178
Apr-2026,40191894,2178
Apr-2026,40205842,2178
Apr-2026,40217314,2177
Apr-2026,40220573,2177
Apr-2026,40187673,2175
Apr-2026,40197060,2175
Apr-2026,40219079,2174
Apr-2026,40217421,2173
Apr-2026,40201171,2172
Apr-2026,40213113,2172
Apr-2026,40221794,2172
Apr-2026,40222594,2172
Apr-2026,40215552,2167
Apr-2026,40198512,2166
Apr-2026,40201059,2166
Apr-2026,40190273,2165
Apr-2026,40209537,2165
Apr-2026,40221611,2165
Apr-2026,40198325,2163
Apr-2026,40207363,2163
Apr-2026,40191210,2160
Apr-2026,40203686,2158
Apr-2026,40212154,2157
Apr-2026,40195486,2156
Apr-2026,40203004,2156
Apr-2026,40219714,2155
Apr-2026,40220046,2154
Apr-2026,40220993,2154
Apr-2026,40209448,2153
Apr-2026,40210432,2153
Apr-2026,40204965,2151
Apr-2026,40205289,2151
Apr-2026,40211989,2151
Apr-2026,40212388,2151
Apr-2026,40223191,2151
Apr-2026,30000436,2150
Apr-2026,40190825,2150
Apr-2026,40202480,2150
Apr-2026,40203301,2150
Apr-2026,40209498,2150
Apr-2026,40217919,2150
Apr-2026,40222873,2150
Apr-2026,40188997,2149
Apr-2026,40198402,2149
Apr-2026,40208363,2148
Apr-2026,40200220,2147
Apr-2026,40209132,2147
Apr-2026,40066244,2146
Apr-2026,40198984,2145
Apr-2026,40210999,2144
Apr-2026,40214873,2144
Apr-2026,40222308,2144
Apr-2026,40192023,2143
Apr-2026,40220419,2143
Apr-2026,40205674,2142
Apr-2026,40191161,2141
Apr-2026,40204814,2141
Apr-2026,40220613,2141
Apr-2026,40205547,2139
Apr-2026,40210388,2139
Apr-2026,40195668,2137
Apr-2026,40208144,2136
Apr-2026,40194726,2135
Apr-2026,40202593,2135
Apr-2026,40206415,2134
Apr-2026,40217773,2134
Apr-2026,40190075,2133
Apr-2026,40207105,2132
Apr-2026,40211890,2132
Apr-2026,40214169,2132
Apr-2026,40196398,2131
Apr-2026,40210344,2131
Apr-2026,40214002,2131
Apr-2026,40223468,2131
Apr-2026,40207971,2130
Apr-2026,40217953,2130
Apr-2026,40195469,2129
Apr-2026,40195136,2128
Apr-2026,40215218,2128
Apr-2026,40215287,2128
Apr-2026,40188920,2126
Apr-2026,40203944,2126
Apr-2026,40202359,2125
Apr-2026,40213293,2125
Apr-2026,40216577,2125
Apr-2026,40198413,2124
Apr-2026,40207369,2124
Apr-2026,40199248,2122
Apr-2026,40205091,2122
Apr-2026,40209653,2122
Apr-2026,40213305,2120
Apr-2026,40215837,2117
Apr-2026,40220103,2117
Apr-2026,40211630,2116
Apr-2026,40193000,2115
Apr-2026,40208608,2115
Apr-2026,40212618,2113
Apr-2026,40190520,2111
Apr-2026,40222691,2111
Apr-2026,40222910,2110
Apr-2026,40222311,2109
Apr-2026,40206823,2108
Apr-2026,40207803,2108
Apr-2026,40188676,2107
Apr-2026,40191562,2107
Apr-2026,40199999,2107
Apr-2026,40220019,2107
Apr-2026,40197169,2106
Apr-2026,40213043,2106
Apr-2026,40191694,2105
Apr-2026,40210295,2105
Apr-2026,40223103,2105
Apr-2026,23614212,2104
Apr-2026,40189050,2104
Apr-2026,40190919,2104
Apr-2026,40202829,2104
Apr-2026,40223235,2104
Apr-2026,40215925,2103
Apr-2026,40201531,2102
Apr-2026,40212310,2102
Apr-2026,40196528,2100
Apr-2026,40206740,2100
Apr-2026,40206919,2100
Apr-2026,40217769,2100
Apr-2026,40219172,2100
Apr-2026,40207107,2099
Apr-2026,40217794,2099
Apr-2026,40221925,2099
Apr-2026,40206557,2098
Apr-2026,40209083,2098
Apr-2026,40209666,2097
Apr-2026,40220496,2097
Apr-2026,40216086,2096
Apr-2026,40190117,2095
Apr-2026,40195121,2095
Apr-2026,40196734,2094
Apr-2026,40205767,2094
Apr-2026,40214148,2092
Apr-2026,40190021,2090
Apr-2026,40193537,2090
Apr-2026,40195691,2089
Apr-2026,40207194,2088
Apr-2026,40216987,2088
Apr-2026,40172760,2087
Apr-2026,40191740,2087
Apr-2026,40210154,2087
Apr-2026,40218843,2086
Apr-2026,40210299,2085
Apr-2026,40191648,2084
Apr-2026,40200874,2084
Apr-2026,40216395,2084
Apr-2026,40213860,2083
Apr-2026,40206965,2082
Apr-2026,40208867,2081
Apr-2026,40211731,2081
Apr-2026,40222491,2081
Apr-2026,40201252,2077
Apr-2026,40200731,2076
Apr-2026,40207710,2076
Apr-2026,40209879,2076
Apr-2026,40202248,2075
Apr-2026,40217302,2075
Apr-2026,40218980,2075
Apr-2026,40206299,2074
Apr-2026,40199091,2073
Apr-2026,40200335,2073
Apr-2026,40216898,2073
Apr-2026,40194815,2072
Apr-2026,40192246,2071
Apr-2026,40213662,2071
Apr-2026,40202114,2070
Apr-2026,40213793,2070
Apr-2026,40217875,2070
Apr-2026,40219978,2069
Apr-2026,40223294,2069
Apr-2026,40213489,2068
Apr-2026,40218073,2067
Apr-2026,40223618,2066
Apr-2026,40192234,2064
Apr-2026,40195897,2064
Apr-2026,40209819,2064
Apr-2026,40205543,2063
Apr-2026,40221992,2063
Apr-2026,40198914,2062
Apr-2026,40199910,2061
Apr-2026,40191846,2060
Apr-2026,40199693,2060
Apr-2026,40204924,2059
Apr-2026,40207111,2059
Apr-2026,40210809,2059
Apr-2026,40198615,2057
Apr-2026,40215095,2057
Apr-2026,40190349,2056
Apr-2026,40191671,2056
Apr-2026,40193077,2055
Apr-2026,40198239,2055
Apr-2026,40199162,2055
Apr-2026,40222674,2055
Apr-2026,40191257,2054
Apr-2026,40203853,2053
Apr-2026,40208124,2053
Apr-2026,40199228,2052
Apr-2026,40204793,2052
Apr-2026,40207481,2052
Apr-2026,40204002,2051
Apr-2026,40215737,2051
Apr-2026,40199570,2050
Apr-2026,40190985,2049
Apr-2026,40194898,2048
Apr-2026,40196929,2048
Apr-2026,40213476,2047
Apr-2026,40216175,2047
Apr-2026,40194834,2046
Apr-2026,40210385,2046
Apr-2026,40188726,2044
Apr-2026,40192527,2043
Apr-2026,40208534,2043
Apr-2026,40220472,2043
Apr-2026,40193638,2042
Apr-2026,40217441,2042
Apr-2026,40189549,2041
Apr-2026,40191900,2041
Apr-2026,40201355,2041
Apr-2026,40204546,2041
Apr-2026,40194501,2040
Apr-2026,40212644,2040
Apr-2026,40218385,2040
Apr-2026,40220590,2039
Apr-2026,40196634,2038
Apr-2026,40192337,2036
Apr-2026,40198268,2036
Apr-2026,40216323,2036
Apr-2026,40192586,2035
Apr-2026,40209810,2035
Apr-2026,40214277,2035
Apr-2026,40214784,2034
Apr-2026,40223573,2034
Apr-2026,40191935,2032
Apr-2026,40214012,2032
Apr-2026,40220552,2032
Apr-2026,40192918,2031
Apr-2026,40206131,2030
Apr-2026,40222843,2030
Apr-2026,40192269,2029
Apr-2026,40216273,2029
Apr-2026,40191783,2028
Apr-2026,40213693,2028
Apr-2026,40220911,2028
Apr-2026,40199155,2027
Apr-2026,40205313,2026
Apr-2026,40217187,2026
Apr-2026,40190284,2025
Apr-2026,40195068,2025
Apr-2026,40197077,2025
Apr-2026,40199634,2024
Apr-2026,40200395,2024
Apr-2026,40212575,2024
Apr-2026,40203941,2023
Apr-2026,40215671,2023
Apr-2026,40221209,2022
Apr-2026,40187252,2021
Apr-2026,40204272,2021
Apr-2026,40215618,2021
Apr-2026,40219043,2021
Apr-2026,40223834,2021
Apr-2026,40190594,2020
Apr-2026,40196103,2020
Apr-2026,40196976,2020
Apr-2026,40206212,2019
Apr-2026,40197647,2018
Apr-2026,40214222,2017
Apr-2026,40198889,2016
Apr-2026,40199536,2016
Apr-2026,40201154,2016
Apr-2026,40207871,2016
Apr-2026,40217351,2016
Apr-2026,40188217,2015
Apr-2026,40195045,2015
Apr-2026,40208274,2015
Apr-2026,40213392,2015
Apr-2026,40220224,2015
Apr-2026,40221827,2013
Apr-2026,40223630,2013
Apr-2026,40206102,2012
Apr-2026,40209243,2011
Apr-2026,40199376,2010
Apr-2026,40201179,2008
Apr-2026,40199491,2007
Apr-2026,40217493,2007
Apr-2026,40217670,2007
Apr-2026,40195270,2006
Apr-2026,40219070,2006
Apr-2026,40194528,2005
Apr-2026,40220518,2005
Apr-2026,40199079,2004
Apr-2026,40216884,2003
Apr-2026,40218992,2003
Apr-2026,40172167,2001
Apr-2026,40205143,2001
Apr-2026,40215460,2001
Apr-2026,40211711,2000
Apr-2026,40216178,2000
Apr-2026,40186690,1998
Apr-2026,40206974,1997
Apr-2026,40192521,1996
Apr-2026,40199446,1996
Apr-2026,40203455,1995
Apr-2026,40191290,1994
Apr-2026,40214885,1994
Apr-2026,40193922,1993
Apr-2026,40196293,1993
Apr-2026,40209287,1993
Apr-2026,40190413,1992
Apr-2026,40205283,1991
Apr-2026,40208027,1991
Apr-2026,40222922,1991
Apr-2026,40191953,1990
Apr-2026,40206711,1989
Apr-2026,40216368,1989
Apr-2026,40188759,1988
Apr-2026,40199082,1988
Apr-2026,40206675,1988
Apr-2026,40209291,1986
Apr-2026,40214789,1986
Apr-2026,40201627,1985
Apr-2026,40208845,1985
Apr-2026,40199164,1983
Apr-2026,40204692,1983
Apr-2026,40213535,1983
Apr-2026,40187988,1981
Apr-2026,40195376,1980
Apr-2026,40203804,1980
Apr-2026,40219565,1980
Apr-2026,40193885,1978
Apr-2026,40200701,1977
Apr-2026,40209324,1975
Apr-2026,40215217,1975
Apr-2026,40219039,1975
Apr-2026,40219487,1975
Apr-2026,40221068,1975
Apr-2026,40222119,1975
Apr-2026,40193203,1974
Apr-2026,40205236,1974
Apr-2026,40216103,1972
Apr-2026,40201231,1971
Apr-2026,40215111,1971
Apr-2026,40210045,1970
Apr-2026,40210046,1970
Apr-2026,40221278,1970
Apr-2026,40203792,1969
Apr-2026,40214307,1969
Apr-2026,40208481,1968
Apr-2026,40203832,1967
Apr-2026,40199280,1966
Apr-2026,40205137,1966
Apr-2026,40207280,1966
Apr-2026,40212065,1966
Apr-2026,40191480,1965
Apr-2026,40199300,1964
Apr-2026,40202193,1964
Apr-2026,40189736,1963
Apr-2026,40196159,1961
Apr-2026,40187994,1960
Apr-2026,40191696,1959
Apr-2026,40192050,1959
Apr-2026,40197570,1959
Apr-2026,40192135,1958
Apr-2026,40199753,1958
Apr-2026,40210313,1958
Apr-2026,40194888,1957
Apr-2026,40196190,1957
Apr-2026,40198892,1957
Apr-2026,40201210,1957
Apr-2026,40222223,1957
Apr-2026,40206492,1956
Apr-2026,40195770,1954
Apr-2026,40201204,1954
Apr-2026,40208602,1954
Apr-2026,40216106,1954
Apr-2026,40193067,1953
Apr-2026,40197204,1953
Apr-2026,40202583,1953
Apr-2026,40208373,1953
Apr-2026,40210495,1953
Apr-2026,40212042,1953
Apr-2026,40192099,1952
Apr-2026,40206890,1951
Apr-2026,40220033,1951
Apr-2026,23918413,1950
Apr-2026,40206305,1950
Apr-2026,40218723,1949
Apr-2026,40220292,1949
Apr-2026,40188959,1946
Apr-2026,40195436,1946
Apr-2026,40206827,1946
Apr-2026,40203976,1945
Apr-2026,40196302,1944
Apr-2026,40211628,1944
Apr-2026,40213708,1944
Apr-2026,40195326,1943
Apr-2026,40204461,1943
Apr-2026,40215627,1943
Apr-2026,40217054,1943
Apr-2026,40219105,1943
Apr-2026,40195157,1942
Apr-2026,40205051,1942
Apr-2026,40219033,1941
Apr-2026,40220798,1941
Apr-2026,40197833,1940
Apr-2026,40198211,1940
Apr-2026,40213118,1940
Apr-2026,40194813,1939
Apr-2026,40202973,1939
Apr-2026,40208424,1939
Apr-2026,40194440,1937
Apr-2026,40203768,1937
Apr-2026,40207353,1937
Apr-2026,40190631,1936
Apr-2026,40222751,1936
Apr-2026,40195601,1935
Apr-2026,40211039,1935
Apr-2026,40213379,1935
Apr-2026,40197847,1934
Apr-2026,40201331,1934
Apr-2026,40207124,1934
Apr-2026,40212399,1934
Apr-2026,40216325,1934
Apr-2026,40193754,1933
Apr-2026,40210507,1933
Apr-2026,40217544,1933
Apr-2026,40196540,1932
Apr-2026,40188591,1931
Apr-2026,40202478,1931
Apr-2026,40206224,1931
Apr-2026,40207462,1931
Apr-2026,40201556,1930
Apr-2026,40216586,1930
Apr-2026,40193416,1929
Apr-2026,40218945,1929
Apr-2026,40222846,1929
Apr-2026,40203168,1927
Apr-2026,40220548,1927
Apr-2026,40183386,1926
Apr-2026,40202692,1926
Apr-2026,30000476,1925
Apr-2026,40222571,1925
Apr-2026,40215503,1924
Apr-2026,40222116,1924
Apr-2026,40200866,1922
Apr-2026,40204398,1922
Apr-2026,40195410,1920
Apr-2026,40222359,1920
Apr-2026,40223775,1919
Apr-2026,40190853,1918
Apr-2026,40195867,1918
Apr-2026,40210823,1918
Apr-2026,40218195,1917
Apr-2026,40191994,1915
Apr-2026,40207624,1915
Apr-2026,40209591,1914
Apr-2026,40205320,1913
Apr-2026,40207828,1913
Apr-2026,40206465,1912
Apr-2026,40190141,1911
Apr-2026,40213875,1911
Apr-2026,40215367,1911
Apr-2026,40216014,1911
Apr-2026,40216573,1911
Apr-2026,40208826,1910
Apr-2026,40194239,1909
Apr-2026,40197720,1909
Apr-2026,40215813,1909
Apr-2026,40222967,1909
Apr-2026,40065501,1908
Apr-2026,40215714,1908
Apr-2026,40192085,1907
Apr-2026,40194685,1907
Apr-2026,40207628,1907
Apr-2026,40221599,1907
Apr-2026,40200761,1906
Apr-2026,40201639,1906
Apr-2026,40214796,1906
Apr-2026,40211657,1905
Apr-2026,40215922,1905
Apr-2026,40217561,1905
Apr-2026,40193072,1904
Apr-2026,40221846,1904
Apr-2026,40197742,1903
Apr-2026,40215482,1903
Apr-2026,40189904,1902
Apr-2026,40215157,1902
Apr-2026,40219425,1902
Apr-2026,40190285,1901
Apr-2026,40207473,1901
Apr-2026,40209767,1901
Apr-2026,40205088,1900
Apr-2026,40207141,1900
Apr-2026,40198322,1898
Apr-2026,40208189,1898
Apr-2026,40197979,1896
Apr-2026,40199424,1896
Apr-2026,40208794,1896
Apr-2026,40195817,1894
Apr-2026,40198736,1894
Apr-2026,40213071,1894
Apr-2026,40193676,1893
Apr-2026,40200602,1893
Apr-2026,40202072,1893
Apr-2026,40200186,1892
Apr-2026,40209406,1892
Apr-2026,40205833,1890
Apr-2026,40221775,1890
Apr-2026,40195441,1889
Apr-2026,40200712,1889
Apr-2026,40211296,1889
Apr-2026,40196224,1888
Apr-2026,40203244,1888
Apr-2026,40218612,1888
Apr-2026,40206649,1887
Apr-2026,40212988,1887
Apr-2026,40202721,1883
Apr-2026,40221390,1883
Apr-2026,40208607,1881
Apr-2026,40208072,1880
Apr-2026,40216482,1880
Apr-2026,40219161,1879
Apr-2026,40211655,1878
Apr-2026,40203955,1877
Apr-2026,40208630,1877
Apr-2026,40209395,1876
Apr-2026,40196486,1874
Apr-2026,40197259,1874
Apr-2026,40215499,1874
Apr-2026,40193012,1873
Apr-2026,40186906,1872
Apr-2026,40196481,1872
Apr-2026,40219659,1872
Apr-2026,40200322,1871
Apr-2026,40211937,1871
Apr-2026,40189921,1870
Apr-2026,40210715,1870
Apr-2026,40218658,1870
Apr-2026,40066489,1869
Apr-2026,40214136,1869
Apr-2026,40217404,1869
Apr-2026,30000488,1868
Apr-2026,40194612,1868
Apr-2026,40202335,1868
Apr-2026,40220712,1868
Apr-2026,40200518,1867
Apr-2026,40204985,1867
Apr-2026,40213931,1866
Apr-2026,40214150,1866
Apr-2026,40205738,1865
Apr-2026,40217783,1865
Apr-2026,40196389,1864
Apr-2026,40197741,1864
Apr-2026,40200464,1864
Apr-2026,40203177,1864
Apr-2026,40208813,1864
Apr-2026,40212094,1864
Apr-2026,40215950,1864
Apr-2026,40216758,1864
Apr-2026,40223268,1864
Apr-2026,40195246,1863
Apr-2026,40212325,1863
Apr-2026,40220676,1863
Apr-2026,40198294,1862
Apr-2026,40214735,1862
Apr-2026,40220555,1862
Apr-2026,40200396,1861
Apr-2026,40210119,1861
Apr-2026,40218514,1861
Apr-2026,40220207,1861
Apr-2026,12218263,1860
Apr-2026,40188882,1860
Apr-2026,40223394,1860
Apr-2026,40199817,1859
Apr-2026,40209329,1859
Apr-2026,40218849,1859
Apr-2026,40215900,1858
Apr-2026,40219336,1858
Apr-2026,40200829,1857
Apr-2026,40194818,1856
Apr-2026,40202654,1856
Apr-2026,40217476,1856
Apr-2026,40189262,1855
Apr-2026,40200676,1855
Apr-2026,40210033,1855
Apr-2026,40217307,1854
Apr-2026,40211853,1853
Apr-2026,40221717,1853
Apr-2026,40196352,1852
Apr-2026,40219152,1852
Apr-2026,40187269,1851
Apr-2026,40209911,1851
Apr-2026,40217763,1851
Apr-2026,40200822,1850
Apr-2026,40207286,1850
Apr-2026,40223774,1849
Apr-2026,40198570,1848
Apr-2026,40216515,1848
Apr-2026,40200399,1847
Apr-2026,40211021,1847
Apr-2026,40220272,1847
Apr-2026,40195053,1846
Apr-2026,40218177,1846
Apr-2026,40202000,1845
Apr-2026,40208115,1845
Apr-2026,40203587,1844
Apr-2026,40203082,1842
Apr-2026,23787337,1841
Apr-2026,40198931,1841
Apr-2026,40212444,1841
Apr-2026,40190119,1840
Apr-2026,40198073,1840
Apr-2026,40191013,1839
Apr-2026,40207120,1839
Apr-2026,40215348,1839
Apr-2026,40193182,1836
Apr-2026,40216542,1836
Apr-2026,40199383,1835
Apr-2026,40213173,1835
Apr-2026,40190437,1834
Apr-2026,40212291,1834
Apr-2026,40209602,1833
Apr-2026,40214605,1833
Apr-2026,40191849,1832
Apr-2026,40206029,1832
Apr-2026,40206917,1832
Apr-2026,40201028,1831
Apr-2026,40204579,1831
Apr-2026,40214766,1831
Apr-2026,30000426,1830
Apr-2026,40196948,1830
Apr-2026,40202818,1830
Apr-2026,40214352,1830
Apr-2026,40219588,1828
Apr-2026,40215956,1827
Apr-2026,40191967,1826
Apr-2026,40220449,1826
Apr-2026,40211222,1825
Apr-2026,40211516,1825
Apr-2026,40223142,1825
Apr-2026,40209376,1824
Apr-2026,40187332,1823
Apr-2026,40201038,1822
Apr-2026,40191176,1821
Apr-2026,40216945,1821
Apr-2026,40218069,1821
Apr-2026,40192988,1820
Apr-2026,40195605,1820
Apr-2026,40202687,1820
Apr-2026,40204773,1820
Apr-2026,40192194,1819
Apr-2026,40214882,1818
Apr-2026,22335481,1817
Apr-2026,40204954,1817
Apr-2026,40211452,1817
Apr-2026,40212656,1816
Apr-2026,40220742,1816
Apr-2026,40199682,1815
Apr-2026,40203009,1815
Apr-2026,40200160,1814
Apr-2026,40215418,1814
Apr-2026,40196695,1813
Apr-2026,40220040,1812
Apr-2026,40200914,1811
Apr-2026,40218806,1811
Apr-2026,40190083,1809
Apr-2026,40197371,1809
Apr-2026,40216745,1809
Apr-2026,40220808,1809
Apr-2026,40192360,1808
Apr-2026,40200503,1808
Apr-2026,40200530,1808
Apr-2026,40210861,1808
Apr-2026,40217579,1808
Apr-2026,40194456,1807
Apr-2026,40216527,1807
Apr-2026,40206344,1806
Apr-2026,40216754,1805
Apr-2026,40218775,1805
Apr-2026,40220724,1805
Apr-2026,40191965,1804
Apr-2026,40209944,1804
Apr-2026,40197764,1803
Apr-2026,40205568,1803
Apr-2026,40222845,1803
Apr-2026,40196724,1802
Apr-2026,40197305,1802
Apr-2026,40208656,1802
Apr-2026,40214154,1801
Apr-2026,40216366,1801
Apr-2026,40217060,1801
Apr-2026,23846220,1800
Apr-2026,40191325,1800
Apr-2026,40194418,1800
Apr-2026,40197403,1800
Apr-2026,40221738,1800
Apr-2026,40190013,1799
Apr-2026,40206818,1799
Apr-2026,40213751,1799
Apr-2026,40219160,1799
Apr-2026,40187848,1798
Apr-2026,40221630,1798
Apr-2026,40191075,1795
Apr-2026,40190920,1794
Apr-2026,40207911,1794
Apr-2026,40209625,1794
Apr-2026,40191082,1793
Apr-2026,40196164,1793
Apr-2026,40207386,1793
Apr-2026,40209469,1791
Apr-2026,40223395,1791
Apr-2026,40194104,1790
Apr-2026,40200441,1790
Apr-2026,40223260,1790
Apr-2026,40198295,1789
Apr-2026,40204711,1789
Apr-2026,40216392,1789
Apr-2026,40218486,1789
Apr-2026,40191197,1788
Apr-2026,40202871,1788
Apr-2026,40206032,1788
Apr-2026,40209043,1788
Apr-2026,40210959,1788
Apr-2026,40190814,1787
Apr-2026,40205589,1786
Apr-2026,40211919,1786
Apr-2026,40207581,1785
Apr-2026,40208034,1785
Apr-2026,40209957,1785
Apr-2026,40163398,1784
Apr-2026,40194143,1784
Apr-2026,40221628,1784
Apr-2026,23858395,1783
Apr-2026,40195762,1783
Apr-2026,40210926,1783
Apr-2026,40188631,1782
Apr-2026,40201068,1782
Apr-2026,40204764,1782
Apr-2026,40222767,1782
Apr-2026,40202618,1781
Apr-2026,40208589,1781
Apr-2026,40208445,1780
Apr-2026,40218133,1780
Apr-2026,40204396,1779
Apr-2026,40213088,1779
Apr-2026,40217526,1779
Apr-2026,40218918,1779
Apr-2026,40206976,1778
Apr-2026,40217328,1778
Apr-2026,40200558,1776
Apr-2026,40216541,1776
Apr-2026,40192048,1774
Apr-2026,40198968,1774
Apr-2026,40222919,1774
Apr-2026,40192220,1773
Apr-2026,40219605,1773
Apr-2026,40203801,1772
Apr-2026,40209014,1772
Apr-2026,40193971,1770
Apr-2026,40197772,1770
Apr-2026,40220290,1770
Apr-2026,40217638,1769
Apr-2026,40218416,1769
Apr-2026,40191789,1768
Apr-2026,40213813,1768
Apr-2026,40214022,1768
Apr-2026,40189437,1767
Apr-2026,40210906,1766
Apr-2026,40197768,1765
Apr-2026,40205722,1764
Apr-2026,40213446,1764
Apr-2026,40200070,1763
Apr-2026,40216929,1763
Apr-2026,40191452,1762
Apr-2026,40198638,1762
Apr-2026,40221041,1762
Apr-2026,40189148,1761
Apr-2026,40189216,1761
Apr-2026,40203550,1761
Apr-2026,40199337,1760
Apr-2026,40201755,1760
Apr-2026,40221035,1760
Apr-2026,40070723,1759
Apr-2026,40191360,1759
Apr-2026,40205418,1759
Apr-2026,40188335,1758
Apr-2026,40199160,1758
Apr-2026,40188092,1757
Apr-2026,40213993,1757
Apr-2026,40223486,1757
Apr-2026,40216751,1756
Apr-2026,40194073,1755
Apr-2026,40206486,1755
Apr-2026,40206689,1754
Apr-2026,40219136,1754
Apr-2026,40198022,1753
Apr-2026,23807936,1752
Apr-2026,40190847,1752
Apr-2026,40221807,1752
Apr-2026,40196862,1751
Apr-2026,40206320,1751
Apr-2026,40219257,1751
Apr-2026,40221625,1751
Apr-2026,40191067,1749
Apr-2026,40198896,1749
Apr-2026,40200691,1747
Apr-2026,40206450,1747
Apr-2026,40208970,1747
Apr-2026,40196949,1746
Apr-2026,40204635,1746
Apr-2026,40209423,1746
Apr-2026,40191579,1744
Apr-2026,40206036,1744
Apr-2026,40199322,1742
Apr-2026,40204268,1742
Apr-2026,40210503,1742
Apr-2026,40220326,1742
Apr-2026,40223197,1742
Apr-2026,40219066,1740
Apr-2026,40220315,1740
Apr-2026,40190350,1739
Apr-2026,40220141,1739
Apr-2026,40209691,1738
Apr-2026,40214813,1738
Apr-2026,40222318,1738
Apr-2026,30000370,1737
Apr-2026,40198852,1737
Apr-2026,40201043,1731
Apr-2026,40206790,1731
Apr-2026,40208749,1731
Apr-2026,40221920,1731
Apr-2026,40196408,1730
Apr-2026,40205818,1730
Apr-2026,40213477,1730
Apr-2026,40215376,1730
Apr-2026,40213218,1728
Apr-2026,40219778,1728
Apr-2026,40192352,1727
Apr-2026,40204442,1725
Apr-2026,40214341,1725
Apr-2026,40220599,1724
Apr-2026,40197335,1722
Apr-2026,40190111,1721
Apr-2026,40222726,1721
Apr-2026,40208298,1720
Apr-2026,40190908,1719
Apr-2026,40197661,1719
Apr-2026,40210720,1719
Apr-2026,40222463,1719
Apr-2026,40203432,1718
Apr-2026,40222723,1718
Apr-2026,40206791,1717
Apr-2026,40200446,1716
Apr-2026,40214371,1716
Apr-2026,40211943,1713
Apr-2026,40219468,1713
Apr-2026,40218383,1712
Apr-2026,40196105,1711
Apr-2026,40212674,1711
Apr-2026,40195277,1710
Apr-2026,40201841,1710
Apr-2026,40201848,1710
Apr-2026,40212276,1710
Apr-2026,40222243,1710
Apr-2026,40200933,1709
Apr-2026,40206565,1709
Apr-2026,40193930,1708
Apr-2026,40197228,1708
Apr-2026,40199911,1708
Apr-2026,40205857,1708
Apr-2026,40205487,1707
Apr-2026,40211286,1707
Apr-2026,40215109,1707
Apr-2026,40189384,1706
Apr-2026,40195997,1706
Apr-2026,40214675,1706
Apr-2026,40215301,1706
Apr-2026,40216267,1706
Apr-2026,40217344,1706
Apr-2026,40187713,1705
Apr-2026,40220937,1705
Apr-2026,30000428,1704
Apr-2026,40195735,1704
Apr-2026,40199790,1704
Apr-2026,40222630,1704
Apr-2026,40194667,1703
Apr-2026,40215651,1703
Apr-2026,23773809,1702
Apr-2026,40198091,1701
Apr-2026,40203594,1701
Apr-2026,40209480,1701
Apr-2026,40215449,1701
Apr-2026,40197243,1700
Apr-2026,40200410,1699
Apr-2026,40202918,1699
Apr-2026,40209117,1699
Apr-2026,40212069,1699
Apr-2026,40216339,1698
Apr-2026,40189331,1697
Apr-2026,40192524,1697
Apr-2026,40193484,1697
Apr-2026,40197013,1697
Apr-2026,40222336,1697
Apr-2026,40205740,1694
Apr-2026,40214835,1693
Apr-2026,40216556,1693
Apr-2026,40198497,1692
Apr-2026,40199871,1692
Apr-2026,40210532,1692
Apr-2026,40206098,1691
Apr-2026,40190747,1690
Apr-2026,40218587,1690
Apr-2026,40219293,1690
Apr-2026,40196243,1689
Apr-2026,40216290,1689
Apr-2026,40218761,1689
Apr-2026,40209223,1688
Apr-2026,40221522,1688
Apr-2026,40194890,1687
Apr-2026,40204849,1687
Apr-2026,40205182,1687
Apr-2026,40207034,1685
Apr-2026,40196449,1684
Apr-2026,40209632,1684
Apr-2026,40216761,1684
Apr-2026,40221511,1684
Apr-2026,40194680,1683
Apr-2026,40217786,1683
Apr-2026,40223160,1683
Apr-2026,40197053,1682
Apr-2026,40206304,1682
Apr-2026,40216612,1682
Apr-2026,40223159,1682
Apr-2026,40202517,1681
Apr-2026,40214115,1681
Apr-2026,40215780,1680
Apr-2026,40193262,1679
Apr-2026,40196167,1679
Apr-2026,40197018,1679
Apr-2026,40197826,1679
Apr-2026,40214907,1679
Apr-2026,40207405,1677
Apr-2026,40211448,1677
Apr-2026,40193684,1676
Apr-2026,40214753,1676
Apr-2026,40213651,1675
Apr-2026,40218693,1675
Apr-2026,40219914,1675
Apr-2026,40221653,1675
Apr-2026,40197294,1674
Apr-2026,40199179,1672
Apr-2026,40204140,1672
Apr-2026,40210394,1672
Apr-2026,40195026,1671
Apr-2026,40196917,1671
Apr-2026,40218563,1671
Apr-2026,40197875,1670
Apr-2026,40206973,1669
Apr-2026,40212971,1669
Apr-2026,40213009,1669
Apr-2026,40201178,1668
Apr-2026,40201504,1668
Apr-2026,40205869,1668
Apr-2026,40216517,1668
Apr-2026,40219104,1668
Apr-2026,40196606,1667
Apr-2026,40211045,1667
Apr-2026,40213610,1667
Apr-2026,40218104,1667
Apr-2026,40219642,1667
Apr-2026,40193686,1666
Apr-2026,40202481,1666
Apr-2026,40208082,1666
Apr-2026,40202850,1665
Apr-2026,40222718,1665
Apr-2026,40215151,1664
Apr-2026,40217270,1664
Apr-2026,40194403,1663
Apr-2026,40216742,1663
Apr-2026,40198712,1662
Apr-2026,40201407,1662
Apr-2026,40218255,1662
Apr-2026,40197274,1661
Apr-2026,40210161,1661
Apr-2026,40210856,1661
Apr-2026,40222548,1661
Apr-2026,40197336,1660
Apr-2026,40214522,1660
Apr-2026,40218019,1659
Apr-2026,40219012,1659
Apr-2026,40192428,1658
Apr-2026,40210588,1657
Apr-2026,40213198,1656
Apr-2026,40216448,1656
Apr-2026,40197114,1655
Apr-2026,40218276,1654
Apr-2026,40190346,1653
Apr-2026,23905821,1651
Apr-2026,40222008,1651
Apr-2026,40195237,1650
Apr-2026,40202365,1650
Apr-2026,40208541,1650
Apr-2026,40212982,1650
Apr-2026,40185091,1649
Apr-2026,40197266,1649
Apr-2026,40199388,1649
Apr-2026,40200292,1649
Apr-2026,40206151,1649
Apr-2026,40206416,1649
Apr-2026,40207028,1649
Apr-2026,40210812,1649
Apr-2026,40213699,1649
Apr-2026,40207281,1648
Apr-2026,40193383,1647
Apr-2026,40187564,1646
Apr-2026,40206153,1646
Apr-2026,40215970,1646
Apr-2026,40220206,1646
Apr-2026,40206419,1645
Apr-2026,40212535,1645
Apr-2026,40217717,1645
Apr-2026,40203290,1644
Apr-2026,40206254,1644
Apr-2026,40207786,1644
Apr-2026,40207965,1644
Apr-2026,40213409,1644
Apr-2026,40198185,1643
Apr-2026,40207692,1641
Apr-2026,40215092,1641
Apr-2026,40215566,1641
Apr-2026,40217519,1641
Apr-2026,40219757,1641
Apr-2026,40193403,1640
Apr-2026,40195983,1640
Apr-2026,40196250,1639
Apr-2026,40206582,1639
Apr-2026,40210428,1639
Apr-2026,40222885,1639
Apr-2026,40188901,1638
Apr-2026,40201289,1638
Apr-2026,40208522,1638
Apr-2026,40222724,1638
Apr-2026,40202348,1637
Apr-2026,40199556,1636
Apr-2026,40199642,1636
Apr-2026,40210825,1636
Apr-2026,40197442,1635
Apr-2026,40203929,1635
Apr-2026,40192114,1634
Apr-2026,40219976,1634
Apr-2026,40221616,1634
Apr-2026,40194782,1633
Apr-2026,40217467,1633
Apr-2026,40189763,1632
Apr-2026,40206070,1632
Apr-2026,40212736,1632
Apr-2026,40213304,1632
Apr-2026,40219398,1632
Apr-2026,40063262,1631
Apr-2026,40200796,1631
Apr-2026,40208639,1631
Apr-2026,40212847,1631
Apr-2026,40218083,1630
Apr-2026,40219444,1630
Apr-2026,40217926,1629
Apr-2026,40219171,1629
Apr-2026,40222113,1629
Apr-2026,40190420,1628
Apr-2026,40209860,1628
Apr-2026,40219699,1628
Apr-2026,40188786,1625
Apr-2026,40198588,1625
Apr-2026,40207044,1625
Apr-2026,40214380,1625
Apr-2026,40196296,1624
Apr-2026,40216016,1624
Apr-2026,40196081,1623
Apr-2026,40198499,1623
Apr-2026,40210312,1623
Apr-2026,40201928,1622
Apr-2026,40202168,1622
Apr-2026,40204422,1622
Apr-2026,40212692,1622
Apr-2026,40191341,1621
Apr-2026,40197090,1621
Apr-2026,40201030,1620
Apr-2026,40208920,1620
Apr-2026,40189997,1619
Apr-2026,40192581,1619
Apr-2026,40201994,1619
Apr-2026,40208201,1618
Apr-2026,40217144,1618
Apr-2026,40222892,1618
Apr-2026,40223015,1618
Apr-2026,40202385,1617
Apr-2026,40215834,1617
Apr-2026,40192163,1616
Apr-2026,40212587,1616
Apr-2026,40214763,1615
Apr-2026,40193348,1614
Apr-2026,40195906,1614
Apr-2026,40197845,1614
Apr-2026,40207682,1614
Apr-2026,40204225,1613
Apr-2026,40210403,1613
Apr-2026,40222456,1613
Apr-2026,40191236,1612
Apr-2026,40199128,1612
Apr-2026,40196441,1611
Apr-2026,40203865,1611
Apr-2026,40213064,1611
Apr-2026,40189200,1610
Apr-2026,40190116,1610
Apr-2026,40195568,1610
Apr-2026,40211559,1610
Apr-2026,40212798,1610
Apr-2026,40205358,1609
Apr-2026,40220940,1609
Apr-2026,40197008,1608
Apr-2026,40202098,1608
Apr-2026,40221165,1608
Apr-2026,40195556,1607
Apr-2026,40206727,1607
Apr-2026,40222867,1607
Apr-2026,40193016,1606
Apr-2026,40219543,1606
Apr-2026,40191169,1605
Apr-2026,40191584,1605
Apr-2026,40212208,1605
Apr-2026,40192198,1604
Apr-2026,40198420,1604
Apr-2026,40201863,1604
Apr-2026,40210026,1604
Apr-2026,40212214,1604
Apr-2026,40196108,1603
Apr-2026,40197309,1603
Apr-2026,40198779,1603
Apr-2026,40214107,1603
Apr-2026,40217011,1603
Apr-2026,23611125,1602
Apr-2026,40196509,1602
Apr-2026,40218374,1602
Apr-2026,40190218,1601
Apr-2026,40190564,1601
Apr-2026,40197899,1601
Apr-2026,40198777,1601
Apr-2026,40212560,1601
Apr-2026,23441369,1600
Apr-2026,23882095,1600
Apr-2026,40201653,1600
Apr-2026,40191023,1599
Apr-2026,40207157,1599
Apr-2026,40207750,1599
Apr-2026,40191688,1598
Apr-2026,40199973,1598
Apr-2026,40209497,1598
Apr-2026,40211231,1598
Apr-2026,40199323,1597
Apr-2026,40217044,1596
Apr-2026,40222689,1596
Apr-2026,40208104,1595
Apr-2026,40223368,1595
Apr-2026,40196489,1594
Apr-2026,40207285,1594
Apr-2026,40211122,1594
Apr-2026,40213746,1594
Apr-2026,40214036,1594
Apr-2026,40219376,1594
Apr-2026,40220777,1594
Apr-2026,40197389,1593
Apr-2026,40204562,1593
Apr-2026,40212922,1593
Apr-2026,40196736,1592
Apr-2026,40203265,1592
Apr-2026,40208145,1592
Apr-2026,23473990,1591
Apr-2026,40216061,1591
Apr-2026,40211297,1590
Apr-2026,40211430,1590
Apr-2026,40211998,1590
Apr-2026,40220779,1590
Apr-2026,40190624,1588
Apr-2026,40200101,1588
Apr-2026,40197792,1587
Apr-2026,40213823,1587
Apr-2026,40190795,1586
Apr-2026,40191881,1586
Apr-2026,40205529,1585
Apr-2026,40214057,1585
Apr-2026,40196360,1584
Apr-2026,40197192,1584
Apr-2026,40199473,1584
Apr-2026,40203262,1584
Apr-2026,40204940,1584
Apr-2026,40215861,1584
Apr-2026,40187099,1583
Apr-2026,40191018,1583
Apr-2026,40215430,1583
Apr-2026,40221527,1583
Apr-2026,40221663,1583
Apr-2026,40198900,1582
Apr-2026,40204059,1582
Apr-2026,40210704,1582
Apr-2026,40211993,1582
Apr-2026,40213447,1582
Apr-2026,40218277,1582
Apr-2026,40200071,1581
Apr-2026,40199824,1580
Apr-2026,40222586,1580
Apr-2026,40195276,1579
Apr-2026,40201301,1579
Apr-2026,40214558,1579
Apr-2026,40208228,1578
Apr-2026,40220967,1578
Apr-2026,40206404,1577
Apr-2026,40206906,1577
Apr-2026,40203148,1576
Apr-2026,40211100,1576
Apr-2026,40214801,1576
Apr-2026,40216738,1576
Apr-2026,40215031,1575
Apr-2026,40192071,1574
Apr-2026,40200033,1574
Apr-2026,40200340,1574
Apr-2026,40215924,1574
Apr-2026,30000379,1573
Apr-2026,40207606,1573
Apr-2026,40223585,1573
Apr-2026,40198158,1572
Apr-2026,40198991,1572
Apr-2026,40198017,1571
Apr-2026,40202162,1571
Apr-2026,40209444,1571
Apr-2026,40210543,1571
Apr-2026,40220927,1571
Apr-2026,40062320,1570
Apr-2026,40207669,1570
Apr-2026,40209719,1570
Apr-2026,40216450,1570
Apr-2026,40202244,1569
Apr-2026,40203543,1568
Apr-2026,40206397,1568
Apr-2026,40210978,1568
Apr-2026,40211330,1568
Apr-2026,40218192,1568
Apr-2026,40209535,1567
Apr-2026,40213228,1567
Apr-2026,40221693,1567
Apr-2026,40189976,1566
Apr-2026,40201861,1566
Apr-2026,40218122,1566
Apr-2026,40196991,1565
Apr-2026,40212526,1565
Apr-2026,40196205,1564
Apr-2026,40201779,1564
Apr-2026,40195604,1563
Apr-2026,40202240,1563
Apr-2026,40207128,1563
Apr-2026,40208212,1563
Apr-2026,40212440,1563
Apr-2026,40215036,1563
Apr-2026,40218369,1563
Apr-2026,40190145,1562
Apr-2026,40207576,1562
Apr-2026,40208213,1562
Apr-2026,40209021,1562
Apr-2026,40210611,1562
Apr-2026,40213033,1562
Apr-2026,40197997,1561
Apr-2026,40214848,1561
Apr-2026,40201220,1560
Apr-2026,40218736,1560
Apr-2026,40194832,1559
Apr-2026,40202233,1559
Apr-2026,40204347,1559
Apr-2026,40206324,1559
Apr-2026,40208650,1559
Apr-2026,40196030,1558
Apr-2026,40201871,1558
Apr-2026,40215623,1558
Apr-2026,40219206,1558
Apr-2026,40222598,1558
Apr-2026,40193392,1557
Apr-2026,40198995,1557
Apr-2026,40200195,1557
Apr-2026,40202386,1557
Apr-2026,40204590,1557
Apr-2026,40212626,1557
Apr-2026,40216209,1557
Apr-2026,40199562,1556
Apr-2026,40202633,1556
Apr-2026,40208193,1556
Apr-2026,40197551,1555
Apr-2026,40200112,1555
Apr-2026,40219399,1555
Apr-2026,40210107,1554
Apr-2026,40210796,1554
Apr-2026,40212277,1554
Apr-2026,40219053,1554
Apr-2026,40223021,1554
Apr-2026,40208142,1553
Apr-2026,40209372,1553
Apr-2026,40207372,1552
Apr-2026,40217459,1552
Apr-2026,40218098,1552
Apr-2026,40189554,1551
Apr-2026,40192272,1551
Apr-2026,40220065,1551
Apr-2026,40216890,1550
Apr-2026,40191326,1549
Apr-2026,40216678,1549
Apr-2026,40213091,1548
Apr-2026,40215961,1548
Apr-2026,40192806,1547
Apr-2026,40199676,1547
Apr-2026,40205562,1546
Apr-2026,40189939,1545
Apr-2026,40191276,1545
Apr-2026,40193244,1544
Apr-2026,40183593,1543
Apr-2026,40218024,1543
Apr-2026,40219999,1543
Apr-2026,40194293,1542
Apr-2026,40208167,1542
Apr-2026,40219170,1542
Apr-2026,40196582,1541
Apr-2026,40172453,1539
Apr-2026,40196497,1539
Apr-2026,40202456,1539
Apr-2026,40223100,1539
Apr-2026,40190632,1538
Apr-2026,40191103,1538
Apr-2026,40196499,1538
Apr-2026,40216374,1538
Apr-2026,40222459,1538
Apr-2026,40191027,1537
Apr-2026,40222607,1537
Apr-2026,40216602,1536
Apr-2026,40217637,1536
Apr-2026,40219348,1536
Apr-2026,40223278,1536
Apr-2026,40186969,1535
Apr-2026,40198065,1535
Apr-2026,40203634,1535
Apr-2026,40214723,1534
Apr-2026,40201980,1533
Apr-2026,40200696,1532
Apr-2026,40203569,1532
Apr-2026,40205212,1532
Apr-2026,40207379,1531
Apr-2026,40191143,1529
Apr-2026,40204350,1529
Apr-2026,40204600,1529
Apr-2026,40207328,1529
Apr-2026,40189341,1526
Apr-2026,40195005,1526
Apr-2026,40208663,1526
Apr-2026,40210035,1526
Apr-2026,40220479,1526
Apr-2026,40223528,1526
Apr-2026,40199960,1525
Apr-2026,40185434,1524
Apr-2026,40206127,1524
Apr-2026,40206380,1524
Apr-2026,40214738,1524
Apr-2026,40193815,1523
Apr-2026,40196196,1523
Apr-2026,40203453,1523
Apr-2026,40206514,1523
Apr-2026,40190292,1522
Apr-2026,40218669,1522
Apr-2026,40204723,1520
Apr-2026,40211380,1519
Apr-2026,40191035,1518
Apr-2026,40193320,1517
Apr-2026,40189786,1516
Apr-2026,40193257,1516
Apr-2026,40198275,1516
Apr-2026,40208005,1516
Apr-2026,40214320,1516
Apr-2026,40191113,1515
Apr-2026,40221273,1515
Apr-2026,40203064,1514
Apr-2026,40219445,1514
Apr-2026,40223981,1514
Apr-2026,40191632,1513
Apr-2026,40205736,1513
Apr-2026,40209641,1513
Apr-2026,40194556,1512
Apr-2026,40206759,1512
Apr-2026,40204106,1511
Apr-2026,40206421,1511
Apr-2026,40211419,1511
Apr-2026,40213704,1511
Apr-2026,40194302,1510
Apr-2026,40192537,1509
Apr-2026,40198183,1509
Apr-2026,40202852,1509
Apr-2026,40206982,1509
Apr-2026,21730000,1508
Apr-2026,40195130,1508
Apr-2026,40207320,1506
Apr-2026,40190027,1505
Apr-2026,40209557,1505
Apr-2026,40188772,1504
Apr-2026,40194881,1504
Apr-2026,40221420,1504
Apr-2026,40204436,1503
Apr-2026,40208645,1503
Apr-2026,40203945,1502
Apr-2026,40207102,1502
Apr-2026,40208670,1502
Apr-2026,40215525,1502
Apr-2026,40216468,1502
Apr-2026,40202074,1501
Apr-2026,40191185,1500
Apr-2026,40211572,1500
Apr-2026,40189483,1499
Apr-2026,40194256,1499
Apr-2026,40211350,1498
Apr-2026,40214804,1498
Apr-2026,40215472,1498
Apr-2026,40214798,1497
Apr-2026,40221121,1497
Apr-2026,40192485,1496
Apr-2026,40200284,1496
Apr-2026,40219734,1496
Apr-2026,40195367,1495
Apr-2026,40212288,1495
Apr-2026,40197015,1494
Apr-2026,40218039,1494
Apr-2026,40195330,1493
Apr-2026,40196052,1493
Apr-2026,40209183,1493
Apr-2026,30000489,1492
Apr-2026,40191847,1492
Apr-2026,40195406,1491
Apr-2026,40213873,1491
Apr-2026,40182129,1490
Apr-2026,40189703,1490
Apr-2026,40196098,1488
Apr-2026,40203934,1488
Apr-2026,40199230,1487
Apr-2026,40206329,1486
Apr-2026,40218573,1486
Apr-2026,40203075,1485
Apr-2026,40216907,1484
Apr-2026,40196083,1483
Apr-2026,40215498,1483
Apr-2026,40203718,1482
Apr-2026,40203879,1482
Apr-2026,40217723,1482
Apr-2026,40199502,1481
Apr-2026,40203803,1481
Apr-2026,40209428,1481
Apr-2026,40190337,1480
Apr-2026,40188191,1479
Apr-2026,40190449,1479
Apr-2026,40196199,1479
Apr-2026,40206138,1478
Apr-2026,40198171,1477
Apr-2026,40217507,1477
Apr-2026,40209914,1476
Apr-2026,40207338,1475
Apr-2026,40209340,1475
Apr-2026,40190430,1474
Apr-2026,40197517,1474
Apr-2026,40210280,1474
Apr-2026,20592087,1473
Apr-2026,40197824,1473
Apr-2026,40215510,1473
Apr-2026,40216328,1473
Apr-2026,40217802,1473
Apr-2026,40189928,1472
Apr-2026,40205213,1472
Apr-2026,40211647,1472
Apr-2026,40211710,1472
Apr-2026,40216496,1471
Apr-2026,40217982,1471
Apr-2026,40222215,1471
Apr-2026,40218326,1470
Apr-2026,40195704,1469
Apr-2026,40198557,1469
Apr-2026,40206546,1469
Apr-2026,40195118,1468
Apr-2026,40213979,1468
Apr-2026,40214287,1468
Apr-2026,40223689,1468
Apr-2026,40189962,1467
Apr-2026,40190567,1467
Apr-2026,40194688,1467
Apr-2026,40200308,1467
Apr-2026,40205408,1467
Apr-2026,40186968,1466
Apr-2026,40209241,1466
Apr-2026,40222738,1466
Apr-2026,40195451,1465
Apr-2026,40197068,1465
Apr-2026,40197191,1465
Apr-2026,40211606,1465
Apr-2026,40212716,1465
Apr-2026,40196369,1464
Apr-2026,40199709,1464
Apr-2026,40205305,1464
Apr-2026,40193083,1463
Apr-2026,40188537,1462
Apr-2026,40205621,1462
Apr-2026,40208205,1462
Apr-2026,40207208,1461
Apr-2026,40192308,1460
Apr-2026,40195091,1460
Apr-2026,40206043,1460
Apr-2026,40213450,1460
Apr-2026,40213451,1460
Apr-2026,40215609,1460
Apr-2026,40221267,1460
Apr-2026,40188568,1459
Apr-2026,40193565,1459
Apr-2026,40220755,1459
Apr-2026,40190988,1458
Apr-2026,40207551,1458
Apr-2026,40217512,1458
Apr-2026,40210247,1457
Apr-2026,40196128,1456
Apr-2026,40200972,1456
Apr-2026,30000390,1455
Apr-2026,40190378,1455
Apr-2026,40223707,1455
Apr-2026,40187148,1454
Apr-2026,40199971,1454
Apr-2026,40202694,1454
Apr-2026,40219515,1454
Apr-2026,40202952,1453
Apr-2026,40191909,1452
Apr-2026,40200384,1452
Apr-2026,40207677,1452
Apr-2026,40204947,1451
Apr-2026,40207430,1451
Apr-2026,40212031,1451
Apr-2026,40219317,1451
Apr-2026,40220492,1450
Apr-2026,40190213,1449
Apr-2026,40219332,1449
Apr-2026,40194000,1448
Apr-2026,40203549,1448
Apr-2026,40210379,1448
Apr-2026,40223657,1448
Apr-2026,40195491,1447
Apr-2026,40199083,1447
Apr-2026,40203143,1447
Apr-2026,40217412,1447
Apr-2026,40200495,1446
Apr-2026,40212766,1446
Apr-2026,40221300,1445
Apr-2026,40190909,1444
Apr-2026,40210372,1444
Apr-2026,40221147,1444
Apr-2026,40192925,1443
Apr-2026,40199229,1443
Apr-2026,40200672,1443
Apr-2026,40205053,1443
Apr-2026,40217429,1443
Apr-2026,40217752,1443
Apr-2026,30000445,1442
Apr-2026,40205291,1442
Apr-2026,40206391,1442
Apr-2026,40221362,1442
Apr-2026,40198998,1441
Apr-2026,40203233,1441
Apr-2026,40203576,1440
Apr-2026,40214201,1440
Apr-2026,40217290,1440
Apr-2026,40200298,1438
Apr-2026,40203781,1438
Apr-2026,40208561,1438
Apr-2026,40195720,1437
Apr-2026,40200651,1437
Apr-2026,40207702,1437
Apr-2026,40214288,1437
Apr-2026,40221243,1437
Apr-2026,40186079,1436
Apr-2026,40188385,1436
Apr-2026,40197072,1436
Apr-2026,40200551,1436
Apr-2026,40201399,1436
Apr-2026,40192790,1435
Apr-2026,40213731,1435
Apr-2026,40213123,1434
Apr-2026,12393893,1433
Apr-2026,40189030,1433
Apr-2026,40190842,1433
Apr-2026,40201849,1433
Apr-2026,40210799,1433
Apr-2026,40217832,1433
Apr-2026,40218100,1433
Apr-2026,40190257,1432
Apr-2026,40196450,1432
Apr-2026,40198465,1432
Apr-2026,40206409,1432
Apr-2026,40216911,1432
Apr-2026,40221000,1432
Apr-2026,40190541,1431
Apr-2026,40195533,1431
Apr-2026,40197029,1431
Apr-2026,40206781,1431
Apr-2026,40212221,1431
Apr-2026,40212950,1431
Apr-2026,40195550,1430
Apr-2026,40207941,1430
Apr-2026,40202393,1429
Apr-2026,40209566,1429
Apr-2026,40212865,1429
Apr-2026,40215893,1429
Apr-2026,40205193,1428
Apr-2026,40208666,1428
Apr-2026,40210251,1428
Apr-2026,40214481,1428
Apr-2026,40190452,1427
Apr-2026,40197151,1427
Apr-2026,40202861,1427
Apr-2026,40217280,1427
Apr-2026,40221080,1427
Apr-2026,40194983,1426
Apr-2026,40196771,1426
Apr-2026,40206229,1425
Apr-2026,40216739,1425
Apr-2026,40223000,1425
Apr-2026,40223182,1424
Apr-2026,40200587,1423
Apr-2026,40189015,1422
Apr-2026,40214915,1422
Apr-2026,40210527,1421
Apr-2026,40213132,1421
Apr-2026,40216795,1421
Apr-2026,40190526,1420
Apr-2026,40212878,1420
Apr-2026,40192754,1419
Apr-2026,40202104,1419
Apr-2026,40200339,1417
Apr-2026,40217622,1417
Apr-2026,40186808,1416
Apr-2026,40189108,1416
Apr-2026,40207256,1416
Apr-2026,40210795,1416
Apr-2026,40217084,1416
Apr-2026,40217719,1416
Apr-2026,40222204,1416
Apr-2026,40199665,1415
Apr-2026,30000410,1414
Apr-2026,40184934,1414
Apr-2026,40190118,1414
Apr-2026,40204732,1414
Apr-2026,40209277,1414
Apr-2026,40212676,1414
Apr-2026,40213099,1414
Apr-2026,40193785,1413
Apr-2026,40195809,1413
Apr-2026,40209381,1413
Apr-2026,40217753,1413
Apr-2026,40223311,1413
Apr-2026,40213805,1412
Apr-2026,40222665,1412
Apr-2026,40066428,1411
Apr-2026,40191421,1411
Apr-2026,40196495,1411
Apr-2026,40196876,1411
Apr-2026,40202169,1411
Apr-2026,40202523,1411
Apr-2026,40203495,1411
Apr-2026,40209579,1411
Apr-2026,40212140,1411
Apr-2026,40220038,1411
Apr-2026,40222964,1411
Apr-2026,40217069,1410
Apr-2026,40204533,1409
Apr-2026,40194387,1408
Apr-2026,40217462,1408
Apr-2026,40217641,1408
Apr-2026,40220087,1408
Apr-2026,40222937,1408
Apr-2026,40218072,1407
Apr-2026,40220948,1407
Apr-2026,40211713,1406
Apr-2026,40218000,1406
Apr-2026,40224110,1406
Apr-2026,40204747,1405
Apr-2026,40219075,1405
Apr-2026,40100675,1404
Apr-2026,40195963,1404
Apr-2026,40215729,1404
Apr-2026,40197584,1403
Apr-2026,40210005,1403
Apr-2026,40214226,1403
Apr-2026,40214342,1403
Apr-2026,40198595,1402
Apr-2026,40203664,1402
Apr-2026,40213084,1402
Apr-2026,40203480,1401
Apr-2026,40220827,1401
Apr-2026,40215146,1400
Apr-2026,40221629,1400
Apr-2026,40204824,1399
Apr-2026,40205561,1399
Apr-2026,40216336,1399
Apr-2026,40221189,1399
Apr-2026,40198887,1398
Apr-2026,40205862,1398
Apr-2026,40208253,1398
Apr-2026,40209624,1398
Apr-2026,40215959,1398
Apr-2026,40199435,1397
Apr-2026,40210334,1397
Apr-2026,40207343,1396
Apr-2026,40212000,1396
Apr-2026,40215360,1396
Apr-2026,40219824,1396
Apr-2026,40221919,1396
Apr-2026,40207477,1395
Apr-2026,30000457,1394
Apr-2026,40214909,1394
Apr-2026,40188627,1393
Apr-2026,40202388,1393
Apr-2026,40204752,1393
Apr-2026,40211249,1393
Apr-2026,40191285,1392
Apr-2026,40194242,1392
Apr-2026,40215721,1392
Apr-2026,40197154,1391
Apr-2026,40208924,1391
Apr-2026,40197428,1390
Apr-2026,40221335,1390
Apr-2026,40196470,1389
Apr-2026,40197490,1389
Apr-2026,40202646,1389
Apr-2026,40206192,1389
Apr-2026,40217977,1389
Apr-2026,40211191,1388
Apr-2026,40192846,1387
Apr-2026,40196038,1387
Apr-2026,40201285,1387
Apr-2026,40196543,1386
Apr-2026,40204929,1386
Apr-2026,23712734,1385
Apr-2026,40198144,1385
Apr-2026,40198332,1385
Apr-2026,40204535,1385
Apr-2026,40217774,1385
Apr-2026,40207862,1384
Apr-2026,40193122,1383
Apr-2026,40200524,1383
Apr-2026,40210048,1383
Apr-2026,40219457,1383
Apr-2026,40187731,1382
Apr-2026,40190455,1382
Apr-2026,40197415,1382
Apr-2026,40197536,1382
Apr-2026,40203266,1382
Apr-2026,40209905,1382
Apr-2026,40191753,1381
Apr-2026,40200150,1381
Apr-2026,40203034,1381
Apr-2026,40209166,1381
Apr-2026,40220431,1381
Apr-2026,40193462,1380
Apr-2026,40197317,1380
Apr-2026,40213448,1379
Apr-2026,40190887,1378
Apr-2026,40212593,1378
Apr-2026,40180958,1377
Apr-2026,40205542,1377
Apr-2026,40210277,1377
Apr-2026,40197413,1376
Apr-2026,40203589,1376
Apr-2026,40203164,1375
Apr-2026,40210660,1375
Apr-2026,40220012,1375
Apr-2026,40190684,1374
Apr-2026,40207027,1374
Apr-2026,40210774,1374
Apr-2026,40211487,1374
Apr-2026,40212578,1374
Apr-2026,40215507,1374
Apr-2026,40220059,1374
Apr-2026,40197755,1373
Apr-2026,40217203,1373
Apr-2026,40222822,1373
Apr-2026,40184670,1372
Apr-2026,40200987,1372
Apr-2026,40205825,1372
Apr-2026,40211190,1372
Apr-2026,40214129,1372
Apr-2026,40214191,1370
Apr-2026,40221094,1370
Apr-2026,40217934,1369
Apr-2026,40212525,1368
Apr-2026,40222249,1368
Apr-2026,40210541,1367
Apr-2026,40221900,1367
Apr-2026,40199058,1366
Apr-2026,40202137,1366
Apr-2026,40221831,1366
Apr-2026,40185557,1365
Apr-2026,40190992,1365
Apr-2026,40198007,1365
Apr-2026,40196025,1362
Apr-2026,40206636,1362
Apr-2026,40208916,1362
Apr-2026,40216412,1362
Apr-2026,40198442,1361
Apr-2026,40222182,1361
Apr-2026,40204082,1360
Apr-2026,40202200,1359
Apr-2026,40204132,1359
Apr-2026,40223315,1359
Apr-2026,40193381,1358
Apr-2026,40196107,1358
Apr-2026,40207717,1358
Apr-2026,40209177,1358
Apr-2026,40216246,1358
Apr-2026,40189716,1357
Apr-2026,40200559,1357
Apr-2026,40201875,1357
Apr-2026,40214701,1357
Apr-2026,40199574,1355
Apr-2026,40184436,1354
Apr-2026,40201444,1354
Apr-2026,40189899,1353
Apr-2026,40218153,1353
Apr-2026,40204906,1352
Apr-2026,40192639,1351
Apr-2026,40196160,1351
Apr-2026,40208154,1351
Apr-2026,40190519,1350
Apr-2026,40191920,1350
Apr-2026,40195516,1350
Apr-2026,40215983,1350
Apr-2026,40217989,1350
Apr-2026,40195584,1349
Apr-2026,40196373,1349
Apr-2026,40199793,1349
Apr-2026,40204345,1349
Apr-2026,40209746,1349
Apr-2026,40215551,1349
Apr-2026,40218742,1349
Apr-2026,40211295,1348
Apr-2026,40178638,1347
Apr-2026,40186865,1347
Apr-2026,40200401,1347
Apr-2026,40208915,1347
Apr-2026,40215812,1347
Apr-2026,40202311,1346
Apr-2026,40209977,1346
Apr-2026,40212450,1346
Apr-2026,40221710,1346
Apr-2026,40223226,1346
Apr-2026,40223417,1346
Apr-2026,40196775,1345
Apr-2026,40216725,1345
Apr-2026,40220250,1345
Apr-2026,40195792,1344
Apr-2026,40210478,1344
Apr-2026,40217804,1344
Apr-2026,40219563,1344
Apr-2026,40183536,1343
Apr-2026,40214524,1343
Apr-2026,40190005,1342
Apr-2026,40191296,1342
Apr-2026,40196214,1342
Apr-2026,40203846,1342
Apr-2026,40204379,1342
Apr-2026,40211068,1342
Apr-2026,40220942,1342
Apr-2026,40195764,1341
Apr-2026,40212680,1341
Apr-2026,40218145,1341
Apr-2026,23826057,1340
Apr-2026,40190011,1340
Apr-2026,40195266,1340
Apr-2026,40196433,1340
Apr-2026,40202037,1340
Apr-2026,40207203,1340
Apr-2026,40213743,1340
Apr-2026,40222709,1340
Apr-2026,40190431,1339
Apr-2026,40207470,1339
Apr-2026,40224090,1339
Apr-2026,40187359,1337
Apr-2026,40200068,1337
Apr-2026,40191824,1336
Apr-2026,40194519,1336
Apr-2026,40000351,1335
Apr-2026,40187006,1335
Apr-2026,40198157,1335
Apr-2026,40205114,1335
Apr-2026,40190425,1334
Apr-2026,40193367,1334
Apr-2026,40218617,1334
Apr-2026,40188840,1332
Apr-2026,40207370,1332
Apr-2026,40209062,1332
Apr-2026,40212414,1332
Apr-2026,40206363,1331
Apr-2026,40210443,1331
Apr-2026,40218113,1331
Apr-2026,40197215,1330
Apr-2026,40209279,1330
Apr-2026,40197425,1329
Apr-2026,40192879,1328
Apr-2026,40216485,1328
Apr-2026,40185840,1327
Apr-2026,40197610,1327
Apr-2026,40198827,1327
Apr-2026,40200714,1327
Apr-2026,40205567,1327
Apr-2026,40208241,1327
Apr-2026,40211743,1327
Apr-2026,40196346,1326
Apr-2026,40201274,1326
Apr-2026,40207171,1326
Apr-2026,40218727,1326
Apr-2026,40220036,1326
Apr-2026,40191993,1325
Apr-2026,40193722,1325
Apr-2026,40209155,1325
Apr-2026,40220457,1325
Apr-2026,40199653,1324
Apr-2026,40201662,1324
Apr-2026,40210040,1324
Apr-2026,40219805,1324
Apr-2026,40208698,1323
Apr-2026,40219011,1323
Apr-2026,40132069,1322
Apr-2026,40191528,1322
Apr-2026,40194179,1322
Apr-2026,40211545,1322
Apr-2026,40219400,1322
Apr-2026,40193193,1321
Apr-2026,40194805,1321
Apr-2026,40194950,1321
Apr-2026,40213202,1321
Apr-2026,40201393,1320
Apr-2026,40201876,1320
Apr-2026,40203523,1320
Apr-2026,40215113,1320
Apr-2026,40215362,1320
Apr-2026,40216850,1320
Apr-2026,40218455,1319
Apr-2026,40219724,1319
Apr-2026,40223549,1319
Apr-2026,40203299,1318
Apr-2026,40196490,1317
Apr-2026,40198494,1317
Apr-2026,40201560,1317
Apr-2026,40202516,1317
Apr-2026,40223275,1317
Apr-2026,40202445,1316
Apr-2026,40203900,1316
Apr-2026,40216935,1316
Apr-2026,2543,1315
Apr-2026,40190638,1315
Apr-2026,40207146,1315
Apr-2026,40216361,1315
Apr-2026,40196356,1314
Apr-2026,40204844,1314
Apr-2026,40209253,1314
Apr-2026,40207283,1313
Apr-2026,40207523,1313
Apr-2026,40197644,1312
Apr-2026,40204699,1312
Apr-2026,40209118,1312
Apr-2026,40177310,1311
Apr-2026,40187142,1311
Apr-2026,40198642,1311
Apr-2026,40206889,1311
Apr-2026,40196479,1310
Apr-2026,40198886,1310
Apr-2026,40211300,1310
Apr-2026,40213270,1310
Apr-2026,40188858,1309
Apr-2026,40193075,1309
Apr-2026,40218839,1309
Apr-2026,40223009,1309
Apr-2026,40193306,1308
Apr-2026,40197659,1308
Apr-2026,40197676,1308
Apr-2026,40207017,1308
Apr-2026,40218127,1308
Apr-2026,40197043,1307
Apr-2026,40204633,1307
Apr-2026,40207900,1307
Apr-2026,40216398,1307
Apr-2026,40207096,1306
Apr-2026,40216892,1306
Apr-2026,40211280,1305
Apr-2026,40196753,1304
Apr-2026,40199149,1304
Apr-2026,40200216,1304
Apr-2026,40217102,1304
Apr-2026,40219156,1304
Apr-2026,40221218,1304
Apr-2026,40193074,1303
Apr-2026,40193671,1303
Apr-2026,40194613,1303
Apr-2026,40208143,1303
Apr-2026,40220639,1303
Apr-2026,40222031,1303
Apr-2026,40191651,1302
Apr-2026,40199214,1302
Apr-2026,40200670,1302
Apr-2026,40211395,1302
Apr-2026,40214893,1302
Apr-2026,40198703,1301
Apr-2026,40214113,1301
Apr-2026,40208055,1300
Apr-2026,40219245,1300
Apr-2026,40223603,1300
Apr-2026,40223641,1300
Apr-2026,40197973,1299
Apr-2026,40204233,1298
Apr-2026,40212811,1298
Apr-2026,40217558,1298
Apr-2026,40218286,1298
Apr-2026,40221665,1298
Apr-2026,40210765,1297
Apr-2026,40189690,1296
Apr-2026,40191481,1296
Apr-2026,40199242,1296
Apr-2026,40215589,1296
Apr-2026,40199150,1295
Apr-2026,40205609,1295
Apr-2026,40186856,1294
Apr-2026,40193394,1294
Apr-2026,40197953,1294
Apr-2026,40203516,1294
Apr-2026,23907859,1293
Apr-2026,40209762,1293
Apr-2026,40214372,1293
Apr-2026,40192022,1292
Apr-2026,40201692,1292
Apr-2026,40202413,1292
Apr-2026,40221556,1292
Apr-2026,40223331,1292
Apr-2026,40200692,1291
Apr-2026,40220423,1291
Apr-2026,40189864,1290
Apr-2026,40199245,1290
Apr-2026,40199855,1290
Apr-2026,40213658,1290
Apr-2026,40196505,1289
Apr-2026,40200825,1289
Apr-2026,40207426,1289
Apr-2026,30000377,1288
Apr-2026,40188874,1288
Apr-2026,40195599,1288
Apr-2026,40209873,1288
Apr-2026,40211876,1288
Apr-2026,40216021,1288
Apr-2026,40192379,1287
Apr-2026,40188635,1286
Apr-2026,40197854,1286
Apr-2026,40199715,1286
Apr-2026,40209249,1286
Apr-2026,40216570,1286
Apr-2026,40217605,1286
Apr-2026,40206967,1285
Apr-2026,40211368,1285
Apr-2026,40213124,1285
Apr-2026,40190140,1284
Apr-2026,40211786,1284
Apr-2026,40221118,1284
Apr-2026,40193543,1283
Apr-2026,40198080,1283
Apr-2026,40209587,1283
Apr-2026,40213577,1283
Apr-2026,40222681,1283
Apr-2026,40188612,1282
Apr-2026,40195855,1282
Apr-2026,40200656,1281
Apr-2026,40222011,1281
Apr-2026,40190511,1280
Apr-2026,40190796,1280
Apr-2026,40192064,1280
Apr-2026,40197744,1280
Apr-2026,40206670,1280
Apr-2026,40216428,1280
Apr-2026,40222066,1280
Apr-2026,40191222,1279
Apr-2026,40191392,1279
Apr-2026,40191887,1279
Apr-2026,40190309,1278
Apr-2026,40209477,1278
Apr-2026,40220142,1278
Apr-2026,40192577,1277
Apr-2026,40195370,1277
Apr-2026,40208157,1277
Apr-2026,40216461,1277
Apr-2026,40219341,1277
Apr-2026,40190026,1276
Apr-2026,40197512,1276
Apr-2026,40214261,1276
Apr-2026,40219092,1276
Apr-2026,40199529,1275
Apr-2026,40203221,1275
Apr-2026,40207026,1275
Apr-2026,40216440,1275
Apr-2026,40222431,1275
Apr-2026,40201652,1274
Apr-2026,40213950,1274
Apr-2026,40192702,1273
Apr-2026,40191343,1272
Apr-2026,40197118,1272
Apr-2026,40216260,1272
Apr-2026,40189594,1271
Apr-2026,40193755,1271
Apr-2026,40192087,1270
Apr-2026,40206539,1270
Apr-2026,40211164,1270
Apr-2026,40215570,1270
Apr-2026,40216752,1269
Apr-2026,40197966,1268
Apr-2026,40202551,1268
Apr-2026,40216876,1268
Apr-2026,40192715,1267
Apr-2026,40198578,1267
Apr-2026,40209713,1267
Apr-2026,23882910,1266
Apr-2026,40197145,1266
Apr-2026,23825477,1265
Apr-2026,40203212,1265
Apr-2026,40216885,1265
Apr-2026,40195248,1264
Apr-2026,40195473,1264
Apr-2026,40199070,1264
Apr-2026,40211778,1264
Apr-2026,40198876,1263
Apr-2026,40202441,1263
Apr-2026,40219032,1263
Apr-2026,30000373,1262
Apr-2026,40194641,1262
Apr-2026,40189733,1261
Apr-2026,40190810,1261
Apr-2026,40194511,1261
Apr-2026,40201669,1261
Apr-2026,40212953,1261
Apr-2026,40189567,1260
Apr-2026,40192473,1260
Apr-2026,40195518,1260
Apr-2026,40205587,1260
Apr-2026,40215942,1260
Apr-2026,40220537,1260
Apr-2026,40192583,1259
Apr-2026,40200686,1259
Apr-2026,40220156,1259
Apr-2026,40220266,1259
Apr-2026,40207037,1258
Apr-2026,40216567,1258
Apr-2026,40202801,1257
Apr-2026,40222615,1257
Apr-2026,23793721,1256
Apr-2026,40191215,1256
Apr-2026,40191333,1256
Apr-2026,40193078,1255
Apr-2026,40197137,1255
Apr-2026,40202699,1255
Apr-2026,40215819,1255
Apr-2026,40217952,1255
Apr-2026,40186809,1254
Apr-2026,40196393,1254
Apr-2026,40209195,1254
Apr-2026,40216904,1254
Apr-2026,40209080,1253
Apr-2026,40218403,1253
Apr-2026,40009157,1252
Apr-2026,40196514,1252
Apr-2026,40201201,1252
Apr-2026,40206762,1252
Apr-2026,40220525,1252
Apr-2026,40194392,1251
Apr-2026,40194483,1251
Apr-2026,40209531,1251
Apr-2026,40210721,1251
Apr-2026,40220031,1251
Apr-2026,40183391,1250
Apr-2026,40209190,1250
Apr-2026,40192661,1249
Apr-2026,40195716,1249
Apr-2026,40207058,1249
Apr-2026,40207905,1249
Apr-2026,40218074,1249
Apr-2026,40223334,1249
Apr-2026,40200554,1248
Apr-2026,40202559,1248
Apr-2026,40208529,1248
Apr-2026,40212508,1248
Apr-2026,40214067,1248
Apr-2026,40192400,1247
Apr-2026,40194510,1247
Apr-2026,40201957,1247
Apr-2026,40212236,1247
Apr-2026,40212629,1247
Apr-2026,40217595,1247
Apr-2026,40218524,1247
Apr-2026,40194163,1246
Apr-2026,40196535,1246
Apr-2026,40223089,1246
Apr-2026,40161746,1245
Apr-2026,40180172,1245
Apr-2026,40194692,1245
Apr-2026,40201269,1245
Apr-2026,40214153,1245
Apr-2026,40216688,1245
Apr-2026,40197146,1244
Apr-2026,40220828,1244
Apr-2026,40222735,1244
Apr-2026,40197447,1243
Apr-2026,40202027,1243
Apr-2026,40203735,1243
Apr-2026,23115881,1242
Apr-2026,40189459,1242
Apr-2026,40194535,1242
Apr-2026,40206079,1242
Apr-2026,40206956,1242
Apr-2026,40208489,1242
Apr-2026,40196291,1241
Apr-2026,40206499,1241
Apr-2026,40210648,1241
Apr-2026,40207008,1240
Apr-2026,40208559,1240
Apr-2026,40191108,1239
Apr-2026,40194340,1239
Apr-2026,40197037,1239
Apr-2026,40207735,1239
Apr-2026,40220550,1239
Apr-2026,40192497,1238
Apr-2026,40195073,1238
Apr-2026,40199335,1238
Apr-2026,40203030,1238
Apr-2026,40203871,1238
Apr-2026,40112368,1237
Apr-2026,40195349,1237
Apr-2026,40197581,1237
Apr-2026,40207810,1237
Apr-2026,40211015,1237
Apr-2026,40195660,1236
Apr-2026,40203380,1236
Apr-2026,40215335,1236
Apr-2026,40215407,1236
Apr-2026,40195574,1235
Apr-2026,40192795,1234
Apr-2026,40194133,1234
Apr-2026,40200354,1234
Apr-2026,40202580,1234
Apr-2026,40205819,1234
Apr-2026,40207784,1234
Apr-2026,30000396,1233
Apr-2026,40195890,1233
Apr-2026,40203274,1233
Apr-2026,40218289,1233
Apr-2026,40190344,1232
Apr-2026,40196904,1232
Apr-2026,40223782,1232
Apr-2026,40188713,1231
Apr-2026,40207007,1231
Apr-2026,40209987,1231
Apr-2026,40217321,1231
Apr-2026,40222963,1231
Apr-2026,40191433,1230
Apr-2026,40192752,1230
Apr-2026,40193332,1230
Apr-2026,40202891,1230
Apr-2026,40210187,1230
Apr-2026,40203031,1229
Apr-2026,40202656,1228
Apr-2026,40205592,1228
Apr-2026,40210992,1228
Apr-2026,40197996,1227
Apr-2026,40204676,1227
Apr-2026,40206563,1227
Apr-2026,40220669,1227
Apr-2026,40201815,1226
Apr-2026,40205164,1226
Apr-2026,40209108,1226
Apr-2026,40214332,1226
Apr-2026,40196384,1225
Apr-2026,40196986,1225
Apr-2026,40208669,1225
Apr-2026,40194092,1223
Apr-2026,40194409,1223
Apr-2026,40194524,1223
Apr-2026,40213426,1223
Apr-2026,40219595,1223
Apr-2026,40221520,1223
Apr-2026,40189643,1222
Apr-2026,40194602,1222
Apr-2026,40194676,1222
Apr-2026,40197319,1222
Apr-2026,40198329,1222
Apr-2026,40201735,1222
Apr-2026,40203689,1222
Apr-2026,40205103,1222
Apr-2026,40215035,1222
Apr-2026,40222425,1222
Apr-2026,40204896,1221
Apr-2026,40205432,1221
Apr-2026,40209729,1221
Apr-2026,40214471,1221
Apr-2026,40202471,1220
Apr-2026,40208342,1220
Apr-2026,40205858,1219
Apr-2026,40206584,1219
Apr-2026,40205809,1218
Apr-2026,40211428,1218
Apr-2026,40219223,1218
Apr-2026,40200049,1217
Apr-2026,40214433,1217
Apr-2026,40218126,1217
Apr-2026,40204027,1216
Apr-2026,40214458,1216
Apr-2026,40198528,1215
Apr-2026,40204499,1215
Apr-2026,40209829,1215
Apr-2026,40223375,1215
Apr-2026,40192538,1214
Apr-2026,40213978,1214
Apr-2026,40196383,1213
Apr-2026,40198768,1213
Apr-2026,40200941,1213
Apr-2026,40212355,1213
Apr-2026,40219737,1213
Apr-2026,40191699,1212
Apr-2026,40192614,1212
Apr-2026,40197456,1212
Apr-2026,40199578,1212
Apr-2026,40189320,1211
Apr-2026,40206684,1211
Apr-2026,40207494,1210
Apr-2026,40208065,1210
Apr-2026,40216037,1210
Apr-2026,40191385,1209
Apr-2026,40208934,1209
Apr-2026,40216318,1209
Apr-2026,40198953,1208
Apr-2026,40207020,1208
Apr-2026,40217531,1208
Apr-2026,30000462,1207
Apr-2026,40075834,1207
Apr-2026,40185329,1207
Apr-2026,40193663,1206
Apr-2026,40198263,1206
Apr-2026,40187526,1205
Apr-2026,40188397,1204
Apr-2026,40194420,1204
Apr-2026,40194934,1204
Apr-2026,40199304,1204
Apr-2026,40213803,1204
Apr-2026,40194884,1203
Apr-2026,40202336,1203
Apr-2026,40208359,1203
Apr-2026,40212748,1203
Apr-2026,40216022,1203
Apr-2026,40197150,1201
Apr-2026,40199370,1201
Apr-2026,40204704,1201
Apr-2026,40205000,1201
Apr-2026,40218436,1201
Apr-2026,40191123,1200
Apr-2026,40209085,1200
Apr-2026,40183075,1199
Apr-2026,40216578,1199
Apr-2026,40219573,1199
Apr-2026,40200301,1198
Apr-2026,40189684,1197
Apr-2026,40195824,1197
Apr-2026,40198788,1197
Apr-2026,40211764,1197
Apr-2026,40218210,1197
Apr-2026,40193916,1196
Apr-2026,40198539,1196
Apr-2026,40208689,1196
Apr-2026,40217487,1196
Apr-2026,40190694,1195
Apr-2026,40197805,1195
Apr-2026,40200221,1195
Apr-2026,40209045,1195
Apr-2026,40217313,1195
Apr-2026,30000468,1194
Apr-2026,40191822,1194
Apr-2026,40188655,1193
Apr-2026,40198945,1193
Apr-2026,40203650,1193
Apr-2026,40209244,1193
Apr-2026,40218521,1193
Apr-2026,40197083,1192
Apr-2026,40198146,1192
Apr-2026,40201450,1192
Apr-2026,40217518,1192
Apr-2026,40200953,1191
Apr-2026,40214449,1191
Apr-2026,40215351,1191
Apr-2026,40193020,1190
Apr-2026,40199233,1190
Apr-2026,40203591,1190
Apr-2026,40209454,1190
Apr-2026,40216387,1190
Apr-2026,40216883,1189
Apr-2026,40222154,1189
Apr-2026,40222929,1189
Apr-2026,40188736,1188
Apr-2026,40197617,1188
Apr-2026,40206267,1188
Apr-2026,40196916,1187
Apr-2026,40219449,1187
Apr-2026,40199917,1186
Apr-2026,40207277,1186
Apr-2026,40197809,1185
Apr-2026,40211450,1185
Apr-2026,40214470,1185
Apr-2026,40190335,1184
Apr-2026,40192550,1184
Apr-2026,40194571,1184
Apr-2026,40201633,1184
Apr-2026,40215895,1183
Apr-2026,40188206,1182
Apr-2026,40191287,1182
Apr-2026,40196459,1182
Apr-2026,40204868,1182
Apr-2026,40207404,1182
Apr-2026,40211358,1182
Apr-2026,40219158,1182
Apr-2026,40220071,1182
Apr-2026,40190911,1181
Apr-2026,40192112,1181
Apr-2026,40202726,1181
Apr-2026,40209025,1181
Apr-2026,40210359,1181
Apr-2026,40217379,1181
Apr-2026,40194356,1180
Apr-2026,40202674,1180
Apr-2026,40209111,1180
Apr-2026,40196294,1178
Apr-2026,40222020,1178
Apr-2026,40204925,1177
Apr-2026,40220237,1177
Apr-2026,40192875,1176
Apr-2026,40194054,1176
Apr-2026,30000357,1175
Apr-2026,40190454,1175
Apr-2026,40196834,1175
Apr-2026,40222944,1175
Apr-2026,40188460,1174
Apr-2026,40198231,1174
Apr-2026,40211427,1174
Apr-2026,40221006,1174
Apr-2026,40221207,1174
Apr-2026,40200427,1173
Apr-2026,40200841,1173
Apr-2026,40215292,1173
Apr-2026,40220814,1173
Apr-2026,40165597,1172
Apr-2026,40195322,1172
Apr-2026,40199176,1172
Apr-2026,40208662,1172
Apr-2026,40209276,1172
Apr-2026,40217239,1172
Apr-2026,40218295,1172
Apr-2026,40222901,1172
Apr-2026,40194499,1171
Apr-2026,40210740,1171
Apr-2026,40213544,1171
Apr-2026,40197814,1170
Apr-2026,40218247,1170
Apr-2026,40187817,1169
Apr-2026,40189440,1169
Apr-2026,40191978,1169
Apr-2026,40217199,1169
Apr-2026,40221627,1169
Apr-2026,40199632,1168
Apr-2026,40205850,1168
Apr-2026,40209668,1167
Apr-2026,40215261,1167
Apr-2026,40216550,1167
Apr-2026,40223351,1167
Apr-2026,40192620,1166
Apr-2026,40197476,1166
Apr-2026,40204300,1166
Apr-2026,40205540,1166
Apr-2026,40218944,1166
Apr-2026,23713358,1165
Apr-2026,40192385,1165
Apr-2026,40195418,1165
Apr-2026,40206039,1165
Apr-2026,40206700,1165
Apr-2026,40213510,1165
Apr-2026,40213910,1165
Apr-2026,40220343,1165
Apr-2026,40188938,1164
Apr-2026,40198252,1164
Apr-2026,40203045,1164
Apr-2026,40205224,1164
Apr-2026,30000406,1162
Apr-2026,40192736,1162
Apr-2026,40221033,1162
Apr-2026,23916651,1161
Apr-2026,40190395,1161
Apr-2026,40201351,1161
Apr-2026,40189048,1160
Apr-2026,40193468,1160
Apr-2026,40194419,1160
Apr-2026,40199048,1160
Apr-2026,40199400,1160
Apr-2026,40212994,1160
Apr-2026,40213549,1160
Apr-2026,30000434,1159
Apr-2026,40211985,1159
Apr-2026,40192170,1158
Apr-2026,40195938,1158
Apr-2026,40206472,1158
Apr-2026,40207057,1158
Apr-2026,40221357,1158
Apr-2026,40198351,1157
Apr-2026,40201257,1157
Apr-2026,40216835,1157
Apr-2026,40206981,1156
Apr-2026,40191442,1155
Apr-2026,40193340,1155
Apr-2026,40195392,1155
Apr-2026,40202303,1155
Apr-2026,40210614,1155
Apr-2026,40213117,1155
Apr-2026,40184014,1154
Apr-2026,40218856,1154
Apr-2026,40199579,1153
Apr-2026,40215300,1153
Apr-2026,40216410,1153
Apr-2026,40201741,1152
Apr-2026,40208520,1152
Apr-2026,40216533,1152
Apr-2026,40223139,1152
Apr-2026,40193939,1151
Apr-2026,40213844,1151
Apr-2026,40195888,1150
Apr-2026,40202005,1150
Apr-2026,40204541,1150
Apr-2026,40214780,1150
Apr-2026,40220538,1150
Apr-2026,40207444,1149
Apr-2026,40208603,1149
Apr-2026,40217728,1149
Apr-2026,40222620,1149
Apr-2026,40193162,1148
Apr-2026,40215648,1148
Apr-2026,40187846,1147
Apr-2026,40192391,1147
Apr-2026,40202860,1147
Apr-2026,40203125,1147
Apr-2026,40205474,1147
Apr-2026,40189123,1146
Apr-2026,40190061,1146
Apr-2026,40210938,1146
Apr-2026,40204489,1145
Apr-2026,40208387,1145
Apr-2026,40211429,1145
Apr-2026,40212823,1145
Apr-2026,40215884,1145
Apr-2026,40216503,1145
Apr-2026,40216769,1145
Apr-2026,40197604,1144
Apr-2026,40203454,1144
Apr-2026,40219477,1144
Apr-2026,40221353,1144
Apr-2026,23383187,1143
Apr-2026,40190815,1143
Apr-2026,40191291,1143
Apr-2026,40221633,1143
Apr-2026,40222146,1143
Apr-2026,40222509,1143
Apr-2026,40202498,1142
Apr-2026,40204786,1142
Apr-2026,40218197,1142
Apr-2026,40204771,1140
Apr-2026,40217604,1140
Apr-2026,40217455,1139
Apr-2026,40190153,1138
Apr-2026,40211960,1138
Apr-2026,40187862,1137
Apr-2026,40208348,1137
Apr-2026,40198651,1136
Apr-2026,40199650,1136
Apr-2026,40205378,1136
Apr-2026,40207292,1136
Apr-2026,40222292,1136
Apr-2026,40223602,1136
Apr-2026,40192888,1135
Apr-2026,40193794,1135
Apr-2026,40212773,1135
Apr-2026,40213287,1135
Apr-2026,40205989,1134
Apr-2026,40223332,1134
Apr-2026,20556033,1133
Apr-2026,40201300,1133
Apr-2026,40208175,1133
Apr-2026,40217841,1133
Apr-2026,23917887,1132
Apr-2026,40188085,1132
Apr-2026,40196425,1132
Apr-2026,40199898,1132
Apr-2026,40203723,1132
Apr-2026,40213177,1132
Apr-2026,40217418,1132
Apr-2026,40222699,1132
Apr-2026,40205217,1131
Apr-2026,40209046,1131
Apr-2026,40216565,1131
Apr-2026,40196402,1130
Apr-2026,40199764,1130
Apr-2026,40204923,1130
Apr-2026,40209106,1130
Apr-2026,40210737,1130
Apr-2026,40212320,1130
Apr-2026,40222940,1129
Apr-2026,40223509,1129
Apr-2026,40194895,1128
Apr-2026,40200380,1128
Apr-2026,40196448,1127
Apr-2026,40217793,1127
Apr-2026,40222679,1127
Apr-2026,40185973,1126
Apr-2026,40187826,1126
Apr-2026,40213755,1126
Apr-2026,40218596,1126
Apr-2026,40206611,1125
Apr-2026,40215227,1125
Apr-2026,40195478,1124
Apr-2026,40210386,1124
Apr-2026,40210558,1124
Apr-2026,40193273,1123
Apr-2026,40207772,1123
Apr-2026,40213215,1123
Apr-2026,40190563,1122
Apr-2026,40202800,1122
Apr-2026,40204239,1122
Apr-2026,40207505,1122
Apr-2026,40188508,1121
Apr-2026,40207223,1121
Apr-2026,40208037,1120
Apr-2026,40209389,1120
Apr-2026,40216557,1120
Apr-2026,40192508,1119
Apr-2026,40195225,1119
Apr-2026,40197531,1119
Apr-2026,40203923,1119
Apr-2026,40207594,1119
Apr-2026,40210234,1119
Apr-2026,40210896,1119
Apr-2026,40222013,1119
Apr-2026,40206952,1118
Apr-2026,40220829,1118
Apr-2026,40222487,1118
Apr-2026,40205496,1117
Apr-2026,40205866,1116
Apr-2026,40212364,1116
Apr-2026,40217788,1116
Apr-2026,40173347,1115
Apr-2026,40206742,1115
Apr-2026,40209056,1115
Apr-2026,40209468,1115
Apr-2026,40215234,1115
Apr-2026,40218270,1115
Apr-2026,40188990,1114
Apr-2026,40191864,1114
Apr-2026,40195853,1114
Apr-2026,40212449,1114
Apr-2026,40221841,1114
Apr-2026,40191005,1113
Apr-2026,40195860,1113
Apr-2026,40193642,1112
Apr-2026,40198631,1112
Apr-2026,40204501,1112
Apr-2026,40219900,1112
Apr-2026,40191141,1111
Apr-2026,40194477,1111
Apr-2026,40197290,1110
Apr-2026,40197931,1110
Apr-2026,40207229,1110
Apr-2026,40217857,1110
Apr-2026,40199602,1109
Apr-2026,40194423,1108
Apr-2026,40198204,1108
Apr-2026,40201218,1108
Apr-2026,40205830,1108
Apr-2026,40211518,1108
Apr-2026,40214152,1108
Apr-2026,40218745,1108
Apr-2026,40188543,1107
Apr-2026,40189645,1107
Apr-2026,40203985,1107
Apr-2026,40208401,1107
Apr-2026,40213075,1107
Apr-2026,40214879,1107
Apr-2026,40222070,1107
Apr-2026,40185632,1106
Apr-2026,40190362,1106
Apr-2026,40199896,1106
Apr-2026,40220298,1106
Apr-2026,40074090,1105
Apr-2026,40193380,1105
Apr-2026,40200051,1105
Apr-2026,40208993,1105
Apr-2026,40212093,1105
Apr-2026,40201982,1104
Apr-2026,40219339,1104
Apr-2026,40188919,1103
Apr-2026,40194504,1103
Apr-2026,40195049,1103
Apr-2026,40205136,1103
Apr-2026,40204709,1102
Apr-2026,40206756,1102
Apr-2026,40207887,1102
Apr-2026,40209375,1102
Apr-2026,40191851,1101
Apr-2026,40216277,1101
Apr-2026,40216408,1101
Apr-2026,40219770,1101
Apr-2026,40165807,1100
Apr-2026,40190603,1100
Apr-2026,40198129,1100
Apr-2026,40198450,1100
Apr-2026,40201640,1100
Apr-2026,40215040,1100
Apr-2026,40184898,1099
Apr-2026,40193711,1099
Apr-2026,40197256,1099
Apr-2026,40214228,1099
Apr-2026,40215378,1099
Apr-2026,40219643,1099
Apr-2026,40187435,1098
Apr-2026,40199776,1098
Apr-2026,40200397,1098
Apr-2026,40209424,1098
Apr-2026,40190549,1097
Apr-2026,40193894,1097
Apr-2026,40188649,1096
Apr-2026,40189428,1096
Apr-2026,40190702,1096
Apr-2026,40193345,1096
Apr-2026,40202120,1096
Apr-2026,40207301,1096
Apr-2026,40213757,1096
Apr-2026,40191609,1095
Apr-2026,40202823,1095
Apr-2026,40214546,1095
Apr-2026,40215172,1095
Apr-2026,40218368,1095
Apr-2026,40211895,1094
Apr-2026,40220592,1094
Apr-2026,40222433,1094
Apr-2026,40190004,1093
Apr-2026,40195926,1093
Apr-2026,40211554,1093
Apr-2026,40191227,1092
Apr-2026,40193737,1092
Apr-2026,40200346,1092
Apr-2026,40209170,1092
Apr-2026,40209799,1092
Apr-2026,40198406,1091
Apr-2026,40200931,1091
Apr-2026,40203588,1091
Apr-2026,40210407,1091
Apr-2026,40211161,1091
Apr-2026,40220754,1091
Apr-2026,40198389,1090
Apr-2026,40199464,1090
Apr-2026,40208391,1090
Apr-2026,40216285,1090
Apr-2026,40175579,1089
Apr-2026,40191466,1089
Apr-2026,40194948,1089
Apr-2026,40205553,1089
Apr-2026,40208825,1089
Apr-2026,40210373,1089
Apr-2026,40221624,1089
Apr-2026,40221778,1089
Apr-2026,40182814,1088
Apr-2026,40184883,1088
Apr-2026,40193910,1088
Apr-2026,40191151,1086
Apr-2026,40215851,1086
Apr-2026,40216960,1086
Apr-2026,40222530,1086
Apr-2026,40191810,1085
Apr-2026,40208842,1085
Apr-2026,40218364,1085
Apr-2026,40221084,1085
Apr-2026,40222260,1085
Apr-2026,40204487,1084
Apr-2026,40206056,1084
Apr-2026,40195133,1083
Apr-2026,40220869,1083
Apr-2026,40205880,1082
Apr-2026,40206331,1082
Apr-2026,40211022,1082
Apr-2026,40189082,1081
Apr-2026,40204642,1081
Apr-2026,40208417,1081
Apr-2026,40214918,1081
Apr-2026,40220872,1081
Apr-2026,23692255,1080
Apr-2026,40190777,1080
Apr-2026,40214762,1080
Apr-2026,40180330,1079
Apr-2026,40189455,1079
Apr-2026,40218904,1079
Apr-2026,40220204,1079
Apr-2026,40224165,1079
Apr-2026,40193322,1078
Apr-2026,40200067,1078
Apr-2026,40209248,1078
Apr-2026,40211742,1078
Apr-2026,40216698,1078
Apr-2026,40220380,1078
Apr-2026,40222644,1078
Apr-2026,40200595,1077
Apr-2026,40191282,1076
Apr-2026,40192974,1076
Apr-2026,40218132,1076
Apr-2026,40218895,1076
Apr-2026,40222923,1076
Apr-2026,40188469,1075
Apr-2026,40193287,1075
Apr-2026,40195761,1075
Apr-2026,40200029,1075
Apr-2026,40204068,1075
Apr-2026,40206376,1075
Apr-2026,40190994,1074
Apr-2026,40210669,1074
Apr-2026,40219208,1074
Apr-2026,40190857,1073
Apr-2026,40208483,1073
Apr-2026,40214751,1073
Apr-2026,40187177,1072
Apr-2026,40206200,1072
Apr-2026,40208792,1072
Apr-2026,40195576,1071
Apr-2026,40206777,1071
Apr-2026,40183425,1070
Apr-2026,40199303,1070
Apr-2026,40200600,1070
Apr-2026,40197438,1069
Apr-2026,40213196,1069
Apr-2026,40222290,1069
Apr-2026,40197046,1068
Apr-2026,40198383,1067
Apr-2026,40216704,1067
Apr-2026,40197211,1066
Apr-2026,40209705,1066
Apr-2026,40216976,1066
Apr-2026,40217830,1066
Apr-2026,40223692,1066
Apr-2026,40185913,1065
Apr-2026,40194354,1065
Apr-2026,40213705,1065
Apr-2026,24063449,1064
Apr-2026,40189126,1064
Apr-2026,40192258,1064
Apr-2026,40197746,1063
Apr-2026,40205482,1063
Apr-2026,40206042,1063
Apr-2026,40207395,1063
Apr-2026,40217532,1063
Apr-2026,40217574,1063
Apr-2026,40222237,1063
Apr-2026,40102238,1062
Apr-2026,40188228,1062
Apr-2026,40200658,1062
Apr-2026,40192063,1061
Apr-2026,40196974,1061
Apr-2026,40202606,1061
Apr-2026,40214863,1061
Apr-2026,40200027,1060
Apr-2026,40212788,1060
Apr-2026,40194373,1059
Apr-2026,40210282,1059
Apr-2026,40222383,1059
Apr-2026,40218311,1058
Apr-2026,40221783,1058
Apr-2026,40223711,1058
Apr-2026,40197340,1057
Apr-2026,40199617,1057
Apr-2026,40212504,1057
Apr-2026,40213209,1057
Apr-2026,40199345,1056
Apr-2026,40210343,1056
Apr-2026,40212512,1056
Apr-2026,40214962,1056
Apr-2026,40205777,1055
Apr-2026,40192419,1054
Apr-2026,40201732,1054
Apr-2026,40211622,1054
Apr-2026,40195239,1053
Apr-2026,40198673,1053
Apr-2026,40198839,1053
Apr-2026,40206227,1053
Apr-2026,40207240,1053
Apr-2026,40208100,1053
Apr-2026,40211886,1053
Apr-2026,40221432,1053
Apr-2026,40175608,1052
Apr-2026,40192817,1052
Apr-2026,40194197,1052
Apr-2026,40196726,1052
Apr-2026,40205232,1052
Apr-2026,40206225,1052
Apr-2026,40200291,1051
Apr-2026,40218601,1051
Apr-2026,40220774,1051
Apr-2026,40191778,1050
Apr-2026,40211308,1050
Apr-2026,40212188,1050
Apr-2026,40218092,1050
Apr-2026,40222831,1050
Apr-2026,40187055,1049
Apr-2026,40194785,1049
Apr-2026,40204349,1049
Apr-2026,40222081,1049
Apr-2026,40197227,1048
Apr-2026,40197473,1048
Apr-2026,40222410,1048
Apr-2026,40191577,1047
Apr-2026,40216222,1047
Apr-2026,40203673,1046
Apr-2026,40204864,1046
Apr-2026,40206664,1046
Apr-2026,40209681,1046
Apr-2026,40223146,1046
Apr-2026,40196621,1045
Apr-2026,40202150,1045
Apr-2026,40207213,1045
Apr-2026,40211862,1045
Apr-2026,40215730,1045
Apr-2026,40221933,1045
Apr-2026,40222034,1045
Apr-2026,40195510,1044
Apr-2026,40208044,1044
Apr-2026,40220728,1044
Apr-2026,40195430,1043
Apr-2026,40200854,1043
Apr-2026,40205006,1043
Apr-2026,40207418,1043
Apr-2026,40212739,1043
Apr-2026,40207306,1042
Apr-2026,40210504,1042
Apr-2026,40092801,1041
Apr-2026,40196618,1041
Apr-2026,40207468,1041
Apr-2026,40210629,1041
Apr-2026,40221803,1041
Apr-2026,40192190,1040
Apr-2026,40198026,1040
Apr-2026,40200037,1040
Apr-2026,40200279,1040
Apr-2026,40215625,1040
Apr-2026,40221246,1040
Apr-2026,40192510,1039
Apr-2026,40195275,1039
Apr-2026,40197937,1039
Apr-2026,40211311,1039
Apr-2026,40218844,1039
Apr-2026,23512274,1038
Apr-2026,40181216,1038
Apr-2026,40204297,1038
Apr-2026,40206412,1038
Apr-2026,40209257,1038
Apr-2026,40218779,1038
Apr-2026,40201219,1037
Apr-2026,40202962,1037
Apr-2026,40182751,1036
Apr-2026,40207414,1036
Apr-2026,40218545,1036
Apr-2026,40221322,1036
Apr-2026,23443076,1035
Apr-2026,40189221,1035
Apr-2026,40199732,1035
Apr-2026,40204253,1035
Apr-2026,40211172,1035
Apr-2026,40082087,1034
Apr-2026,40195475,1034
Apr-2026,40196014,1034
Apr-2026,40201173,1034
Apr-2026,40208949,1034
Apr-2026,40216702,1034
Apr-2026,40195554,1033
Apr-2026,40196066,1033
Apr-2026,40196591,1033
Apr-2026,40198521,1033
Apr-2026,40205804,1033
Apr-2026,40208463,1033
Apr-2026,40209739,1033
Apr-2026,40219954,1033
Apr-2026,40221736,1033
Apr-2026,40201800,1032
Apr-2026,40211610,1032
Apr-2026,40214251,1032
Apr-2026,40217407,1032
Apr-2026,40188970,1031
Apr-2026,40191327,1031
Apr-2026,40191798,1031
Apr-2026,40194294,1031
Apr-2026,40194776,1031
Apr-2026,40203135,1031
Apr-2026,40219378,1031
Apr-2026,40221359,1031
Apr-2026,40198180,1030
Apr-2026,40212799,1030
Apr-2026,40217236,1030
Apr-2026,23518253,1029
Apr-2026,40188036,1029
Apr-2026,40190592,1029
Apr-2026,40199470,1029
Apr-2026,40215616,1029
Apr-2026,40219818,1029
Apr-2026,40205288,1028
Apr-2026,40205663,1028
Apr-2026,40208172,1028
Apr-2026,40209555,1028
Apr-2026,40215008,1028
Apr-2026,40215121,1028
Apr-2026,40222197,1028
Apr-2026,40191315,1027
Apr-2026,40191382,1027
Apr-2026,40196560,1027
Apr-2026,40205464,1027
Apr-2026,40212135,1027
Apr-2026,40212814,1027
Apr-2026,40190470,1026
Apr-2026,40197905,1026
Apr-2026,40198152,1026
Apr-2026,40204547,1026
Apr-2026,40206828,1026
Apr-2026,40208884,1026
Apr-2026,40212303,1026
Apr-2026,40215643,1026
Apr-2026,40190803,1025
Apr-2026,40195464,1025
Apr-2026,40212983,1025
Apr-2026,40221568,1025
Apr-2026,40187765,1024
Apr-2026,40192695,1024
Apr-2026,40196215,1024
Apr-2026,40202895,1024
Apr-2026,40188930,1023
Apr-2026,40195907,1023
Apr-2026,40207641,1023
Apr-2026,40217263,1023
Apr-2026,40181102,1022
Apr-2026,40215872,1022
Apr-2026,40216199,1022
Apr-2026,40218434,1022
Apr-2026,40222439,1022
Apr-2026,40200366,1021
Apr-2026,40202576,1021
Apr-2026,40210227,1021
Apr-2026,40213100,1021
Apr-2026,40222682,1021
Apr-2026,40190475,1020
Apr-2026,40209453,1020
Apr-2026,40211250,1020
Apr-2026,40214100,1020
Apr-2026,40184072,1019
Apr-2026,40202429,1019
Apr-2026,40204701,1019
Apr-2026,40210672,1019
Apr-2026,40220878,1019
Apr-2026,40222138,1019
Apr-2026,23999120,1018
Apr-2026,40189586,1018
Apr-2026,40199004,1018
Apr-2026,40209517,1018
Apr-2026,40221105,1018
Apr-2026,23439086,1017
Apr-2026,40188894,1017
Apr-2026,40196552,1017
Apr-2026,40205859,1017
Apr-2026,40212606,1017
Apr-2026,40212831,1017
Apr-2026,40218294,1017
Apr-2026,40222883,1017
Apr-2026,40190131,1016
Apr-2026,40191643,1016
Apr-2026,40197842,1016
Apr-2026,40206006,1016
Apr-2026,40209597,1016
Apr-2026,40210538,1016
Apr-2026,40201940,1015
Apr-2026,40203213,1015
Apr-2026,40216416,1015
Apr-2026,40222094,1015
Apr-2026,40222960,1015
Apr-2026,40196928,1014
Apr-2026,40198815,1014
Apr-2026,40216237,1014
Apr-2026,40198396,1013
Apr-2026,40201170,1013
Apr-2026,40216930,1013
Apr-2026,40219922,1013
Apr-2026,40197857,1012
Apr-2026,40201248,1012
Apr-2026,40201586,1012
Apr-2026,40213695,1011
Apr-2026,40217662,1011
Apr-2026,40220186,1011
Apr-2026,40188549,1010
Apr-2026,40210680,1010
Apr-2026,40214081,1010
Apr-2026,40194650,1009
Apr-2026,40185193,1008
Apr-2026,40191790,1008
Apr-2026,40192150,1008
Apr-2026,40220521,1008
Apr-2026,40188947,1007
Apr-2026,40190348,1007
Apr-2026,40205478,1007
Apr-2026,40216338,1007
Apr-2026,40196313,1006
Apr-2026,40220003,1006
Apr-2026,40196397,1005
Apr-2026,40202070,1005
Apr-2026,40209524,1005
Apr-2026,40215881,1005
Apr-2026,40195877,1004
Apr-2026,40196593,1004
Apr-2026,40200078,1003
Apr-2026,40212330,1003
Apr-2026,40205708,1002
Apr-2026,40206795,1002
Apr-2026,40206941,1002
Apr-2026,40192911,1001
Apr-2026,40192435,1000
Apr-2026,40195423,1000
Apr-2026,40209341,1000
Apr-2026,40223380,1000
May-2026,40239823,947869
May-2026,40236494,592285
May-2026,40226580,591707
May-2026,40238883,571461
May-2026,40254708,514674
May-2026,40251794,457680
May-2026,40224374,409283
May-2026,40254917,405881
May-2026,40245617,355280
May-2026,40233914,354898
May-2026,40249395,347279
May-2026,40242337,332540
May-2026,40243354,320563
May-2026,40241718,284665
May-2026,30000552,255109
May-2026,40241100,250930
May-2026,40237995,243744
May-2026,40240881,241063
May-2026,40229941,229006
May-2026,40230070,227066
May-2026,40243984,224713
May-2026,40250441,223952
May-2026,40235022,213609
May-2026,40237169,210627
May-2026,40231034,201243
May-2026,40238005,196341
May-2026,40238914,195064
May-2026,40243301,194665
May-2026,40239417,193811
May-2026,40226915,192561
May-2026,40223560,185452
May-2026,40249260,180563
May-2026,40252920,180363
May-2026,40246303,177836
May-2026,40225091,174096
May-2026,40229808,168734
May-2026,40236832,164238
May-2026,40229410,163953
May-2026,40239035,163607
May-2026,40250327,152176
May-2026,40248081,151571
May-2026,40228886,145427
May-2026,40231464,144588
May-2026,40228850,136566
May-2026,40235109,136413
May-2026,40240556,135407
May-2026,40232910,135332
May-2026,40228797,135294
May-2026,40239128,134309
May-2026,40233467,133174
May-2026,40255764,132875
May-2026,40243474,132168
May-2026,40245495,130635
May-2026,40233832,130023
May-2026,40252483,129654
May-2026,40249470,128880
May-2026,40226555,128220
May-2026,40236922,127823
May-2026,40241372,126727
May-2026,40224042,121257
May-2026,40229594,120877
May-2026,40238811,120265
May-2026,40257857,119052
May-2026,40252542,118092
May-2026,40246261,117810
May-2026,40228179,116482
May-2026,40242383,116006
May-2026,40241523,114281
May-2026,40223735,113766
May-2026,40231900,113557
May-2026,40249273,112619
May-2026,40235859,109940
May-2026,40230720,109563
May-2026,40246905,108088
May-2026,40255566,106864
May-2026,40246900,106467
May-2026,40254039,105242
May-2026,40253187,105140
May-2026,40245208,103483
May-2026,40244085,101141
May-2026,40242583,100821
May-2026,40226043,100518
May-2026,40251220,100498
May-2026,40224993,99727
May-2026,40238944,99710
May-2026,40232679,98996
May-2026,40253757,98056
May-2026,40235820,97531
May-2026,40228053,96895
May-2026,40242535,96781
May-2026,40238105,95749
May-2026,30000500,95305
May-2026,40256770,95009
May-2026,40233998,94861
May-2026,40225060,93709
May-2026,40248116,92239
May-2026,40229038,91465
May-2026,40242531,91037
May-2026,40240922,90927
May-2026,40254653,90698
May-2026,40238865,89481
May-2026,40236792,89016
May-2026,40238195,89015
May-2026,40239782,88448
May-2026,40244356,88371
May-2026,40243029,87831
May-2026,40229634,87792
May-2026,40252986,87275
May-2026,40235337,86875
May-2026,40226192,86323
May-2026,40250312,85966
May-2026,40239816,85688
May-2026,40251462,83911
May-2026,40235680,83459
May-2026,40234725,83204
May-2026,40250060,83070
May-2026,40255217,81246
May-2026,40226397,80488
May-2026,40228692,80437
May-2026,40239038,80149
May-2026,40233827,79885
May-2026,40246606,79797
May-2026,40235985,79349
May-2026,40240963,78094
May-2026,40257086,77338
May-2026,40252568,77043
May-2026,40246104,77018
May-2026,40251376,77002
May-2026,40232607,76786
May-2026,40233885,76648
May-2026,40249769,76355
May-2026,40226065,76261
May-2026,40244170,76060
May-2026,40247783,75431
May-2026,40249934,75329
May-2026,40240606,75304
May-2026,40240779,74264
May-2026,40230728,74006
May-2026,40238273,73784
May-2026,40257271,73743
May-2026,40237308,73640
May-2026,40237992,73597
May-2026,40229394,73190
May-2026,40257016,73034
May-2026,40253807,72848
May-2026,40234952,72800
May-2026,40228475,72401
May-2026,40247197,70548
May-2026,40246700,70451
May-2026,40236083,70431
May-2026,40230076,70321
May-2026,40248876,70177
May-2026,40242422,69912
May-2026,40235906,69621
May-2026,40234122,69284
May-2026,40238882,69273
May-2026,40235269,69039
May-2026,40257389,68979
May-2026,40223477,68523
May-2026,40238457,68391
May-2026,40226432,68386
May-2026,40233886,68092
May-2026,40255507,67983
May-2026,40242426,67897
May-2026,40224503,67743
May-2026,40234558,67731
May-2026,40235211,67454
May-2026,40249682,67267
May-2026,40247788,67019
May-2026,40231696,66927
May-2026,40226460,66605
May-2026,40239783,66331
May-2026,40244826,66231
May-2026,40226158,66189
May-2026,40227682,66086
May-2026,40253648,65895
May-2026,40244636,65832
May-2026,40235584,65554
May-2026,40254292,65439
May-2026,40234665,65312
May-2026,40252518,65101
May-2026,40244384,65037
May-2026,40250047,64709
May-2026,40251156,64682
May-2026,40247392,64310
May-2026,40237371,64032
May-2026,40242391,63620
May-2026,40251235,63417
May-2026,40242532,63368
May-2026,40225456,63092
May-2026,40227433,62993
May-2026,40255374,62982
May-2026,40225255,62698
May-2026,40255120,62424
May-2026,40248079,62338
May-2026,40238816,61312
May-2026,40231255,61020
May-2026,40228557,60527
May-2026,40242355,60507
May-2026,40249971,60257
May-2026,40227976,60203
May-2026,40235897,60001
May-2026,40248321,60001
May-2026,40229117,59871
May-2026,40250080,59572
May-2026,40232738,59530
May-2026,40248719,59453
May-2026,40258122,59059
May-2026,40240731,58927
May-2026,40233975,58310
May-2026,40251701,57938
May-2026,40254317,57721
May-2026,40254686,57217
May-2026,40254910,57125
May-2026,40254652,56823
May-2026,40226879,56690
May-2026,40228404,56233
May-2026,40235151,56135
May-2026,40247988,55915
May-2026,40223940,55870
May-2026,40246811,55397
May-2026,40225621,55276
May-2026,40223668,54744
May-2026,40228967,54577
May-2026,40225332,54504
May-2026,40224851,54303
May-2026,40253898,54245
May-2026,40254921,54232
May-2026,40243848,54043
May-2026,40229809,54011
May-2026,40228224,54002
May-2026,40244799,53239
May-2026,40228476,53180
May-2026,40233246,52806
May-2026,40224918,52754
May-2026,40225907,52293
May-2026,40242522,52282
May-2026,40249358,52232
May-2026,40231208,52225
May-2026,40239337,52136
May-2026,40232709,52113
May-2026,40239994,51960
May-2026,40239320,51664
May-2026,40232948,51513
May-2026,40228869,51279
May-2026,40222761,51261
May-2026,40227981,51250
May-2026,40239455,51216
May-2026,40244417,51175
May-2026,40249422,51174
May-2026,40233586,51147
May-2026,40240623,51147
May-2026,40241304,51144
May-2026,40254923,51013
May-2026,40234789,50953
May-2026,40252827,50797
May-2026,40232839,50796
May-2026,40234084,50688
May-2026,40232793,50648
May-2026,40226266,50584
May-2026,40235630,50524
May-2026,40227965,50017
May-2026,40246389,49772
May-2026,40231019,49725
May-2026,40229237,49429
May-2026,40255826,49422
May-2026,40248262,49397
May-2026,40240244,49376
May-2026,40228122,49189
May-2026,40238164,49075
May-2026,40253658,48958
May-2026,40244576,48885
May-2026,40242132,48837
May-2026,40230989,48828
May-2026,40225012,48680
May-2026,40237053,48632
May-2026,40236547,48444
May-2026,40226821,48443
May-2026,40229791,48357
May-2026,40228645,48330
May-2026,40251047,48236
May-2026,40247365,47928
May-2026,40241828,47898
May-2026,40235770,47646
May-2026,40226613,47621
May-2026,40253467,47493
May-2026,40237711,47469
May-2026,40247888,47450
May-2026,30000530,47339
May-2026,40244368,47097
May-2026,40224741,47061
May-2026,40237361,46949
May-2026,40255500,46932
May-2026,40228661,46820
May-2026,40247662,46769
May-2026,40231607,46599
May-2026,40231945,46574
May-2026,40245920,46542
May-2026,40230373,46339
May-2026,40247631,46249
May-2026,40231854,46198
May-2026,40258234,46042
May-2026,40225216,45985
May-2026,40236074,45928
May-2026,40254630,45890
May-2026,40218409,45825
May-2026,40227991,45622
May-2026,40256862,45576
May-2026,40244390,45547
May-2026,40231102,45295
May-2026,40242615,45279
May-2026,40249824,45043
May-2026,40240871,45030
May-2026,40234293,44908
May-2026,40242663,44200
May-2026,40247329,44089
May-2026,40227917,43843
May-2026,40223497,43722
May-2026,40226098,43571
May-2026,40243538,43552
May-2026,40254443,43478
May-2026,40241483,43307
May-2026,40253963,43148
May-2026,40250231,43104
May-2026,40252537,43097
May-2026,40233943,43078
May-2026,40250177,42980
May-2026,40225044,42879
May-2026,40246476,42818
May-2026,40245956,42617
May-2026,40229796,42616
May-2026,40233983,42491
May-2026,40224715,42460
May-2026,40244846,42420
May-2026,40254852,42396
May-2026,40255304,42325
May-2026,40239496,42224
May-2026,40245090,42194
May-2026,40234396,42113
May-2026,40253343,41850
May-2026,40251630,41784
May-2026,40249745,41639
May-2026,40250835,41580
May-2026,40223984,41538
May-2026,40250306,41514
May-2026,40241268,41366
May-2026,40254850,41089
May-2026,40226995,40895
May-2026,40241402,40859
May-2026,40227569,40769
May-2026,40246515,40759
May-2026,40239604,40532
May-2026,40237367,40453
May-2026,40238692,40242
May-2026,40254437,40174
May-2026,40240750,40168
May-2026,40239152,40138
May-2026,40255972,40086
May-2026,40236092,40078
May-2026,40233145,40019
May-2026,40256470,39996
May-2026,40236439,39988
May-2026,40241404,39929
May-2026,40239613,39876
May-2026,40229571,39818
May-2026,40225966,39808
May-2026,40247540,39748
May-2026,40239980,39716
May-2026,40230955,39685
May-2026,40229648,39587
May-2026,40233294,39393
May-2026,40254635,39349
May-2026,40248299,39241
May-2026,40238180,39215
May-2026,40242456,39190
May-2026,40230043,38888
May-2026,40249286,38868
May-2026,40251419,38855
May-2026,40227272,38718
May-2026,40226852,38685
May-2026,40223299,38657
May-2026,40250567,38569
May-2026,40239589,38554
May-2026,40230432,38552
May-2026,40229430,38356
May-2026,40239274,38229
May-2026,40241952,38090
May-2026,40228509,37990
May-2026,40241230,37799
May-2026,40232850,37743
May-2026,40225391,37704
May-2026,40246993,37703
May-2026,40233300,37693
May-2026,40239927,37544
May-2026,40243870,37430
May-2026,40241654,37370
May-2026,40226257,37339
May-2026,40246824,37227
May-2026,40238189,37224
May-2026,40250100,37222
May-2026,40234803,37103
May-2026,40240172,37072
May-2026,40226659,37069
May-2026,40237782,37056
May-2026,40241311,36966
May-2026,40223912,36915
May-2026,40249480,36677
May-2026,40233873,36608
May-2026,40244093,36600
May-2026,40255096,36595
May-2026,40249908,36485
May-2026,40234868,36484
May-2026,40255681,36484
May-2026,40252209,36379
May-2026,40233867,36244
May-2026,40228658,36141
May-2026,40256152,36099
May-2026,40243623,35990
May-2026,40240677,35983
May-2026,40244169,35937
May-2026,40248381,35926
May-2026,40225585,35881
May-2026,40235551,35868
May-2026,40223561,35707
May-2026,40228638,35651
May-2026,40246663,35627
May-2026,40224917,35566
May-2026,40252234,35463
May-2026,40239960,35384
May-2026,40253671,35381
May-2026,40251533,35195
May-2026,40247019,35078
May-2026,40251106,34930
May-2026,40237449,34844
May-2026,40246848,34841
May-2026,40241767,34810
May-2026,40236503,34720
May-2026,40237921,34710
May-2026,40246125,34685
May-2026,40233126,34647
May-2026,40229313,34646
May-2026,40242726,34486
May-2026,40248784,34485
May-2026,40247287,34416
May-2026,40237352,34397
May-2026,40238866,34397
May-2026,40229472,34383
May-2026,40230345,34367
May-2026,40254513,34317
May-2026,40238510,34277
May-2026,40253982,34276
May-2026,40238036,34272
May-2026,40224876,34221
May-2026,40247215,34071
May-2026,40225554,34011
May-2026,40254591,33976
May-2026,40253908,33937
May-2026,40246593,33920
May-2026,40256643,33883
May-2026,40227028,33867
May-2026,40227260,33853
May-2026,40251085,33813
May-2026,40227200,33799
May-2026,40235804,33746
May-2026,40227173,33633
May-2026,40243798,33582
May-2026,40235697,33532
May-2026,40239120,33420
May-2026,40230933,33267
May-2026,40239835,33251
May-2026,40245981,33229
May-2026,40254618,33212
May-2026,40229841,33188
May-2026,40239339,33187
May-2026,40255868,33026
May-2026,40239084,32906
May-2026,40245606,32869
May-2026,40238572,32839
May-2026,40234015,32829
May-2026,40236488,32713
May-2026,40248463,32712
May-2026,40240914,32711
May-2026,40255620,32701
May-2026,40255447,32560
May-2026,40238847,32502
May-2026,40244323,32496
May-2026,40234850,32423
May-2026,40235576,32422
May-2026,40234420,32364
May-2026,40225654,32350
May-2026,40225083,32320
May-2026,40252407,32274
May-2026,40237100,32269
May-2026,40250071,32218
May-2026,40246402,32195
May-2026,40244705,32177
May-2026,40245612,32019
May-2026,40244286,32010
May-2026,40249627,31919
May-2026,40229876,31891
May-2026,40241754,31869
May-2026,40234135,31833
May-2026,40233378,31831
May-2026,40252924,31825
May-2026,40222282,31820
May-2026,40225650,31756
May-2026,40245080,31727
May-2026,40221075,31688
May-2026,40228312,31598
May-2026,40232348,31553
May-2026,40248715,31533
May-2026,40238872,31524
May-2026,30000559,31490
May-2026,40253582,31490
May-2026,40245075,31412
May-2026,40236992,31350
May-2026,40244409,31134
May-2026,40244139,31061
May-2026,40248440,31049
May-2026,40238945,30994
May-2026,40228208,30970
May-2026,40236965,30962
May-2026,40234872,30952
May-2026,40227449,30895
May-2026,40241993,30812
May-2026,40236967,30778
May-2026,40243071,30742
May-2026,40236262,30717
May-2026,40228292,30689
May-2026,40248804,30660
May-2026,40233410,30632
May-2026,40245311,30587
May-2026,40233435,30569
May-2026,40224880,30486
May-2026,40236616,30449
May-2026,40223835,30445
May-2026,40253363,30428
May-2026,40250356,30415
May-2026,40238897,30414
May-2026,40250248,30341
May-2026,40225890,30188
May-2026,40257706,30136
May-2026,40247294,30052
May-2026,40249859,30035
May-2026,40226801,30033
May-2026,40234857,30015
May-2026,40223792,29993
May-2026,40231595,29986
May-2026,40247711,29970
May-2026,40243835,29936
May-2026,40237011,29919
May-2026,40245747,29876
May-2026,40256279,29855
May-2026,40251583,29839
May-2026,40230073,29798
May-2026,40255575,29785
May-2026,40239868,29719
May-2026,40242736,29716
May-2026,40233882,29709
May-2026,40245890,29679
May-2026,40229632,29667
May-2026,30000532,29624
May-2026,30000514,29587
May-2026,40226288,29582
May-2026,40256260,29559
May-2026,40224786,29532
May-2026,40237894,29520
May-2026,40243213,29450
May-2026,40220305,29409
May-2026,40255130,29374
May-2026,40226047,29279
May-2026,40236465,29267
May-2026,40230219,29259
May-2026,40232685,29243
May-2026,40224404,29236
May-2026,40238731,29223
May-2026,40237769,29197
May-2026,40250171,29192
May-2026,40226714,29165
May-2026,40242822,29115
May-2026,40248797,29093
May-2026,40232637,29036
May-2026,30000536,28984
May-2026,40234953,28961
May-2026,40225061,28960
May-2026,40233111,28828
May-2026,40244918,28821
May-2026,40234899,28780
May-2026,40226528,28729
May-2026,40229588,28709
May-2026,40229960,28651
May-2026,40234716,28532
May-2026,40244665,28440
May-2026,40223719,28427
May-2026,40241098,28376
May-2026,40226348,28364
May-2026,40226228,28355
May-2026,40243651,28154
May-2026,40231687,28106
May-2026,40233870,28059
May-2026,40237107,28058
May-2026,40250846,28038
May-2026,40234370,28034
May-2026,40249721,28010
May-2026,40232477,27921
May-2026,40254298,27880
May-2026,40242632,27854
May-2026,40250532,27844
May-2026,40236506,27817
May-2026,40250176,27756
May-2026,40248768,27748
May-2026,40226744,27742
May-2026,40237075,27704
May-2026,40242160,27671
May-2026,40249081,27647
May-2026,40231145,27598
May-2026,40230713,27588
May-2026,40238742,27521
May-2026,40250613,27521
May-2026,40228605,27510
May-2026,40238385,27501
May-2026,40248707,27500
May-2026,40224431,27437
May-2026,40235987,27395
May-2026,40244941,27394
May-2026,40236827,27393
May-2026,40229573,27380
May-2026,40252533,27369
May-2026,40227910,27335
May-2026,40245643,27292
May-2026,40237450,27067
May-2026,40228393,27035
May-2026,40236231,27015
May-2026,40220126,27002
May-2026,40226476,26998
May-2026,40228402,26998
May-2026,40227898,26856
May-2026,40250962,26847
May-2026,40240660,26846
May-2026,40224618,26833
May-2026,40244597,26751
May-2026,40249474,26675
May-2026,40250469,26586
May-2026,40256564,26580
May-2026,40228753,26567
May-2026,40248948,26567
May-2026,40245701,26535
May-2026,40245826,26517
May-2026,40229701,26512
May-2026,40230040,26476
May-2026,40243557,26466
May-2026,40229579,26461
May-2026,40244467,26355
May-2026,40238083,26321
May-2026,40247917,26226
May-2026,40224281,26210
May-2026,40252231,26149
May-2026,40245089,26138
May-2026,40256241,26106
May-2026,40234608,26101
May-2026,40228821,26100
May-2026,40222501,26067
May-2026,40224129,26045
May-2026,40253293,26039
May-2026,40248384,26028
May-2026,40239264,26014
May-2026,40248304,25985
May-2026,40235610,25967
May-2026,40245725,25942
May-2026,40232055,25938
May-2026,40257121,25921
May-2026,40231577,25920
May-2026,40230258,25912
May-2026,40246540,25883
May-2026,40228099,25878
May-2026,40240469,25874
May-2026,40254433,25858
May-2026,40247000,25839
May-2026,40241339,25796
May-2026,40243037,25780
May-2026,40237069,25749
May-2026,40228669,25734
May-2026,40256270,25724
May-2026,40250544,25708
May-2026,40238554,25681
May-2026,40228379,25653
May-2026,40225041,25643
May-2026,40225953,25643
May-2026,40246105,25638
May-2026,40232190,25634
May-2026,40232880,25612
May-2026,40244326,25610
May-2026,40251432,25603
May-2026,40235258,25601
May-2026,40256328,25585
May-2026,40242221,25565
May-2026,40246325,25552
May-2026,40245601,25539
May-2026,40243986,25514
May-2026,40241925,25511
May-2026,40238486,25492
May-2026,40223559,25488
May-2026,40222876,25473
May-2026,40249799,25396
May-2026,40235319,25354
May-2026,40244145,25322
May-2026,40245680,25279
May-2026,40228493,25234
May-2026,40243884,25233
May-2026,40228804,25201
May-2026,40249791,25201
May-2026,40228641,25194
May-2026,40239852,25174
May-2026,40231715,25162
May-2026,40246986,25144
May-2026,40233023,25068
May-2026,40245026,25039
May-2026,40236018,24947
May-2026,40247015,24934
May-2026,40232635,24933
May-2026,40235234,24919
May-2026,40245792,24905
May-2026,40246660,24887
May-2026,40247577,24808
May-2026,40239423,24777
May-2026,40248820,24733
May-2026,40236136,24713
May-2026,40241500,24644
May-2026,40228636,24544
May-2026,40235873,24497
May-2026,40244214,24483
May-2026,40237078,24458
May-2026,40244434,24389
May-2026,40238586,24360
May-2026,40244125,24318
May-2026,40249266,24317
May-2026,40229652,24307
May-2026,40246748,24267
May-2026,40257524,24193
May-2026,40250947,24179
May-2026,40250502,24151
May-2026,40256209,24149
May-2026,40254371,24110
May-2026,40231263,24085
May-2026,40252885,24063
May-2026,40256983,24011
May-2026,40222322,23994
May-2026,40251651,23974
May-2026,40251389,23936
May-2026,40236602,23897
May-2026,40251378,23866
May-2026,40239761,23818
May-2026,40241627,23811
May-2026,40241074,23810
May-2026,40238886,23801
May-2026,40248857,23769
May-2026,40257430,23768
May-2026,40245746,23701
May-2026,40224322,23679
May-2026,40238327,23663
May-2026,40232071,23630
May-2026,40245878,23623
May-2026,40237771,23562
May-2026,40254936,23562
May-2026,40240958,23525
May-2026,40237745,23512
May-2026,40256555,23500
May-2026,40232179,23408
May-2026,40227695,23402
May-2026,40253380,23398
May-2026,40234048,23353
May-2026,40229801,23346
May-2026,40255618,23338
May-2026,40237264,23323
May-2026,40240985,23311
May-2026,40236280,23294
May-2026,40227197,23243
May-2026,40225961,23231
May-2026,40223525,23196
May-2026,40225721,23191
May-2026,40225490,23181
May-2026,40236468,23166
May-2026,40254277,23150
May-2026,40227996,23093
May-2026,40229051,23082
May-2026,40236073,23049
May-2026,40233484,23046
May-2026,40233175,23043
May-2026,40254017,23016
May-2026,40246810,23010
May-2026,23281298,22927
May-2026,40237238,22907
May-2026,40243802,22902
May-2026,40223474,22901
May-2026,40233312,22884
May-2026,40238998,22875
May-2026,40250732,22871
May-2026,40233947,22870
May-2026,40241058,22867
May-2026,40230002,22861
May-2026,40222648,22858
May-2026,40227585,22852
May-2026,40255899,22850
May-2026,40232379,22785
May-2026,40246781,22785
May-2026,40227582,22768
May-2026,40227261,22751
May-2026,40233541,22679
May-2026,40247056,22661
May-2026,40231532,22658
May-2026,40235720,22651
May-2026,40224567,22649
May-2026,40225879,22649
May-2026,40237289,22610
May-2026,40236359,22587
May-2026,40239463,22559
May-2026,40240415,22541
May-2026,40224212,22486
May-2026,40238330,22466
May-2026,40244512,22463
May-2026,40223980,22461
May-2026,40239198,22383
May-2026,40242415,22372
May-2026,40240145,22371
May-2026,40234717,22329
May-2026,40252474,22290
May-2026,40245105,22240
May-2026,40227651,22207
May-2026,40242446,22196
May-2026,40237474,22175
May-2026,40249247,22151
May-2026,40238925,22150
May-2026,40237926,22128
May-2026,40229228,21994
May-2026,40249926,21994
May-2026,40252703,21943
May-2026,40224800,21927
May-2026,40236228,21921
May-2026,40250244,21902
May-2026,40231128,21869
May-2026,40248275,21865
May-2026,40245816,21861
May-2026,40234516,21851
May-2026,40240237,21800
May-2026,40241196,21791
May-2026,40249595,21779
May-2026,40248020,21759
May-2026,40234888,21753
May-2026,40240553,21705
May-2026,40239515,21673
May-2026,40230637,21669
May-2026,40230422,21648
May-2026,40226731,21580
May-2026,40229260,21569
May-2026,40239784,21555
May-2026,40227281,21513
May-2026,40234142,21475
May-2026,40246235,21467
May-2026,40225260,21453
May-2026,40232640,21421
May-2026,40251606,21399
May-2026,40240636,21393
May-2026,40249612,21366
May-2026,40240001,21348
May-2026,40252842,21327
May-2026,40249142,21322
May-2026,40248744,21293
May-2026,40236861,21285
May-2026,40227686,21282
May-2026,40257295,21276
May-2026,40235592,21256
May-2026,40242230,21243
May-2026,40244843,21241
May-2026,40235134,21185
May-2026,40242325,21133
May-2026,40254851,21113
May-2026,40243697,21088
May-2026,40242096,21079
May-2026,40231942,21075
May-2026,40235757,21018
May-2026,40241143,21012
May-2026,40226849,20985
May-2026,40252498,20985
May-2026,40222636,20964
May-2026,40228138,20948
May-2026,40234545,20933
May-2026,40254559,20919
May-2026,40223501,20916
May-2026,40237032,20869
May-2026,40234036,20821
May-2026,40225053,20801
May-2026,40227905,20795
May-2026,40252389,20759
May-2026,40237844,20693
May-2026,40253233,20643
May-2026,40234911,20620
May-2026,40237850,20578
May-2026,40238434,20556
May-2026,40245522,20531
May-2026,40248925,20508
May-2026,40247498,20499
May-2026,40228914,20492
May-2026,40228305,20461
May-2026,40249822,20458
May-2026,40218370,20415
May-2026,40243350,20371
May-2026,40233854,20329
May-2026,40256453,20305
May-2026,40252211,20291
May-2026,40252252,20291
May-2026,40227935,20279
May-2026,40245416,20259
May-2026,40234538,20242
May-2026,40240648,20238
May-2026,40244480,20229
May-2026,40244642,20192
May-2026,40225816,20187
May-2026,40244493,20171
May-2026,40240651,20086
May-2026,40226166,20045
May-2026,40235616,20025
May-2026,40223958,19988
May-2026,30000518,19981
May-2026,40224533,19972
May-2026,40251571,19967
May-2026,40241717,19929
May-2026,40238615,19889
May-2026,40232904,19844
May-2026,40252511,19840
May-2026,40233955,19812
May-2026,40226136,19775
May-2026,40246888,19757
May-2026,40256596,19750
May-2026,40242324,19743
May-2026,40254468,19716
May-2026,40225647,19703
May-2026,40252015,19690
May-2026,40251482,19682
May-2026,40234734,19664
May-2026,40249772,19648
May-2026,40244622,19645
May-2026,40250879,19644
May-2026,40237084,19641
May-2026,40256897,19629
May-2026,40226264,19625
May-2026,40234345,19594
May-2026,40233597,19593
May-2026,40229543,19585
May-2026,40226661,19578
May-2026,40253066,19574
May-2026,40255768,19570
May-2026,40224908,19513
May-2026,40244370,19511
May-2026,40228769,19502
May-2026,40226199,19497
May-2026,40230156,19495
May-2026,40243655,19484
May-2026,40225628,19465
May-2026,40232790,19462
May-2026,40230293,19442
May-2026,40233990,19439
May-2026,40233802,19325
May-2026,40231523,19317
May-2026,40236609,19311
May-2026,40232080,19300
May-2026,40242810,19299
May-2026,40257242,19282
May-2026,40222796,19275
May-2026,40235499,19273
May-2026,40256220,19267
May-2026,40236863,19244
May-2026,40256465,19230
May-2026,40254289,19217
May-2026,40223711,19184
May-2026,40229673,19172
May-2026,40254100,19162
May-2026,40249393,19156
May-2026,40228104,19140
May-2026,40230710,19137
May-2026,40252831,19094
May-2026,40224562,19084
May-2026,40233247,19082
May-2026,40226957,19078
May-2026,40227764,19022
May-2026,40253257,19013
May-2026,40243361,18994
May-2026,40255424,18984
May-2026,40224412,18960
May-2026,40255271,18959
May-2026,40254553,18952
May-2026,40242893,18950
May-2026,40234502,18928
May-2026,40228505,18917
May-2026,40235823,18913
May-2026,40231503,18898
May-2026,40228685,18884
May-2026,40236275,18857
May-2026,40249139,18841
May-2026,40250862,18840
May-2026,40256738,18835
May-2026,40250207,18810
May-2026,40242297,18787
May-2026,40252951,18763
May-2026,40228579,18759
May-2026,40236625,18753
May-2026,40231401,18752
May-2026,40228596,18740
May-2026,40248255,18730
May-2026,40253977,18726
May-2026,40223244,18684
May-2026,40237275,18679
May-2026,40233704,18663
May-2026,40228425,18603
May-2026,40235983,18567
May-2026,40232799,18564
May-2026,40234895,18563
May-2026,40224396,18561
May-2026,40238626,18561
May-2026,40244303,18545
May-2026,40232984,18524
May-2026,40225006,18507
May-2026,40248997,18498
May-2026,40251943,18463
May-2026,40257094,18433
May-2026,40246461,18397
May-2026,40241385,18388
May-2026,40227447,18377
May-2026,40256930,18321
May-2026,40234174,18307
May-2026,40240157,18296
May-2026,40246205,18282
May-2026,40235997,18281
May-2026,40254272,18276
May-2026,40238299,18253
May-2026,40253716,18253
May-2026,40240675,18242
May-2026,40239161,18238
May-2026,40230127,18236
May-2026,40223154,18232
May-2026,40237945,18221
May-2026,40242186,18212
May-2026,40247636,18201
May-2026,40222740,18193
May-2026,40235514,18189
May-2026,40222499,18150
May-2026,40242303,18089
May-2026,40229041,18080
May-2026,40255281,18061
May-2026,40220265,18046
May-2026,40227346,18026
May-2026,40247260,17996
May-2026,40255372,17974
May-2026,40235450,17966
May-2026,40244402,17932
May-2026,40255662,17929
May-2026,40241784,17923
May-2026,40242232,17923
May-2026,40233789,17922
May-2026,40238781,17886
May-2026,40227112,17837
May-2026,40233119,17837
May-2026,40243300,17820
May-2026,40230694,17816
May-2026,40255512,17815
May-2026,40241073,17804
May-2026,40236184,17789
May-2026,40253251,17784
May-2026,40254156,17775
May-2026,40245111,17743
May-2026,40235473,17735
May-2026,40239146,17734
May-2026,40246399,17721
May-2026,40239034,17716
May-2026,40247032,17651
May-2026,40232261,17644
May-2026,40229992,17614
May-2026,40255146,17606
May-2026,40238050,17589
May-2026,40235395,17579
May-2026,40236831,17564
May-2026,40227591,17549
May-2026,40227368,17516
May-2026,40241778,17491
May-2026,40235841,17490
May-2026,40236614,17474
May-2026,40253470,17470
May-2026,40228034,17458
May-2026,40229896,17440
May-2026,40234871,17435
May-2026,40250762,17431
May-2026,40255235,17372
May-2026,40240768,17367
May-2026,40245848,17366
May-2026,40240932,17351
May-2026,40240578,17346
May-2026,40250606,17335
May-2026,40246412,17277
May-2026,40240366,17229
May-2026,40245710,17223
May-2026,40228678,17216
May-2026,40228630,17207
May-2026,40224892,17204
May-2026,40256486,17201
May-2026,40245973,17182
May-2026,40250409,17125
May-2026,40234333,17102
May-2026,40227328,17091
May-2026,40230987,17091
May-2026,40230301,17090
May-2026,40246108,17080
May-2026,40227722,17050
May-2026,40226312,17015
May-2026,40248120,17015
May-2026,40258138,16979
May-2026,40257337,16954
May-2026,40231669,16926
May-2026,40225346,16914
May-2026,40257603,16909
May-2026,40245196,16894
May-2026,40224160,16893
May-2026,40250828,16893
May-2026,40256579,16874
May-2026,40245656,16867
May-2026,40225174,16849
May-2026,40229644,16840
May-2026,40223352,16838
May-2026,40237732,16835
May-2026,40231230,16802
May-2026,40236374,16793
May-2026,40239802,16767
May-2026,40223356,16748
May-2026,40233708,16740
May-2026,40251131,16738
May-2026,40249681,16723
May-2026,40238134,16720
May-2026,40238407,16713
May-2026,40250584,16710
May-2026,40251095,16709
May-2026,40228558,16708
May-2026,40235440,16660
May-2026,40223006,16649
May-2026,40238632,16647
May-2026,40226451,16646
May-2026,40242363,16628
May-2026,40228997,16619
May-2026,40250213,16614
May-2026,40252822,16614
May-2026,40230456,16594
May-2026,40226113,16577
May-2026,40238153,16572
May-2026,40254720,16532
May-2026,40253074,16503
May-2026,40254702,16463
May-2026,40236356,16459
May-2026,40227475,16434
May-2026,40232082,16411
May-2026,40228492,16399
May-2026,40230985,16387
May-2026,40253299,16382
May-2026,40225987,16376
May-2026,40230318,16375
May-2026,40257015,16366
May-2026,40235661,16351
May-2026,40237837,16349
May-2026,40242661,16311
May-2026,40249914,16308
May-2026,40228577,16300
May-2026,40236156,16291
May-2026,40253178,16271
May-2026,40223938,16269
May-2026,40256026,16250
May-2026,40228857,16245
May-2026,40240230,16241
May-2026,40248382,16240
May-2026,40249023,16232
May-2026,40247934,16185
May-2026,40224532,16182
May-2026,40256012,16143
May-2026,40244220,16141
May-2026,40229245,16135
May-2026,40251549,16135
May-2026,40253921,16112
May-2026,40242637,16104
May-2026,40231861,16089
May-2026,40253575,16082
May-2026,40227675,16048
May-2026,40238965,16012
May-2026,30000498,15993
May-2026,40225502,15990
May-2026,40249169,15977
May-2026,40254673,15927
May-2026,40257640,15921
May-2026,40233839,15917
May-2026,40243476,15914
May-2026,40236039,15912
May-2026,40245006,15904
May-2026,40242941,15897
May-2026,40237186,15878
May-2026,40249724,15856
May-2026,40243033,15850
May-2026,40239764,15847
May-2026,40228114,15841
May-2026,40247225,15834
May-2026,40233283,15832
May-2026,40252477,15826
May-2026,40230327,15819
May-2026,40248439,15795
May-2026,40232765,15775
May-2026,40242929,15772
May-2026,40251102,15767
May-2026,40255233,15754
May-2026,40236849,15750
May-2026,40234622,15738
May-2026,40231470,15737
May-2026,40255280,15733
May-2026,40230642,15728
May-2026,40227528,15706
May-2026,40243439,15691
May-2026,40245132,15682
May-2026,40221909,15644
May-2026,40237219,15640
May-2026,40256210,15612
May-2026,40228012,15594
May-2026,40231769,15594
May-2026,40233005,15591
May-2026,40234340,15579
May-2026,40245509,15571
May-2026,40258096,15569
May-2026,40219435,15559
May-2026,40244255,15559
May-2026,40255543,15539
May-2026,40228472,15537
May-2026,40257654,15534
May-2026,40242575,15525
May-2026,40234269,15496
May-2026,40256903,15473
May-2026,40230222,15471
May-2026,40241626,15455
May-2026,40227627,15452
May-2026,40247972,15441
May-2026,40248972,15430
May-2026,40253968,15427
May-2026,40226711,15417
May-2026,40255452,15409
May-2026,40255292,15404
May-2026,40245954,15386
May-2026,40240698,15368
May-2026,40222638,15354
May-2026,40232270,15347
May-2026,40229006,15343
May-2026,40251115,15327
May-2026,40233808,15300
May-2026,40237278,15293
May-2026,40223472,15283
May-2026,40224721,15274
May-2026,40220361,15257
May-2026,40237394,15248
May-2026,40238851,15243
May-2026,40247078,15234
May-2026,40222457,15232
May-2026,40227506,15232
May-2026,40250113,15221
May-2026,40227555,15213
May-2026,40232867,15204
May-2026,40254655,15204
May-2026,40246027,15195
May-2026,40240890,15184
May-2026,40245665,15152
May-2026,40250945,15146
May-2026,40226102,15140
May-2026,40245562,15130
May-2026,40239738,15107
May-2026,40223542,15102
May-2026,40244191,15102
May-2026,40254451,15078
May-2026,40250227,15074
May-2026,40256101,15070
May-2026,40256717,15068
May-2026,40226602,15053
May-2026,40251133,15051
May-2026,30000560,15047
May-2026,40255474,15020
May-2026,40238637,15011
May-2026,40231993,15010
May-2026,40240128,14966
May-2026,40235530,14964
May-2026,40243643,14957
May-2026,40240896,14948
May-2026,40250254,14944
May-2026,40254907,14926
May-2026,40235443,14900
May-2026,40220433,14897
May-2026,40250345,14879
May-2026,40244041,14875
May-2026,40242462,14874
May-2026,40236919,14862
May-2026,40243508,14841
May-2026,40236694,14836
May-2026,40227658,14832
May-2026,40236371,14830
May-2026,40257608,14804
May-2026,40246372,14771
May-2026,40226730,14769
May-2026,40235965,14751
May-2026,40228383,14740
May-2026,40249390,14723
May-2026,40225087,14697
May-2026,40240075,14687
May-2026,40250661,14685
May-2026,40254735,14683
May-2026,40243574,14682
May-2026,40250695,14682
May-2026,40250494,14676
May-2026,40228396,14671
May-2026,40256160,14666
May-2026,40236188,14655
May-2026,40233279,14643
May-2026,40234809,14628
May-2026,40226017,14604
May-2026,40239168,14596
May-2026,40226860,14571
May-2026,40246356,14568
May-2026,40252267,14563
May-2026,40234412,14553
May-2026,40252246,14530
May-2026,40225390,14527
May-2026,40226687,14522
May-2026,40256552,14520
May-2026,40240961,14516
May-2026,40238907,14507
May-2026,40252736,14485
May-2026,40252520,14461
May-2026,40227987,14457
May-2026,40249787,14450
May-2026,40237276,14449
May-2026,40230349,14435
May-2026,40245699,14428
May-2026,40252383,14427
May-2026,40234050,14423
May-2026,40228158,14420
May-2026,40255919,14411
May-2026,40256281,14395
May-2026,40241964,14390
May-2026,40249364,14385
May-2026,40242058,14358
May-2026,40224920,14344
May-2026,40223139,14331
May-2026,40230787,14300
May-2026,40247153,14296
May-2026,40255138,14293
May-2026,40244446,14291
May-2026,40232129,14289
May-2026,40257446,14288
May-2026,40248180,14286
May-2026,40241793,14279
May-2026,40243555,14279
May-2026,40228254,14277
May-2026,40248007,14274
May-2026,40225343,14268
May-2026,40242454,14267
May-2026,40250102,14267
May-2026,40238824,14263
May-2026,40228126,14262
May-2026,40237679,14246
May-2026,40248643,14228
May-2026,40222583,14218
May-2026,40232125,14211
May-2026,40230540,14205
May-2026,40244504,14177
May-2026,40244975,14173
May-2026,40234730,14155
May-2026,40237447,14126
May-2026,40228571,14115
May-2026,40246757,14094
May-2026,40254025,14090
May-2026,40227224,14067
May-2026,40229040,14065
May-2026,40229829,14054
May-2026,40256390,14053
May-2026,40230857,14032
May-2026,40238148,14009
May-2026,40243565,14009
May-2026,40252580,14009
May-2026,40229604,13989
May-2026,40231462,13974
May-2026,40244581,13970
May-2026,40231144,13964
May-2026,40241026,13956
May-2026,40232397,13945
May-2026,40240151,13934
May-2026,40246260,13931
May-2026,40241867,13930
May-2026,40235015,13928
May-2026,40223858,13919
May-2026,40245350,13910
May-2026,40230079,13882
May-2026,40225307,13876
May-2026,40254529,13866
May-2026,40240447,13860
May-2026,40229242,13851
May-2026,40241162,13847
May-2026,40230340,13834
May-2026,40250101,13833
May-2026,40229141,13819
May-2026,40254194,13816
May-2026,40250904,13810
May-2026,40243146,13802
May-2026,40236746,13797
May-2026,40242229,13791
May-2026,40248652,13770
May-2026,40252351,13761
May-2026,40241937,13747
May-2026,40245059,13741
May-2026,40230784,13735
May-2026,40241927,13724
May-2026,40247125,13717
May-2026,40247160,13688
May-2026,40251491,13686
May-2026,40239985,13685
May-2026,40225924,13684
May-2026,40255087,13666
May-2026,40243167,13663
May-2026,40232043,13642
May-2026,40237656,13628
May-2026,40241090,13628
May-2026,40225792,13603
May-2026,40226785,13600
May-2026,40234674,13588
May-2026,40230704,13587
May-2026,40248406,13581
May-2026,40219202,13575
May-2026,40247713,13571
May-2026,40234067,13569
May-2026,40256285,13564
May-2026,40252901,13559
May-2026,40240323,13557
May-2026,40242506,13555
May-2026,40232851,13554
May-2026,40242895,13539
May-2026,40253880,13526
May-2026,40229001,13523
May-2026,40243480,13498
May-2026,40234207,13484
May-2026,40246337,13481
May-2026,40241470,13476
May-2026,40227936,13474
May-2026,40252754,13474
May-2026,40239443,13464
May-2026,40256578,13452
May-2026,40237527,13441
May-2026,40257637,13440
May-2026,40225168,13435
May-2026,40243248,13434
May-2026,40242508,13418
May-2026,40222343,13416
May-2026,40228705,13407
May-2026,40228405,13400
May-2026,40228395,13394
May-2026,40236743,13394
May-2026,40250332,13384
May-2026,40234095,13380
May-2026,40253130,13378
May-2026,40251205,13373
May-2026,40251157,13359
May-2026,40257628,13357
May-2026,40246430,13347
May-2026,40237707,13337
May-2026,40247789,13331
May-2026,40231104,13328
May-2026,40240778,13318
May-2026,40257192,13297
May-2026,40224998,13291
May-2026,40249669,13287
May-2026,40255912,13274
May-2026,40242949,13267
May-2026,40226780,13263
May-2026,40245994,13260
May-2026,40227383,13257
May-2026,40230481,13245
May-2026,40241188,13244
May-2026,40222241,13243
May-2026,40230092,13239
May-2026,40235817,13234
May-2026,40252744,13224
May-2026,40243479,13222
May-2026,40244287,13220
May-2026,40236762,13203
May-2026,40246358,13193
May-2026,40232871,13182
May-2026,40225271,13167
May-2026,40239282,13144
May-2026,40246579,13132
May-2026,40249255,13131
May-2026,40246682,13112
May-2026,40237876,13100
May-2026,40237949,13096
May-2026,40252427,13092
May-2026,40229416,13088
May-2026,40229325,13086
May-2026,40226587,13081
May-2026,40243691,13081
May-2026,40240644,13078
May-2026,40230072,13074
May-2026,40232161,13064
May-2026,40228795,13063
May-2026,40224950,13037
May-2026,40242692,13037
May-2026,40227342,13034
May-2026,40236510,13021
May-2026,40229231,13018
May-2026,30000557,13012
May-2026,40230287,13009
May-2026,40239624,12986
May-2026,40249061,12985
May-2026,40229361,12976
May-2026,40246004,12972
May-2026,40251961,12972
May-2026,40246306,12964
May-2026,40228632,12958
May-2026,40227239,12945
May-2026,40248816,12944
May-2026,40249847,12944
May-2026,40216846,12923
May-2026,40226171,12916
May-2026,40233913,12907
May-2026,40223637,12903
May-2026,40249929,12900
May-2026,40256224,12898
May-2026,40245078,12896
May-2026,40248455,12888
May-2026,40255032,12872
May-2026,40253193,12868
May-2026,40257610,12858
May-2026,40254606,12837
May-2026,40239996,12832
May-2026,40238198,12831
May-2026,40251597,12820
May-2026,40236527,12809
May-2026,40229737,12808
May-2026,40223298,12802
May-2026,40230702,12795
May-2026,40242241,12789
May-2026,40236781,12773
May-2026,40224674,12763
May-2026,40251312,12749
May-2026,40227539,12726
May-2026,40241807,12716
May-2026,40225199,12710
May-2026,40228908,12710
May-2026,40224403,12707
May-2026,40250604,12707
May-2026,40256668,12706
May-2026,40234405,12705
May-2026,40237023,12696
May-2026,40249815,12678
May-2026,30000528,12677
May-2026,40227768,12674
May-2026,40232703,12674
May-2026,40233075,12663
May-2026,40246627,12653
May-2026,40242148,12621
May-2026,40248271,12621
May-2026,40232734,12609
May-2026,40227577,12591
May-2026,40234011,12565
May-2026,40228317,12562
May-2026,40221237,12559
May-2026,40237487,12550
May-2026,40238954,12550
May-2026,40235887,12522
May-2026,40241078,12521
May-2026,40249581,12520
May-2026,40227629,12516
May-2026,40241217,12484
May-2026,40236557,12473
May-2026,40226595,12465
May-2026,40239743,12465
May-2026,40233916,12460
May-2026,40235083,12452
May-2026,40249867,12451
May-2026,40239042,12448
May-2026,40240308,12442
May-2026,40238597,12438
May-2026,40236655,12429
May-2026,40234231,12421
May-2026,40237266,12411
May-2026,40241621,12383
May-2026,40242023,12362
May-2026,40230169,12361
May-2026,40249039,12356
May-2026,40217732,12354
May-2026,40249045,12338
May-2026,40225113,12326
May-2026,40231184,12314
May-2026,40243418,12313
May-2026,40236706,12309
May-2026,40233569,12286
May-2026,40244869,12281
May-2026,40229799,12270
May-2026,40244388,12266
May-2026,40247415,12261
May-2026,40236198,12257
May-2026,40257576,12254
May-2026,40228342,12249
May-2026,40247351,12240
May-2026,40227141,12220
May-2026,40227017,12215
May-2026,40229700,12215
May-2026,40236739,12213
May-2026,40244818,12194
May-2026,40248767,12176
May-2026,40236426,12175
May-2026,40237195,12175
May-2026,40244437,12174
May-2026,40241309,12162
May-2026,40229132,12152
May-2026,40242650,12144
May-2026,40244090,12130
May-2026,40236072,12122
May-2026,40254564,12112
May-2026,40236017,12111
May-2026,40236306,12108
May-2026,40232357,12106
May-2026,40234912,12106
May-2026,40227791,12100
May-2026,40234590,12095
May-2026,40226360,12094
May-2026,40226813,12094
May-2026,40233402,12093
May-2026,40241024,12083
May-2026,40224991,12082
May-2026,40227191,12081
May-2026,40252590,12081
May-2026,30000509,12077
May-2026,40230659,12062
May-2026,40246390,12049
May-2026,40234448,12047
May-2026,40248264,12037
May-2026,40232096,12008
May-2026,40227803,12007
May-2026,40229939,12007
May-2026,40245958,12005
May-2026,40233877,11995
May-2026,40236720,11984
May-2026,40248507,11979
May-2026,40233343,11957
May-2026,40236296,11957
May-2026,40256941,11939
May-2026,40240793,11933
May-2026,40241524,11923
May-2026,40225421,11921
May-2026,40247814,11920
May-2026,40246962,11917
May-2026,40252105,11887
May-2026,40222633,11883
May-2026,40223970,11882
May-2026,40250623,11876
May-2026,40232047,11870
May-2026,40257743,11870
May-2026,40226135,11868
May-2026,40256829,11868
May-2026,40227311,11856
May-2026,40243718,11850
May-2026,40242406,11849
May-2026,40236284,11846
May-2026,40229655,11842
May-2026,40246224,11837
May-2026,40242670,11820
May-2026,40245944,11818
May-2026,40231183,11817
May-2026,40250232,11809
May-2026,40247428,11800
May-2026,40250334,11799
May-2026,40253989,11797
May-2026,40240893,11789
May-2026,40248472,11786
May-2026,40242551,11775
May-2026,40233299,11762
May-2026,40247473,11756
May-2026,40232133,11752
May-2026,40252837,11741
May-2026,40256898,11739
May-2026,40232865,11730
May-2026,40222253,11725
May-2026,40228528,11719
May-2026,40257060,11716
May-2026,40229963,11712
May-2026,40231638,11710
May-2026,40224988,11708
May-2026,40232294,11700
May-2026,40220197,11695
May-2026,40236258,11689
May-2026,40222460,11684
May-2026,40238146,11683
May-2026,40232404,11680
May-2026,40243610,11678
May-2026,40235458,11648
May-2026,40244550,11647
May-2026,40250896,11628
May-2026,40230475,11622
May-2026,40234487,11609
May-2026,40255137,11604
May-2026,40239040,11601
May-2026,40235454,11597
May-2026,40234610,11594
May-2026,40228386,11592
May-2026,40241272,11592
May-2026,40227724,11591
May-2026,40251840,11589
May-2026,40222958,11581
May-2026,40237025,11580
May-2026,40238480,11573
May-2026,40232056,11571
May-2026,40239096,11566
May-2026,40229058,11559
May-2026,40242193,11555
May-2026,40237220,11549
May-2026,40257007,11543
May-2026,40219165,11540
May-2026,40229864,11514
May-2026,40237037,11513
May-2026,40234250,11506
May-2026,40237919,11500
May-2026,40234047,11482
May-2026,40248338,11467
May-2026,40238205,11455
May-2026,40233229,11454
May-2026,40231694,11453
May-2026,40233787,11451
May-2026,40253559,11447
May-2026,40229003,11431
May-2026,40235718,11409
May-2026,40242129,11405
May-2026,40232894,11403
May-2026,40234766,11399
May-2026,40237136,11396
May-2026,40252585,11394
May-2026,40245167,11390
May-2026,40233562,11364
May-2026,40236288,11362
May-2026,40248995,11358
May-2026,40253539,11352
May-2026,40249414,11342
May-2026,40232032,11334
May-2026,40247499,11326
May-2026,40230591,11314
May-2026,40245242,11313
May-2026,40232303,11307
May-2026,40227788,11301
May-2026,40247961,11301
May-2026,40242706,11300
May-2026,40255967,11280
May-2026,40246829,11278
May-2026,40231431,11276
May-2026,40224789,11272
May-2026,40224850,11272
May-2026,40244472,11266
May-2026,40225581,11259
May-2026,40247621,11255
May-2026,40241103,11252
May-2026,40246738,11243
May-2026,40247267,11243
May-2026,40242649,11238
May-2026,40221676,11220
May-2026,40244854,11220
May-2026,40232907,11218
May-2026,40223995,11211
May-2026,40224556,11198
May-2026,40236606,11198
May-2026,40222271,11195
May-2026,40228864,11195
May-2026,40253312,11165
May-2026,40243189,11162
May-2026,40235895,11157
May-2026,40250200,11155
May-2026,40223990,11148
May-2026,40254869,11142
May-2026,40221402,11138
May-2026,40251064,11137
May-2026,40256273,11137
May-2026,40248686,11118
May-2026,40225872,11110
May-2026,40237632,11107
May-2026,40224295,11105
May-2026,40234774,11102
May-2026,40256155,11097
May-2026,40247277,11089
May-2026,40233531,11082
May-2026,40255093,11081
May-2026,40254501,11075
May-2026,40229170,11070
May-2026,40255877,11054
May-2026,40225541,11052
May-2026,40238631,11052
May-2026,40228775,11049
May-2026,40230764,11041
May-2026,40225986,11038
May-2026,40252835,11028
May-2026,40229255,11009
May-2026,40237255,10996
May-2026,40250673,10992
May-2026,40223770,10977
May-2026,40229489,10977
May-2026,40245358,10958
May-2026,40257762,10956
May-2026,40237659,10955
May-2026,40237484,10954
May-2026,40255749,10951
May-2026,40239431,10949
May-2026,40244316,10941
May-2026,40228295,10933
May-2026,40230894,10922
May-2026,40248280,10918
May-2026,40244432,10915
May-2026,40241537,10905
May-2026,40238503,10900
May-2026,40254324,10900
May-2026,40251461,10893
May-2026,40223645,10892
May-2026,40235986,10886
May-2026,40254083,10886
May-2026,40229827,10881
May-2026,40244211,10880
May-2026,40246420,10880
May-2026,40241405,10878
May-2026,40239946,10873
May-2026,40228185,10871
May-2026,40233851,10869
May-2026,40224597,10861
May-2026,40221637,10860
May-2026,40240431,10860
May-2026,40236437,10850
May-2026,40234401,10844
May-2026,40241882,10837
May-2026,40224557,10835
May-2026,40236692,10827
May-2026,40257917,10827
May-2026,40225999,10818
May-2026,40232899,10816
May-2026,40253739,10810
May-2026,40236667,10806
May-2026,40255243,10795
May-2026,40245005,10785
May-2026,40242179,10784
May-2026,40241156,10782
May-2026,40238464,10762
May-2026,40229348,10754
May-2026,40240805,10750
May-2026,40228654,10742
May-2026,40241144,10736
May-2026,40246707,10733
May-2026,40253252,10717
May-2026,40225268,10715
May-2026,40252424,10705
May-2026,40248779,10700
May-2026,40249012,10680
May-2026,40246919,10675
May-2026,40242523,10671
May-2026,40236523,10669
May-2026,40224092,10668
May-2026,40244841,10658
May-2026,40252635,10658
May-2026,40252394,10656
May-2026,40226381,10652
May-2026,40230055,10649
May-2026,40246794,10640
May-2026,40238423,10629
May-2026,40221851,10600
May-2026,40229126,10591
May-2026,40225619,10587
May-2026,40238252,10587
May-2026,40257129,10585
May-2026,40244521,10581
May-2026,40254165,10576
May-2026,40242854,10571
May-2026,40231171,10561
May-2026,40226500,10558
May-2026,40234141,10548
May-2026,40225328,10541
May-2026,40245310,10539
May-2026,40231807,10537
May-2026,40239277,10531
May-2026,40253369,10528
May-2026,40224541,10522
May-2026,40244539,10510
May-2026,40233004,10501
May-2026,40254694,10501
May-2026,40244891,10499
May-2026,40229137,10495
May-2026,40255193,10495
May-2026,40247219,10491
May-2026,40237091,10490
May-2026,40225429,10475
May-2026,40228792,10472
May-2026,40253822,10464
May-2026,40222971,10437
May-2026,40238729,10432
May-2026,40248263,10419
May-2026,40255097,10418
May-2026,40255011,10414
May-2026,40255992,10414
May-2026,40233755,10406
May-2026,40244605,10405
May-2026,40232206,10393
May-2026,40224595,10392
May-2026,40228083,10389
May-2026,40231917,10389
May-2026,40228785,10382
May-2026,40234116,10373
May-2026,40253856,10357
May-2026,40228965,10355
May-2026,40245231,10352
May-2026,40231554,10350
May-2026,40233809,10348
May-2026,40247325,10347
May-2026,40252701,10346
May-2026,40231618,10345
May-2026,40256823,10343
May-2026,40232019,10327
May-2026,40221118,10321
May-2026,40226439,10312
May-2026,40244972,10299
May-2026,40239924,10295
May-2026,40227904,10292
May-2026,40254780,10287
May-2026,40250747,10285
May-2026,40257338,10285
May-2026,40227076,10282
May-2026,40231759,10275
May-2026,40240313,10271
May-2026,40256255,10268
May-2026,40222461,10262
May-2026,40225457,10259
May-2026,40256312,10258
May-2026,40240781,10252
May-2026,40239888,10243
May-2026,40235279,10233
May-2026,40225488,10232
May-2026,40230447,10230
May-2026,40230134,10229
May-2026,40242960,10223
May-2026,40249104,10213
May-2026,40245201,10206
May-2026,40223759,10204
May-2026,40241047,10185
May-2026,40239008,10184
May-2026,40228272,10172
May-2026,40237085,10165
May-2026,40247069,10162
May-2026,40226103,10157
May-2026,40256368,10148
May-2026,40244279,10143
May-2026,40241919,10142
May-2026,40232014,10133
May-2026,40253280,10129
May-2026,40243298,10118
May-2026,40223883,10115
May-2026,40255048,10109
May-2026,40246576,10107
May-2026,40229759,10106
May-2026,40226478,10103
May-2026,40233368,10103
May-2026,40229443,10101
May-2026,40228609,10099
May-2026,40236331,10086
May-2026,40228497,10077
May-2026,40224082,10070
May-2026,40247684,10062
May-2026,40245902,10053
May-2026,40235739,10051
May-2026,40248144,10049
May-2026,40221347,10048
May-2026,40236065,10046
May-2026,40238382,10046
May-2026,40249921,10020
May-2026,40227126,10015
May-2026,40228884,10004
May-2026,40232252,9995
May-2026,40227575,9994
May-2026,40243268,9993
May-2026,40225777,9990
May-2026,40223392,9985
May-2026,40241314,9981
May-2026,40230235,9980
May-2026,40225521,9978
May-2026,40254254,9977
May-2026,40235463,9960
May-2026,40250120,9959
May-2026,40245071,9955
May-2026,40226376,9954
May-2026,40245184,9952
May-2026,40224437,9951
May-2026,40236422,9950
May-2026,40224156,9948
May-2026,40255024,9948
May-2026,40231736,9946
May-2026,40249086,9946
May-2026,40251885,9944
May-2026,40244494,9942
May-2026,40222756,9938
May-2026,40222682,9934
May-2026,40220598,9933
May-2026,40224792,9932
May-2026,40252676,9929
May-2026,40256974,9927
May-2026,40225181,9918
May-2026,40235750,9917
May-2026,40229928,9914
May-2026,40238822,9902
May-2026,40244065,9901
May-2026,40237204,9897
May-2026,40240889,9880
May-2026,40246828,9880
May-2026,40230197,9876
May-2026,40223854,9875
May-2026,40244134,9875
May-2026,40254019,9868
May-2026,40247542,9864
May-2026,40223193,9855
May-2026,40249353,9846
May-2026,40243429,9837
May-2026,40228738,9831
May-2026,40245837,9818
May-2026,40245107,9811
May-2026,40240325,9810
May-2026,40228479,9809
May-2026,40240408,9801
May-2026,40244562,9792
May-2026,40229194,9791
May-2026,40237260,9789
May-2026,40252215,9786
May-2026,40257135,9782
May-2026,40237630,9780
May-2026,40222541,9772
May-2026,40240255,9771
May-2026,40235411,9763
May-2026,40238931,9756
May-2026,40230808,9749
May-2026,40221970,9748
May-2026,40258002,9745
May-2026,40228770,9738
May-2026,40232712,9735
May-2026,40247447,9727
May-2026,40225304,9726
May-2026,40246547,9719
May-2026,40249774,9716
May-2026,40250042,9712
May-2026,40252691,9712
May-2026,40232495,9711
May-2026,40249987,9708
May-2026,40238135,9699
May-2026,40245766,9696
May-2026,40234292,9692
May-2026,40244845,9691
May-2026,40228382,9686
May-2026,40241085,9681
May-2026,40236573,9676
May-2026,40256395,9672
May-2026,40253672,9671
May-2026,40224737,9664
May-2026,40248433,9664
May-2026,40250813,9664
May-2026,40238840,9662
May-2026,40224914,9656
May-2026,40240591,9651
May-2026,40233252,9648
May-2026,40256727,9648
May-2026,40233965,9645
May-2026,40246437,9628
May-2026,40244460,9623
May-2026,40230922,9622
May-2026,40226239,9619
May-2026,40240060,9611
May-2026,40236351,9610
May-2026,40225057,9598
May-2026,40227350,9591
May-2026,40257846,9585
May-2026,40228058,9584
May-2026,40247634,9578
May-2026,40246431,9577
May-2026,40225921,9573
May-2026,40248881,9571
May-2026,40225964,9556
May-2026,30000553,9529
May-2026,40236466,9527
May-2026,40247944,9525
May-2026,40225975,9519
May-2026,40239353,9514
May-2026,40234136,9513
May-2026,40248825,9503
May-2026,40248296,9502
May-2026,40249550,9498
May-2026,40251135,9494
May-2026,40228568,9489
May-2026,40254602,9486
May-2026,40221793,9475
May-2026,40223527,9475
May-2026,40235626,9457
May-2026,40225912,9455
May-2026,40241458,9451
May-2026,40238010,9440
May-2026,40254140,9439
May-2026,40256380,9432
May-2026,40226837,9431
May-2026,40246473,9427
May-2026,40252775,9423
May-2026,40242402,9418
May-2026,40246199,9416
May-2026,40249189,9416
May-2026,40250724,9413
May-2026,40230084,9406
May-2026,40227464,9395
May-2026,40239680,9388
May-2026,40247625,9386
May-2026,40243501,9378
May-2026,40250003,9378
May-2026,40234511,9369
May-2026,40238228,9369
May-2026,40255946,9364
May-2026,40251868,9358
May-2026,40230419,9355
May-2026,40244614,9346
May-2026,40238438,9340
May-2026,40236429,9339
May-2026,40244330,9337
May-2026,40234251,9327
May-2026,40227234,9323
May-2026,40229329,9322
May-2026,40257652,9320
May-2026,40239542,9313
May-2026,40237870,9307
May-2026,40225437,9305
May-2026,40232816,9299
May-2026,40256110,9297
May-2026,40241824,9296
May-2026,40246222,9295
May-2026,40246044,9293
May-2026,40249732,9292
May-2026,40256126,9275
May-2026,40243072,9268
May-2026,40225805,9266
May-2026,40243810,9264
May-2026,40244649,9262
May-2026,40234569,9257
May-2026,40249588,9255
May-2026,40240279,9252
May-2026,40239421,9247
May-2026,40240231,9246
May-2026,40251023,9237
May-2026,40226079,9233
May-2026,40233065,9233
May-2026,40254723,9233
May-2026,40225783,9231
May-2026,40240013,9228
May-2026,40251395,9224
May-2026,40227072,9222
May-2026,40254286,9220
May-2026,40240665,9215
May-2026,40250696,9212
May-2026,40252378,9208
May-2026,40248618,9201
May-2026,40235115,9198
May-2026,40246109,9182
May-2026,40225550,9181
May-2026,40226019,9168
May-2026,40246270,9168
May-2026,40225309,9165
May-2026,40254014,9164
May-2026,40233060,9161
May-2026,40239056,9150
May-2026,40226527,9149
May-2026,40226426,9144
May-2026,40245859,9140
May-2026,40236817,9134
May-2026,40237234,9133
May-2026,40226641,9132
May-2026,40252254,9132
May-2026,40233281,9126
May-2026,40248799,9125
May-2026,40224795,9122
May-2026,40224919,9120
May-2026,40235568,9119
May-2026,40225629,9112
May-2026,40254332,9111
May-2026,40255234,9105
May-2026,40224637,9098
May-2026,40223882,9092
May-2026,40243296,9086
May-2026,40224427,9077
May-2026,40242509,9075
May-2026,40243299,9070
May-2026,40241034,9064
May-2026,40242180,9060
May-2026,40250522,9060
May-2026,40238604,9059
May-2026,40231903,9053
May-2026,40244127,9045
May-2026,40233479,9041
May-2026,40255791,9041
May-2026,40252721,9035
May-2026,40248746,9030
May-2026,40231612,9024
May-2026,40252840,9024
May-2026,40224112,9019
May-2026,40246501,9017
May-2026,40247343,9017
May-2026,40237861,9001
May-2026,40224910,8995
May-2026,40251888,8991
May-2026,40243992,8988
May-2026,40229758,8982
May-2026,40227062,8981
May-2026,15437059,8972
May-2026,40252119,8968
May-2026,40240999,8966
May-2026,40249587,8966
May-2026,40248676,8938
May-2026,40256960,8936
May-2026,40235625,8927
May-2026,40248411,8917
May-2026,40248339,8916
May-2026,40242830,8915
May-2026,40256045,8915
May-2026,40229995,8905
May-2026,40256387,8893
May-2026,40245465,8889
May-2026,40254480,8884
May-2026,40256113,8883
May-2026,40254510,8881
May-2026,40252068,8879
May-2026,40242014,8878
May-2026,40237182,8877
May-2026,40255635,8875
May-2026,40251689,8866
May-2026,40236325,8862
May-2026,40248549,8854
May-2026,40226465,8851
May-2026,40226310,8848
May-2026,40226492,8843
May-2026,40246396,8836
May-2026,40239227,8835
May-2026,40222952,8827
May-2026,40233926,8827
May-2026,40237803,8823
May-2026,40224627,8822
May-2026,40250459,8819
May-2026,40235778,8806
May-2026,40238422,8805
May-2026,40239894,8805
May-2026,40224105,8799
May-2026,40228085,8799
May-2026,40223834,8797
May-2026,40226732,8794
May-2026,40229390,8787
May-2026,40234930,8778
May-2026,40237145,8774
May-2026,40232458,8766
May-2026,40229899,8762
May-2026,40230976,8755
May-2026,40230453,8750
May-2026,40254333,8745
May-2026,40252158,8742
May-2026,40227055,8738
May-2026,40231813,8736
May-2026,40230686,8735
May-2026,40230035,8734
May-2026,40252745,8730
May-2026,40233734,8724
May-2026,40255446,8722
May-2026,40231070,8718
May-2026,40241139,8716
May-2026,40240024,8715
May-2026,40238640,8714
May-2026,40250760,8713
May-2026,40233118,8706
May-2026,40238843,8706
May-2026,40241169,8701
May-2026,40241578,8700
May-2026,40223196,8696
May-2026,40240054,8691
May-2026,40249430,8690
May-2026,40244443,8686
May-2026,40252538,8684
May-2026,40230477,8676
May-2026,40228357,8668
May-2026,40227743,8664
May-2026,40245268,8661
May-2026,40242687,8658
May-2026,40235391,8652
May-2026,40249955,8652
May-2026,40244943,8648
May-2026,40249374,8645
May-2026,40249398,8645
May-2026,40250655,8645
May-2026,40250751,8638
May-2026,40228947,8637
May-2026,40251653,8637
May-2026,40236204,8636
May-2026,40257045,8616
May-2026,40244802,8615
May-2026,40238639,8607
May-2026,40253432,8604
May-2026,40245906,8583
May-2026,40232723,8581
May-2026,40241897,8581
May-2026,40223346,8577
May-2026,40249674,8565
May-2026,40247011,8559
May-2026,40229802,8543
May-2026,40239899,8538
May-2026,40227854,8533
May-2026,40245828,8524
May-2026,40247300,8521
May-2026,40236215,8520
May-2026,40248006,8515
May-2026,40250875,8515
May-2026,40236551,8514
May-2026,40243518,8491
May-2026,40255375,8485
May-2026,40225551,8484
May-2026,40227400,8484
May-2026,40250685,8483
May-2026,40254929,8481
May-2026,40228976,8480
May-2026,40241821,8478
May-2026,40251006,8461
May-2026,40246938,8456
May-2026,40224929,8455
May-2026,40233864,8454
May-2026,40227343,8452
May-2026,40241656,8448
May-2026,40244687,8444
May-2026,40230401,8443
May-2026,40222802,8434
May-2026,40234942,8431
May-2026,40247496,8431
May-2026,40232413,8424
May-2026,40244982,8420
May-2026,40242345,8416
May-2026,40232470,8407
May-2026,40232722,8406
May-2026,40247135,8406
May-2026,40234128,8405
May-2026,40235353,8403
May-2026,40252381,8401
May-2026,40232309,8396
May-2026,40246760,8383
May-2026,40235660,8382
May-2026,40238809,8373
May-2026,40229033,8361
May-2026,40233123,8346
May-2026,40245435,8343
May-2026,40223247,8336
May-2026,40241556,8331
May-2026,40255294,8330
May-2026,40235615,8322
May-2026,40241536,8322
May-2026,40249896,8322
May-2026,40243535,8316
May-2026,40237798,8314
May-2026,40236333,8307
May-2026,40237604,8306
May-2026,40256299,8303
May-2026,40255565,8295
May-2026,40252796,8292
May-2026,40230727,8291
May-2026,40247855,8282
May-2026,40246042,8280
May-2026,40253281,8275
May-2026,40233293,8273
May-2026,40251150,8266
May-2026,40232173,8256
May-2026,40253385,8254
May-2026,40235297,8244
May-2026,40233517,8241
May-2026,40245555,8239
May-2026,40253049,8236
May-2026,40255727,8231
May-2026,40236974,8230
May-2026,40234918,8228
May-2026,40235078,8228
May-2026,40243158,8228
May-2026,40235414,8223
May-2026,40225434,8222
May-2026,40224424,8217
May-2026,40243007,8213
May-2026,40248882,8211
May-2026,40247702,8207
May-2026,30000497,8206
May-2026,40234765,8204
May-2026,40242858,8201
May-2026,40249982,8201
May-2026,40242036,8199
May-2026,40224418,8197
May-2026,40237585,8197
May-2026,40238910,8197
May-2026,40246742,8192
May-2026,40242334,8190
May-2026,40224493,8187
May-2026,40245197,8185
May-2026,40230407,8177
May-2026,40228716,8174
May-2026,40243317,8174
May-2026,40236357,8169
May-2026,40246902,8167
May-2026,40230599,8166
May-2026,40245950,8165
May-2026,40240300,8164
May-2026,40230309,8159
May-2026,40232229,8154
May-2026,40238773,8144
May-2026,40244747,8140
May-2026,40239514,8139
May-2026,40247403,8134
May-2026,40251426,8134
May-2026,40230231,8129
May-2026,40235497,8125
May-2026,40227527,8123
May-2026,40231169,8121
May-2026,40255081,8119
May-2026,40241899,8116
May-2026,40235135,8113
May-2026,40230445,8112
May-2026,40227099,8109
May-2026,40225246,8108
May-2026,40242361,8106
May-2026,40226255,8104
May-2026,40249605,8102
May-2026,40254744,8100
May-2026,40243558,8099
May-2026,40240198,8097
May-2026,40252344,8095
May-2026,40248691,8094
May-2026,40229657,8089
May-2026,40257048,8087
May-2026,40225825,8082
May-2026,40253307,8081
May-2026,40240384,8080
May-2026,40247206,8076
May-2026,40238885,8075
May-2026,40245438,8071
May-2026,40225908,8060
May-2026,40237296,8059
May-2026,40234419,8053
May-2026,40241241,8047
May-2026,40238076,8045
May-2026,40226808,8040
May-2026,40241512,8033
May-2026,40229190,8032
May-2026,40251068,8031
May-2026,40257711,8028
May-2026,40233673,8027
May-2026,40230396,8024
May-2026,40247549,8020
May-2026,40229535,8019
May-2026,40248259,8013
May-2026,40244894,8012
May-2026,40232367,8011
May-2026,40223515,8010
May-2026,40244117,8009
May-2026,40246776,8005
May-2026,40255751,8004
May-2026,40234876,8003
May-2026,40225233,8000
May-2026,40256709,7999
May-2026,40230605,7993
May-2026,40237590,7993
May-2026,40257452,7993
May-2026,40237494,7988
May-2026,40242242,7982
May-2026,40230972,7980
May-2026,40249864,7971
May-2026,30000546,7970
May-2026,40231043,7968
May-2026,40250218,7960
May-2026,40224205,7953
May-2026,40255417,7948
May-2026,40257054,7937
May-2026,40220233,7935
May-2026,40226071,7935
May-2026,40231048,7935
May-2026,40224552,7930
May-2026,40227603,7928
May-2026,40232174,7926
May-2026,40235084,7917
May-2026,40239240,7913
May-2026,40254440,7909
May-2026,40233822,7904
May-2026,40238324,7902
May-2026,40224070,7898
May-2026,40251706,7898
May-2026,40254350,7892
May-2026,40233124,7889
May-2026,40238656,7888
May-2026,40232639,7886
May-2026,40234731,7879
May-2026,40230024,7870
May-2026,40249749,7866
May-2026,40241592,7860
May-2026,40242352,7859
May-2026,40245250,7858
May-2026,40224442,7852
May-2026,40244817,7851
May-2026,40253417,7849
May-2026,40227168,7848
May-2026,40250040,7848
May-2026,40238073,7843
May-2026,40240634,7839
May-2026,40254617,7837
May-2026,40224563,7835
May-2026,40243874,7832
May-2026,40236485,7827
May-2026,40249017,7824
May-2026,40227717,7819
May-2026,40250831,7818
May-2026,40246033,7815
May-2026,40241081,7814
May-2026,40229281,7813
May-2026,40241186,7811
May-2026,40256504,7809
May-2026,40232135,7807
May-2026,40245664,7803
May-2026,40256037,7801
May-2026,40244623,7797
May-2026,40241208,7795
May-2026,40242833,7793
May-2026,40226850,7790
May-2026,40239770,7778
May-2026,40247391,7775
May-2026,40246678,7773
May-2026,40236683,7765
May-2026,40233774,7755
May-2026,40249515,7753
May-2026,40236266,7752
May-2026,40236232,7751
May-2026,40254864,7751
May-2026,40228448,7748
May-2026,40249080,7748
May-2026,40234852,7746
May-2026,40220822,7742
May-2026,40243454,7742
May-2026,40229449,7738
May-2026,40239127,7734
May-2026,40255080,7734
May-2026,40226624,7732
May-2026,40229617,7726
May-2026,40247561,7724
May-2026,40255128,7717
May-2026,40230746,7710
May-2026,40228729,7707
May-2026,40226518,7705
May-2026,40240192,7703
May-2026,40237121,7699
May-2026,40247181,7695
May-2026,40251638,7693
May-2026,40229790,7681
May-2026,40251335,7680
May-2026,40238304,7677
May-2026,40243273,7677
May-2026,40231343,7674
May-2026,40241054,7674
May-2026,40246646,7674
May-2026,40252264,7672
May-2026,40255189,7671
May-2026,40253893,7670
May-2026,40235397,7664
May-2026,40243381,7663
May-2026,40257526,7657
May-2026,40245224,7656
May-2026,40232220,7644
May-2026,40255085,7641
May-2026,40248132,7636
May-2026,40225205,7634
May-2026,40252116,7633
May-2026,40254613,7630
May-2026,40221583,7629
May-2026,40230294,7629
May-2026,40240102,7626
May-2026,40242727,7624
May-2026,40237413,7619
May-2026,40238035,7613
May-2026,40254496,7610
May-2026,40252044,7609
May-2026,40230639,7607
May-2026,40243994,7606
May-2026,40247045,7605
May-2026,40227868,7596
May-2026,40223772,7593
May-2026,40239892,7587
May-2026,40235642,7586
May-2026,40250639,7577
May-2026,40235734,7574
May-2026,40232188,7573
May-2026,40248203,7567
May-2026,40254748,7563
May-2026,40207244,7562
May-2026,40243997,7561
May-2026,40223159,7560
May-2026,40238300,7558
May-2026,40246558,7552
May-2026,40245731,7551
May-2026,40241224,7549
May-2026,30000513,7548
May-2026,40251761,7540
May-2026,30000521,7539
May-2026,40249665,7538
May-2026,40248824,7536
May-2026,40246913,7535
May-2026,40257611,7534
May-2026,40229743,7533
May-2026,40225186,7532
May-2026,40255365,7531
May-2026,40254962,7529
May-2026,40257181,7528
May-2026,40228790,7511
May-2026,40256228,7511
May-2026,40234255,7506
May-2026,40221245,7503
May-2026,40250010,7502
May-2026,40227801,7498
May-2026,40256984,7498
May-2026,40230883,7497
May-2026,40251622,7494
May-2026,40245652,7492
May-2026,40224511,7486
May-2026,40252634,7481
May-2026,40240571,7480
May-2026,40236451,7476
May-2026,40240337,7470
May-2026,40252485,7468
May-2026,40228889,7467
May-2026,40230595,7460
May-2026,40219678,7459
May-2026,30000479,7458
May-2026,40248137,7456
May-2026,40253115,7455
May-2026,40243059,7447
May-2026,40234317,7446
May-2026,40257221,7446
May-2026,40230758,7445
May-2026,40240085,7438
May-2026,40234543,7436
May-2026,40247123,7425
May-2026,40236733,7421
May-2026,40237612,7420
May-2026,40244510,7420
May-2026,40228925,7419
May-2026,40225056,7418
May-2026,40233333,7417
May-2026,40229024,7412
May-2026,40229636,7412
May-2026,40234201,7409
May-2026,40245257,7409
May-2026,40226583,7408
May-2026,40236877,7407
May-2026,40223775,7404
May-2026,40245176,7404
May-2026,40254267,7402
May-2026,40254476,7402
May-2026,40221414,7399
May-2026,40249893,7398
May-2026,40253180,7392
May-2026,30000541,7389
May-2026,40225264,7385
May-2026,40230749,7382
May-2026,40249748,7381
May-2026,40225611,7379
May-2026,40249991,7377
May-2026,40251871,7376
May-2026,40230298,7373
May-2026,40224785,7371
May-2026,40225539,7367
May-2026,40231248,7365
May-2026,40226685,7363
May-2026,40230844,7362
May-2026,40235071,7359
May-2026,40224882,7358
May-2026,40239472,7354
May-2026,40251460,7349
May-2026,40245895,7347
May-2026,40248580,7345
May-2026,40234477,7343
May-2026,40227057,7341
May-2026,40249203,7334
May-2026,40236985,7326
May-2026,40243238,7322
May-2026,40242042,7320
May-2026,40225989,7318
May-2026,40242678,7318
May-2026,40227757,7316
May-2026,40249509,7305
May-2026,40226799,7304
May-2026,40239629,7304
May-2026,40236061,7300
May-2026,40254983,7297
May-2026,40232211,7296
May-2026,40232511,7296
May-2026,40242945,7294
May-2026,40239033,7291
May-2026,40224680,7284
May-2026,40248520,7283
May-2026,40233505,7281
May-2026,40248084,7281
May-2026,40247222,7277
May-2026,40223084,7276
May-2026,40226444,7274
May-2026,40240945,7272
May-2026,40243435,7272
May-2026,40235389,7271
May-2026,40238088,7269
May-2026,40228438,7268
May-2026,40236207,7268
May-2026,40233383,7262
May-2026,40217712,7259
May-2026,40239331,7255
May-2026,40230973,7254
May-2026,40255622,7252
May-2026,40222983,7248
May-2026,40231100,7247
May-2026,40241031,7245
May-2026,40237920,7244
May-2026,40242845,7240
May-2026,40241149,7239
May-2026,40229166,7237
May-2026,40239256,7236
May-2026,40246376,7236
May-2026,40250086,7232
May-2026,40250364,7232
May-2026,40237530,7229
May-2026,40244479,7229
May-2026,40220562,7226
May-2026,40236653,7223
May-2026,40239731,7222
May-2026,40246688,7215
May-2026,40250791,7213
May-2026,40226653,7212
May-2026,40238024,7212
May-2026,40238900,7212
May-2026,40255506,7212
May-2026,40229527,7211
May-2026,40243116,7209
May-2026,40238415,7205
May-2026,40246393,7203
May-2026,40244194,7198
May-2026,40233616,7196
May-2026,40230128,7195
May-2026,40246477,7194
May-2026,40249970,7189
May-2026,40242369,7183
May-2026,40230364,7174
May-2026,40228470,7170
May-2026,40238213,7169
May-2026,40225643,7167
May-2026,40254754,7163
May-2026,40229351,7160
May-2026,40254427,7159
May-2026,40230387,7155
May-2026,40244413,7155
May-2026,40246121,7154
May-2026,40229815,7151
May-2026,40227727,7147
May-2026,40229834,7146
May-2026,40239018,7143
May-2026,40220294,7142
May-2026,40229885,7133
May-2026,40245042,7125
May-2026,40224029,7123
May-2026,40229238,7119
May-2026,40240885,7119
May-2026,40231025,7114
May-2026,40237335,7114
May-2026,40237991,7113
May-2026,40238684,7109
May-2026,40223935,7102
May-2026,40228655,7102
May-2026,40245621,7102
May-2026,40235056,7101
May-2026,40235429,7095
May-2026,40238075,7092
May-2026,40228538,7087
May-2026,40220314,7086
May-2026,40235879,7086
May-2026,40239385,7083
May-2026,40238322,7082
May-2026,40251748,7081
May-2026,40240924,7077
May-2026,40230873,7074
May-2026,40223925,7066
May-2026,40227276,7066
May-2026,40243572,7060
May-2026,40244749,7045
May-2026,40231380,7040
May-2026,40230736,7038
May-2026,40243690,7038
May-2026,40236969,7037
May-2026,40249545,7027
May-2026,40244783,7024
May-2026,40247298,7024
May-2026,40248865,7022
May-2026,40247360,7013
May-2026,40252864,7011
May-2026,40242839,7009
May-2026,40235756,7001
May-2026,40241183,6998
May-2026,40257592,6994
May-2026,40234526,6993
May-2026,40245989,6993
May-2026,40250465,6993
May-2026,40241612,6990
May-2026,40249586,6986
May-2026,40242620,6985
May-2026,40226292,6978
May-2026,40242671,6973
May-2026,40238765,6971
May-2026,40256225,6967
May-2026,40228574,6965
May-2026,40235093,6948
May-2026,40246958,6942
May-2026,40244904,6941
May-2026,40238214,6940
May-2026,40233500,6939
May-2026,40238880,6929
May-2026,40244710,6926
May-2026,40255177,6916
May-2026,40248170,6914
May-2026,40242680,6911
May-2026,40235249,6908
May-2026,40247884,6905
May-2026,40243493,6897
May-2026,40230587,6895
May-2026,40232661,6893
May-2026,40253386,6890
May-2026,40228890,6888
May-2026,40241334,6887
May-2026,40233669,6884
May-2026,40248470,6884
May-2026,40239863,6880
May-2026,40225302,6877
May-2026,40244217,6868
May-2026,40224473,6867
May-2026,40224377,6864
May-2026,40238544,6864
May-2026,40230597,6863
May-2026,40246921,6861
May-2026,40249615,6857
May-2026,40240574,6856
May-2026,40226903,6855
May-2026,40234816,6855
May-2026,40232138,6852
May-2026,40247588,6846
May-2026,40230503,6845
May-2026,40238967,6839
May-2026,40229674,6833
May-2026,40225340,6828
May-2026,40250585,6825
May-2026,40226084,6820
May-2026,40239312,6818
May-2026,40225021,6817
May-2026,40231153,6816
May-2026,40241748,6815
May-2026,40243163,6815
May-2026,40231134,6810
May-2026,40236001,6810
May-2026,40240391,6805
May-2026,40227476,6804
May-2026,40237110,6800
May-2026,40238688,6794
May-2026,40255407,6794
May-2026,40249389,6788
May-2026,40235217,6786
May-2026,40240530,6785
May-2026,40226861,6783
May-2026,40252594,6778
May-2026,40233074,6774
May-2026,40248894,6769
May-2026,40243383,6768
May-2026,40225781,6766
May-2026,40243195,6759
May-2026,40248188,6758
May-2026,40243260,6757
May-2026,40251499,6754
May-2026,40225139,6752
May-2026,40255951,6746
May-2026,40227044,6743
May-2026,40228245,6743
May-2026,40224119,6742
May-2026,40234855,6731
May-2026,40241131,6731
May-2026,40224854,6728
May-2026,40230410,6728
May-2026,40242016,6726
May-2026,40250770,6721
May-2026,40250466,6720
May-2026,40231948,6719
May-2026,40255427,6715
May-2026,40238582,6713
May-2026,40249790,6710
May-2026,30000504,6704
May-2026,40246110,6703
May-2026,40225225,6700
May-2026,40231742,6694
May-2026,40223550,6693
May-2026,40241671,6688
May-2026,40254335,6688
May-2026,40227510,6686
May-2026,40241129,6685
May-2026,40247834,6684
May-2026,40254370,6679
May-2026,40237882,6678
May-2026,40241966,6674
May-2026,40224496,6671
May-2026,40250179,6668
May-2026,40251827,6667
May-2026,40243496,6665
May-2026,40226074,6661
May-2026,40223933,6656
May-2026,40240573,6653
May-2026,40218756,6647
May-2026,40246087,6646
May-2026,40236174,6644
May-2026,40244111,6640
May-2026,40232783,6638
May-2026,40238716,6636
May-2026,40237499,6635
May-2026,40236181,6629
May-2026,40229165,6628
May-2026,40249608,6627
May-2026,40242006,6626
May-2026,40229317,6623
May-2026,40225700,6618
May-2026,40226647,6617
May-2026,40229456,6612
May-2026,40240310,6611
May-2026,40235316,6608
May-2026,40222296,6601
May-2026,40242002,6600
May-2026,40253177,6596
May-2026,40243979,6593
May-2026,40243233,6586
May-2026,40228031,6580
May-2026,40237376,6580
May-2026,40231046,6577
May-2026,40229002,6576
May-2026,40236117,6576
May-2026,40256714,6576
May-2026,40247010,6573
May-2026,40237810,6562
May-2026,40233545,6561
May-2026,40253407,6560
May-2026,40244873,6559
May-2026,40241815,6557
May-2026,40226671,6556
May-2026,40242553,6556
May-2026,40241663,6555
May-2026,40222674,6552
May-2026,40244664,6546
May-2026,40224346,6537
May-2026,40224272,6536
May-2026,40235176,6536
May-2026,40228627,6535
May-2026,40240183,6535
May-2026,40246853,6535
May-2026,40249173,6535
May-2026,40242214,6534
May-2026,40241957,6533
May-2026,40243154,6533
May-2026,40228939,6531
May-2026,40250882,6529
May-2026,40239358,6527
May-2026,40241907,6527
May-2026,40231615,6524
May-2026,40229998,6523
May-2026,40236799,6520
May-2026,40245138,6516
May-2026,40244422,6511
May-2026,40253510,6505
May-2026,40223762,6504
May-2026,40237027,6504
May-2026,40248577,6500
May-2026,40230936,6497
May-2026,40239221,6496
May-2026,40246072,6486
May-2026,30000547,6481
May-2026,40235393,6481
May-2026,40231020,6476
May-2026,40236835,6472
May-2026,40243847,6464
May-2026,40232558,6462
May-2026,40242921,6462
May-2026,40223400,6461
May-2026,40229767,6461
May-2026,40234887,6458
May-2026,40248839,6455
May-2026,40234919,6453
May-2026,40230078,6452
May-2026,40230668,6446
May-2026,40256762,6446
May-2026,40227240,6444
May-2026,40244814,6444
May-2026,40239553,6443
May-2026,40227593,6442
May-2026,40227712,6442
May-2026,40227606,6440
May-2026,40234906,6437
May-2026,40248498,6436
May-2026,40233337,6434
May-2026,40229028,6430
May-2026,40257238,6430
May-2026,40226299,6427
May-2026,40233868,6427
May-2026,40249936,6427
May-2026,40238842,6425
May-2026,40237326,6423
May-2026,40224704,6422
May-2026,40243379,6421
May-2026,40247807,6417
May-2026,40244122,6409
May-2026,40223150,6406
May-2026,40253733,6406
May-2026,40236194,6405
May-2026,40232199,6403
May-2026,40227009,6400
May-2026,40254790,6399
May-2026,40247385,6392
May-2026,40240401,6386
May-2026,40244321,6382
May-2026,40226550,6381
May-2026,40230448,6381
May-2026,40249539,6377
May-2026,40230849,6375
May-2026,40237691,6375
May-2026,40226446,6374
May-2026,40240761,6372
May-2026,40253800,6370
May-2026,40236735,6362
May-2026,40233319,6357
May-2026,40250513,6357
May-2026,40238760,6356
May-2026,40247676,6355
May-2026,40256485,6355
May-2026,40241211,6349
May-2026,40244790,6346
May-2026,40228892,6345
May-2026,40257294,6344
May-2026,40228398,6343
May-2026,40240771,6342
May-2026,40246456,6342
May-2026,40247797,6341
May-2026,40238828,6338
May-2026,40225430,6333
May-2026,40242990,6332
May-2026,40239357,6330
May-2026,40244266,6323
May-2026,40252544,6322
May-2026,40221963,6319
May-2026,40229303,6317
May-2026,40242076,6317
May-2026,40247744,6317
May-2026,40239769,6314
May-2026,40248579,6314
May-2026,40254197,6312
May-2026,40225356,6306
May-2026,40228833,6306
May-2026,40228567,6305
May-2026,40241693,6305
May-2026,40230187,6304
May-2026,40242127,6304
May-2026,40235938,6302
May-2026,40227487,6298
May-2026,40241443,6298
May-2026,40250446,6298
May-2026,40224545,6296
May-2026,40254241,6292
May-2026,40224774,6290
May-2026,40231170,6290
May-2026,40227437,6287
May-2026,40221572,6284
May-2026,40239758,6278
May-2026,40255287,6275
May-2026,40241731,6273
May-2026,40257088,6272
May-2026,40247716,6265
May-2026,40257169,6264
May-2026,40233566,6262
May-2026,40229835,6260
May-2026,40231187,6255
May-2026,40232771,6254
May-2026,40226798,6253
May-2026,40234031,6249
May-2026,40235052,6247
May-2026,40246837,6243
May-2026,40232300,6240
May-2026,40251726,6237
May-2026,40254771,6230
May-2026,40253788,6226
May-2026,40229823,6222
May-2026,40245911,6220
May-2026,40245109,6215
May-2026,40247763,6213
May-2026,40228554,6206
May-2026,40235220,6205
May-2026,40255553,6205
May-2026,40223991,6203
May-2026,40234965,6197
May-2026,40224769,6194
May-2026,40227293,6189
May-2026,40236854,6189
May-2026,40252439,6188
May-2026,40246788,6186
May-2026,40255977,6185
May-2026,40257160,6183
May-2026,40255547,6182
May-2026,40244308,6180
May-2026,40256682,6177
May-2026,40226023,6176
May-2026,40245146,6172
May-2026,40246131,6171
May-2026,40233454,6163
May-2026,40231913,6158
May-2026,40243252,6155
May-2026,40227901,6154
May-2026,40225632,6151
May-2026,40226173,6150
May-2026,40233182,6149
May-2026,40240868,6149
May-2026,40223127,6146
May-2026,40235381,6146
May-2026,40253317,6146
May-2026,40247281,6143
May-2026,40246452,6142
May-2026,40235528,6141
May-2026,40228704,6136
May-2026,40231342,6136
May-2026,40232680,6136
May-2026,40245118,6134
May-2026,40228025,6128
May-2026,40239804,6128
May-2026,40255855,6128
May-2026,40256508,6127
May-2026,40253472,6124
May-2026,40252077,6123
May-2026,40237641,6115
May-2026,40230030,6113
May-2026,40224725,6109
May-2026,40234168,6109
May-2026,40232863,6106
May-2026,40245248,6104
May-2026,40221300,6097
May-2026,40244801,6095
May-2026,40248328,6094
May-2026,40229149,6093
May-2026,40230328,6090
May-2026,40230385,6088
May-2026,40251281,6088
May-2026,40226831,6085
May-2026,40249885,6085
May-2026,40237242,6084
May-2026,40253336,6079
May-2026,40237246,6077
May-2026,40240225,6076
May-2026,40244807,6074
May-2026,40254924,6074
May-2026,40230741,6072
May-2026,40244052,6065
May-2026,40250068,6063
May-2026,40230254,6059
May-2026,40235244,6049
May-2026,40243035,6047
May-2026,40234331,6046
May-2026,40249452,6046
May-2026,40231089,6045
May-2026,40237203,6042
May-2026,40233723,6039
May-2026,40240025,6034
May-2026,40227909,6028
May-2026,40231654,6028
May-2026,40252927,6021
May-2026,40233732,6019
May-2026,40246565,6018
May-2026,40234753,6017
May-2026,40255529,6017
May-2026,40230665,6013
May-2026,40230131,6010
May-2026,40240456,6010
May-2026,40249001,6010
May-2026,40244318,6003
May-2026,40256353,6003
May-2026,40238222,6001
May-2026,40243145,5998
May-2026,40247139,5996
May-2026,40235541,5991
May-2026,40254369,5990
May-2026,40257829,5990
May-2026,40244764,5987
May-2026,40249860,5984
May-2026,40237902,5981
May-2026,40256234,5981
May-2026,40224463,5977
May-2026,40257607,5977
May-2026,40245451,5974
May-2026,40228723,5973
May-2026,40245518,5972
May-2026,40236824,5970
May-2026,40243295,5970
May-2026,40253021,5966
May-2026,40255703,5965
May-2026,40224580,5961
May-2026,40245533,5958
May-2026,40246979,5958
May-2026,40225119,5956
May-2026,40226667,5953
May-2026,40252249,5952
May-2026,40239416,5951
May-2026,40231610,5948
May-2026,40245824,5947
May-2026,40223812,5944
May-2026,40243901,5943
May-2026,40221211,5939
May-2026,40253219,5939
May-2026,40248714,5937
May-2026,40242989,5933
May-2026,40233917,5931
May-2026,40252300,5922
May-2026,40224861,5919
May-2026,40224365,5915
May-2026,40242587,5914
May-2026,40244544,5914
May-2026,40223469,5913
May-2026,40237875,5913
May-2026,40256602,5913
May-2026,40226118,5910
May-2026,40229258,5909
May-2026,40234481,5909
May-2026,40244350,5909
May-2026,40243804,5906
May-2026,30000496,5905
May-2026,40242966,5905
May-2026,40242749,5903
May-2026,40232281,5899
May-2026,40233277,5895
May-2026,40254634,5893
May-2026,40238590,5892
May-2026,40223969,5891
May-2026,40234806,5886
May-2026,40235829,5886
May-2026,40257112,5881
May-2026,40227852,5880
May-2026,40239434,5875
May-2026,40239860,5873
May-2026,40245609,5870
May-2026,40228074,5866
May-2026,40232875,5866
May-2026,40226081,5865
May-2026,40241527,5865
May-2026,40239335,5863
May-2026,40230568,5862
May-2026,40243742,5859
May-2026,40255359,5859
May-2026,40238067,5856
May-2026,40226534,5849
May-2026,40239582,5849
May-2026,40222513,5842
May-2026,40236226,5842
May-2026,40226132,5840
May-2026,40241082,5839
May-2026,40246875,5837
May-2026,40225983,5836
May-2026,40237059,5836
May-2026,40239915,5833
May-2026,40248658,5828
May-2026,40229385,5827
May-2026,40244204,5822
May-2026,40230161,5819
May-2026,40238733,5811
May-2026,40239100,5808
May-2026,40241577,5803
May-2026,40225708,5801
May-2026,40234263,5795
May-2026,40233985,5794
May-2026,40243335,5794
May-2026,40237263,5792
May-2026,40252340,5791
May-2026,40242274,5789
May-2026,40231868,5788
May-2026,40222769,5782
May-2026,40246231,5781
May-2026,40240179,5774
May-2026,40248221,5773
May-2026,40227218,5772
May-2026,40254796,5771
May-2026,40248053,5768
May-2026,23356930,5765
May-2026,40230423,5763
May-2026,40243609,5763
May-2026,40245095,5762
May-2026,40254329,5758
May-2026,40225674,5756
May-2026,40243141,5755
May-2026,40232101,5754
May-2026,40254265,5754
May-2026,40221417,5753
May-2026,40235702,5750
May-2026,40254719,5749
May-2026,40245633,5748
May-2026,40242348,5744
May-2026,40253319,5742
May-2026,40231135,5739
May-2026,40254799,5739
May-2026,40232999,5737
May-2026,40232336,5736
May-2026,40254364,5732
May-2026,40235964,5729
May-2026,40245679,5727
May-2026,40234949,5726
May-2026,40250649,5720
May-2026,40225543,5719
May-2026,40226873,5718
May-2026,40231398,5718
May-2026,40233412,5716
May-2026,40247946,5716
May-2026,40229572,5715
May-2026,40258003,5714
May-2026,40240340,5713
May-2026,40234274,5709
May-2026,40235638,5704
May-2026,40253007,5702
May-2026,40225103,5701
May-2026,40237040,5700
May-2026,40237148,5698
May-2026,40230251,5697
May-2026,40242336,5697
May-2026,40241569,5695
May-2026,40222990,5687
May-2026,40256059,5687
May-2026,40255356,5686
May-2026,40228159,5684
May-2026,40244035,5683
May-2026,40246429,5683
May-2026,40229882,5682
May-2026,40236236,5682
May-2026,40244721,5682
May-2026,40224400,5678
May-2026,40250849,5674
May-2026,40227023,5666
May-2026,40228555,5665
May-2026,40247063,5658
May-2026,40255733,5647
May-2026,40239451,5641
May-2026,40244946,5639
May-2026,40227512,5637
May-2026,40241949,5637
May-2026,40241921,5633
May-2026,40248600,5626
May-2026,40244429,5625
May-2026,40242049,5619
May-2026,40228366,5618
May-2026,40225269,5617
May-2026,40237002,5617
May-2026,40235624,5614
May-2026,40225290,5613
May-2026,40226138,5609
May-2026,40241359,5609
May-2026,40214777,5608
May-2026,40232998,5606
May-2026,40230411,5605
May-2026,40239030,5604
May-2026,40247370,5604
May-2026,40248822,5603
May-2026,40244395,5600
May-2026,40244248,5599
May-2026,40231289,5598
May-2026,40232301,5598
May-2026,40228710,5596
May-2026,40243246,5596
May-2026,40247660,5594
May-2026,40227831,5591
May-2026,40238124,5591
May-2026,40223420,5590
May-2026,40237955,5590
May-2026,40229776,5588
May-2026,40245159,5588
May-2026,40237880,5586
May-2026,40228285,5576
May-2026,40235979,5576
May-2026,40251049,5573
May-2026,40231173,5566
May-2026,40251453,5564
May-2026,40238678,5560
May-2026,40233257,5552
May-2026,40233154,5550
May-2026,40240445,5549
May-2026,40251528,5547
May-2026,40244366,5545
May-2026,40256634,5543
May-2026,30000558,5542
May-2026,40234811,5539
May-2026,40227233,5538
May-2026,40250484,5536
May-2026,40228621,5535
May-2026,40234750,5532
May-2026,40244901,5531
May-2026,40238015,5530
May-2026,40221585,5528
May-2026,40239370,5526
May-2026,40254527,5519
May-2026,40223705,5516
May-2026,40235154,5515
May-2026,40242805,5515
May-2026,40251819,5510
May-2026,40253590,5508
May-2026,40244263,5507
May-2026,40228389,5506
May-2026,40240414,5504
May-2026,40230795,5497
May-2026,40240371,5494
May-2026,40257828,5494
May-2026,40224005,5492
May-2026,40238725,5491
May-2026,40242037,5491
May-2026,40232578,5487
May-2026,40238875,5487
May-2026,40238879,5486
May-2026,40246407,5486
May-2026,40253474,5486
May-2026,40222290,5485
May-2026,40224868,5483
May-2026,40222487,5481
May-2026,40243567,5478
May-2026,40245288,5474
May-2026,40236721,5472
May-2026,40224110,5469
May-2026,40242116,5469
May-2026,40237116,5466
May-2026,40255266,5462
May-2026,40245537,5461
May-2026,40223131,5460
May-2026,40224878,5459
May-2026,40227156,5458
May-2026,40237762,5455
May-2026,40233835,5454
May-2026,40242368,5454
May-2026,40243805,5454
May-2026,40228878,5450
May-2026,40244924,5450
May-2026,40235390,5444
May-2026,40230392,5442
May-2026,40235647,5432
May-2026,40254594,5427
May-2026,40225472,5426
May-2026,40229692,5426
May-2026,30000502,5419
May-2026,40253767,5418
May-2026,40234718,5417
May-2026,40232531,5415
May-2026,40224023,5414
May-2026,40225292,5414
May-2026,40234504,5414
May-2026,40252911,5412
May-2026,40253435,5412
May-2026,40236555,5411
May-2026,40229099,5408
May-2026,40240006,5408
May-2026,40226380,5401
May-2026,40254556,5401
May-2026,40248187,5400
May-2026,40236120,5394
May-2026,40220832,5393
May-2026,40253736,5393
May-2026,40227989,5389
May-2026,40231140,5389
May-2026,40231536,5386
May-2026,40232725,5385
May-2026,40249993,5383
May-2026,40222815,5382
May-2026,40253747,5379
May-2026,40250894,5377
May-2026,40249710,5374
May-2026,40224652,5368
May-2026,40252733,5368
May-2026,40247697,5364
May-2026,40235358,5363
May-2026,40254640,5363
May-2026,40245586,5358
May-2026,40232490,5353
May-2026,40225913,5349
May-2026,40230059,5344
May-2026,40256700,5344
May-2026,40240730,5334
May-2026,40240423,5332
May-2026,40242161,5332
May-2026,40242321,5331
May-2026,40254449,5331
May-2026,40247261,5326
May-2026,40221642,5325
May-2026,40234139,5325
May-2026,40236268,5325
May-2026,40239643,5323
May-2026,40254523,5322
May-2026,40255414,5321
May-2026,40249569,5316
May-2026,40234973,5314
May-2026,40239908,5313
May-2026,40254857,5313
May-2026,40226834,5312
May-2026,40251057,5310
May-2026,40225048,5308
May-2026,40256791,5305
May-2026,40223502,5303
May-2026,40231215,5299
May-2026,40232717,5298
May-2026,40230010,5296
May-2026,40231424,5284
May-2026,40225841,5278
May-2026,40248318,5278
May-2026,40228316,5277
May-2026,40234670,5277
May-2026,40241056,5267
May-2026,40231106,5266
May-2026,40251137,5266
May-2026,40253858,5262
May-2026,40248135,5261
May-2026,40247470,5259
May-2026,40224240,5257
May-2026,40235683,5255
May-2026,40247795,5255
May-2026,40229795,5253
May-2026,40248074,5249
May-2026,40248946,5249
May-2026,40228784,5246
May-2026,40253715,5244
May-2026,40238912,5241
May-2026,40239768,5238
May-2026,40242574,5237
May-2026,40250998,5228
May-2026,40223657,5226
May-2026,40241357,5225
May-2026,40224433,5224
May-2026,40233406,5224
May-2026,40227264,5223
May-2026,40226441,5221
May-2026,40243601,5220
May-2026,40242852,5216
May-2026,40226666,5215
May-2026,40247913,5215
May-2026,40255102,5215
May-2026,40257000,5214
May-2026,40230675,5213
May-2026,40255505,5208
May-2026,40222244,5207
May-2026,40246366,5206
May-2026,40226031,5204
May-2026,40227896,5200
May-2026,40238935,5195
May-2026,40224397,5192
May-2026,40241177,5190
May-2026,40250046,5187
May-2026,40228741,5186
May-2026,40232365,5180
May-2026,40228946,5178
May-2026,40257936,5177
May-2026,40218446,5173
May-2026,40247568,5172
May-2026,40228247,5170
May-2026,40249531,5170
May-2026,40235477,5169
May-2026,40254003,5169
May-2026,40254616,5163
May-2026,40252066,5161
May-2026,40239013,5160
May-2026,40228831,5156
May-2026,40233859,5154
May-2026,40224609,5153
May-2026,40228259,5152
May-2026,40254701,5149
May-2026,40246444,5148
May-2026,40249871,5140
May-2026,40227529,5135
May-2026,40236176,5134
May-2026,40244243,5132
May-2026,40247686,5132
May-2026,40254022,5126
May-2026,40234720,5125
May-2026,40247209,5120
May-2026,40232670,5118
May-2026,30000550,5116
May-2026,40226078,5114
May-2026,40229966,5113
May-2026,40235709,5112
May-2026,40231290,5109
May-2026,30000493,5108
May-2026,40243749,5105
May-2026,40237654,5102
May-2026,40232189,5094
May-2026,40256611,5087
May-2026,40234486,5086
May-2026,40246640,5084
May-2026,40246528,5082
May-2026,40228274,5079
May-2026,40255346,5079
May-2026,40240619,5077
May-2026,40247864,5073
May-2026,40239657,5071
May-2026,40237956,5069
May-2026,40231458,5062
May-2026,40228853,5059
May-2026,40231765,5058
May-2026,40230028,5055
May-2026,40252393,5054
May-2026,40240887,5053
May-2026,40255153,5050
May-2026,40228209,5048
May-2026,40251084,5048
May-2026,40224219,5045
May-2026,40227121,5040
May-2026,40226921,5037
May-2026,40228552,5034
May-2026,40239955,5032
May-2026,40223794,5030
May-2026,40255954,5028
May-2026,40228822,5027
May-2026,40229458,5026
May-2026,40223275,5023
May-2026,40243239,5019
May-2026,40249302,5018
May-2026,40229495,5017
May-2026,40247079,5016
May-2026,40252631,5016
May-2026,40257414,5012
May-2026,40250260,5006
May-2026,40228845,5005
May-2026,40246180,5005
May-2026,40229310,5002
May-2026,40230001,4992
May-2026,40251941,4991
May-2026,40226236,4990
May-2026,40240608,4988
May-2026,40237775,4987
May-2026,40242732,4984
May-2026,40219625,4981
May-2026,40255966,4980
May-2026,40224358,4976
May-2026,40255210,4974
May-2026,40228424,4973
May-2026,40235904,4973
May-2026,40249552,4973
May-2026,40239682,4967
May-2026,40257111,4967
May-2026,40232963,4966
May-2026,40251639,4963
May-2026,40229022,4962
May-2026,40237504,4962
May-2026,40255486,4961
May-2026,40256961,4960
May-2026,40242421,4959
May-2026,40226256,4958
May-2026,40228611,4958
May-2026,40232100,4958
May-2026,40250166,4958
May-2026,40254034,4955
May-2026,40244744,4954
May-2026,40235842,4953
May-2026,40245867,4953
May-2026,40229923,4951
May-2026,40234549,4951
May-2026,40229305,4948
May-2026,40240248,4948
May-2026,40257058,4948
May-2026,40238144,4945
May-2026,40224484,4939
May-2026,40237122,4937
May-2026,40233438,4934
May-2026,40250360,4932
May-2026,40234929,4930
May-2026,40223010,4929
May-2026,40229193,4928
May-2026,40254271,4924
May-2026,40254383,4924
May-2026,40257256,4924
May-2026,40233355,4923
May-2026,40238556,4922
May-2026,40234580,4921
May-2026,40235784,4921
May-2026,40255774,4914
May-2026,40226517,4913
May-2026,40236765,4913
May-2026,40246336,4913
May-2026,40224820,4910
May-2026,40256297,4908
May-2026,40240840,4906
May-2026,40241660,4904
May-2026,40244949,4903
May-2026,40246654,4902
May-2026,40243332,4901
May-2026,40231626,4898
May-2026,40246690,4896
May-2026,40235992,4895
May-2026,40251677,4889
May-2026,40235157,4884
May-2026,40245646,4883
May-2026,40248178,4883
May-2026,40224656,4878
May-2026,40241655,4878
May-2026,40246348,4878
May-2026,40243376,4876
May-2026,40243867,4872
May-2026,40258065,4871
May-2026,40233460,4864
May-2026,40245452,4862
May-2026,40233173,4856
May-2026,40246995,4856
May-2026,40245481,4853
May-2026,40227828,4851
May-2026,40228189,4850
May-2026,40234016,4850
May-2026,40250556,4847
May-2026,40251425,4842
May-2026,40256067,4841
May-2026,40225109,4836
May-2026,40224030,4835
May-2026,40224135,4833
May-2026,40241117,4833
May-2026,40236731,4831
May-2026,40255332,4828
May-2026,40237307,4826
May-2026,40243778,4824
May-2026,40235444,4823
May-2026,40242248,4823
May-2026,40216783,4822
May-2026,40255847,4817
May-2026,40254991,4815
May-2026,40257332,4813
May-2026,40233640,4809
May-2026,40249818,4809
May-2026,40231889,4807
May-2026,40252891,4807
May-2026,40253802,4805
May-2026,40230168,4800
May-2026,40233784,4798
May-2026,40254971,4797
May-2026,40240042,4795
May-2026,40246037,4793
May-2026,40242716,4792
May-2026,40253737,4791
May-2026,40237201,4789
May-2026,40250038,4789
May-2026,40251238,4788
May-2026,40238037,4787
May-2026,40246783,4786
May-2026,40240010,4785
May-2026,40243902,4783
May-2026,40231919,4781
May-2026,40252235,4780
May-2026,40239664,4775
May-2026,40256114,4774
May-2026,40222401,4773
May-2026,40226523,4773
May-2026,40241335,4770
May-2026,40242228,4766
May-2026,40254085,4764
May-2026,40254505,4763
May-2026,40229227,4761
May-2026,40238172,4761
May-2026,40223170,4759
May-2026,40233492,4759
May-2026,40257303,4757
May-2026,40224730,4756
May-2026,40229859,4751
May-2026,40233287,4749
May-2026,40239027,4745
May-2026,40224643,4741
May-2026,40236040,4741
May-2026,40254661,4737
May-2026,40255866,4737
May-2026,40220413,4736
May-2026,30000527,4733
May-2026,40256139,4733
May-2026,40232954,4731
May-2026,40234225,4730
May-2026,40237581,4730
May-2026,40239547,4730
May-2026,40223115,4726
May-2026,40225984,4722
May-2026,40242097,4722
May-2026,40254997,4718
May-2026,40231839,4715
May-2026,40241598,4715
May-2026,40245154,4715
May-2026,40234501,4714
May-2026,40256951,4714
May-2026,40237064,4712
May-2026,40248095,4712
May-2026,40253458,4709
May-2026,40220437,4707
May-2026,40225035,4706
May-2026,40224696,4704
May-2026,40229268,4703
May-2026,40221461,4700
May-2026,40254124,4700
May-2026,40235942,4698
May-2026,40243125,4696
May-2026,40256575,4694
May-2026,40226941,4693
May-2026,40227726,4693
May-2026,40236025,4692
May-2026,40252839,4689
May-2026,40255367,4685
May-2026,40251032,4684
May-2026,40241905,4683
May-2026,40240658,4681
May-2026,40245864,4681
May-2026,40228314,4679
May-2026,40249321,4679
May-2026,40224957,4676
May-2026,40232706,4676
May-2026,40243864,4674
May-2026,40241515,4673
May-2026,40241092,4672
May-2026,40243519,4672
May-2026,40230531,4670
May-2026,40235280,4670
May-2026,40246346,4665
May-2026,40227776,4664
May-2026,40226463,4663
May-2026,40239969,4663
May-2026,40240446,4663
May-2026,40243102,4663
May-2026,40223273,4662
May-2026,40230399,4662
May-2026,40256166,4662
May-2026,40257285,4662
May-2026,40220706,4661
May-2026,40246310,4657
May-2026,40251003,4657
May-2026,40251975,4654
May-2026,40241833,4652
May-2026,40249614,4652
May-2026,40227246,4651
May-2026,40243730,4647
May-2026,40241803,4645
May-2026,40229551,4644
May-2026,40237866,4643
May-2026,40246550,4643
May-2026,40247064,4643
May-2026,40223715,4642
May-2026,40239322,4641
May-2026,40226980,4638
May-2026,40255438,4638
May-2026,40242429,4637
May-2026,40247609,4637
May-2026,40246081,4634
May-2026,40247407,4630
May-2026,40240052,4628
May-2026,40247304,4628
May-2026,40240280,4626
May-2026,40223386,4625
May-2026,40224554,4624
May-2026,40226493,4623
May-2026,40249836,4622
May-2026,40241804,4621
May-2026,40221826,4619
May-2026,40252272,4619
May-2026,40237000,4618
May-2026,40242170,4617
May-2026,40229793,4614
May-2026,40239462,4613
May-2026,40232612,4612
May-2026,40251530,4612
May-2026,40228562,4611
May-2026,40231881,4610
May-2026,40226049,4606
May-2026,40238258,4606
May-2026,40224373,4603
May-2026,40242213,4603
May-2026,40244264,4603
May-2026,40252717,4601
May-2026,40248683,4600
May-2026,40232544,4599
May-2026,40242158,4599
May-2026,40229441,4597
May-2026,40257217,4595
May-2026,40231465,4594
May-2026,40248821,4593
May-2026,40240059,4589
May-2026,40242291,4588
May-2026,40244532,4580
May-2026,40250678,4580
May-2026,40253580,4580
May-2026,40253713,4579
May-2026,40229300,4577
May-2026,40251257,4575
May-2026,40230346,4572
May-2026,40249128,4572
May-2026,40228315,4570
May-2026,40236690,4570
May-2026,40220756,4569
May-2026,40229858,4569
May-2026,40248027,4569
May-2026,40229444,4567
May-2026,40234100,4566
May-2026,40231205,4561
May-2026,40239445,4561
May-2026,40232692,4557
May-2026,40227780,4554
May-2026,40230008,4552
May-2026,40232459,4551
May-2026,40226384,4547
May-2026,40221661,4546
May-2026,40253928,4545
May-2026,40250521,4543
May-2026,40228168,4542
May-2026,40241788,4542
May-2026,40242962,4541
May-2026,40237853,4538
May-2026,40252669,4538
May-2026,40257061,4530
May-2026,40231701,4528
May-2026,40239258,4527
May-2026,40223375,4526
May-2026,40216756,4524
May-2026,40232898,4524
May-2026,40241408,4523
May-2026,40228752,4522
May-2026,40245278,4522
May-2026,40254518,4521
May-2026,40222548,4520
May-2026,30000525,4519
May-2026,40225376,4519
May-2026,40243000,4519
May-2026,40255084,4519
May-2026,40237411,4517
May-2026,40237966,4517
May-2026,40243956,4516
May-2026,40253300,4514
May-2026,40255156,4513
May-2026,40228410,4512
May-2026,40241481,4511
May-2026,40228499,4508
May-2026,40253622,4508
May-2026,40227816,4507
May-2026,40240640,4507
May-2026,40255611,4504
May-2026,40229252,4503
May-2026,40236809,4502
May-2026,40253337,4502
May-2026,40237245,4500
May-2026,40218561,4496
May-2026,40230986,4490
May-2026,40231454,4490
May-2026,40219282,4487
May-2026,40230875,4486
May-2026,40256538,4486
May-2026,40226938,4485
May-2026,40233771,4482
May-2026,40230437,4479
May-2026,40221845,4478
May-2026,40226125,4478
May-2026,40226434,4476
May-2026,40230953,4473
May-2026,40244742,4473
May-2026,40245971,4471
May-2026,40251223,4471
May-2026,40223777,4468
May-2026,40226271,4468
May-2026,40235538,4467
May-2026,40242890,4467
May-2026,40252337,4467
May-2026,40247485,4466
May-2026,40252140,4466
May-2026,40243793,4465
May-2026,40226283,4464
May-2026,40249949,4463
May-2026,40226742,4462
May-2026,40226594,4459
May-2026,40229315,4455
May-2026,40253675,4453
May-2026,40227708,4452
May-2026,40229037,4450
May-2026,40248932,4449
May-2026,40256398,4441
May-2026,40226715,4440
May-2026,40228709,4436
May-2026,40222469,4434
May-2026,40238387,4434
May-2026,40225626,4433
May-2026,40250888,4433
May-2026,40225312,4432
May-2026,40252144,4432
May-2026,40242662,4430
May-2026,40231996,4429
May-2026,40244701,4429
May-2026,40248926,4428
May-2026,40254981,4428
May-2026,40224857,4425
May-2026,40225793,4425
May-2026,40221156,4424
May-2026,40223767,4424
May-2026,40236475,4421
May-2026,40241369,4420
May-2026,40253287,4420
May-2026,23462073,4418
May-2026,40233786,4416
May-2026,40235587,4416
May-2026,40238297,4416
May-2026,40254601,4416
May-2026,40235020,4415
May-2026,40251564,4411
May-2026,40227003,4409
May-2026,40256841,4409
May-2026,40245234,4407
May-2026,40234301,4406
May-2026,40245752,4404
May-2026,40230362,4402
May-2026,40229331,4401
May-2026,40238577,4401
May-2026,40233727,4398
May-2026,40247929,4398
May-2026,40235678,4397
May-2026,40247689,4396
May-2026,40225910,4393
May-2026,40244618,4390
May-2026,40228062,4389
May-2026,40256802,4389
May-2026,40231261,4388
May-2026,40237942,4388
May-2026,40237469,4387
May-2026,40235308,4386
May-2026,40237364,4386
May-2026,40253044,4384
May-2026,40244483,4383
May-2026,40227549,4382
May-2026,40229497,4382
May-2026,40252759,4381
May-2026,40238745,4379
May-2026,40249411,4379
May-2026,40229178,4376
May-2026,40239450,4376
May-2026,40254572,4376
May-2026,40238634,4374
May-2026,40241870,4373
May-2026,40245194,4371
May-2026,40245935,4371
May-2026,40252823,4370
May-2026,40231162,4368
May-2026,40235722,4366
May-2026,40249055,4366
May-2026,40228625,4365
May-2026,40231557,4364
May-2026,40245893,4362
May-2026,40234019,4359
May-2026,40235230,4359
May-2026,40243599,4359
May-2026,40255242,4359
May-2026,40256174,4359
May-2026,40223500,4357
May-2026,30000523,4356
May-2026,40242653,4355
May-2026,40257210,4355
May-2026,40245678,4353
May-2026,40234156,4350
May-2026,40227970,4349
May-2026,40239068,4349
May-2026,40225067,4348
May-2026,40230915,4346
May-2026,40256185,4346
May-2026,40237735,4345
May-2026,40247707,4344
May-2026,40248231,4344
May-2026,40235378,4343
May-2026,40237898,4342
May-2026,40231367,4339
May-2026,40248831,4339
May-2026,40230687,4338
May-2026,40230625,4337
May-2026,40250269,4332
May-2026,40224598,4329
May-2026,40237103,4326
May-2026,40244197,4325
May-2026,40233455,4324
May-2026,40247361,4320
May-2026,40257163,4319
May-2026,40233905,4318
May-2026,40240714,4315
May-2026,40230731,4314
May-2026,40235438,4313
May-2026,40243427,4312
May-2026,40238136,4310
May-2026,40223182,4308
May-2026,40242078,4307
May-2026,40229914,4302
May-2026,40239518,4301
May-2026,40218325,4299
May-2026,40251054,4298
May-2026,40237142,4294
May-2026,40253803,4292
May-2026,40227676,4290
May-2026,40227420,4287
May-2026,40226823,4284
May-2026,40250110,4284
May-2026,40242513,4283
May-2026,40223603,4282
May-2026,40232355,4280
May-2026,40242439,4280
May-2026,40239611,4278
May-2026,40249704,4278
May-2026,40228897,4277
May-2026,40232005,4276
May-2026,40254934,4274
May-2026,40232429,4273
May-2026,40254692,4273
May-2026,40255499,4273
May-2026,40242880,4272
May-2026,40229605,4270
May-2026,40238277,4267
May-2026,40221153,4266
May-2026,40228799,4266
May-2026,40245085,4266
May-2026,40255404,4266
May-2026,40257435,4266
May-2026,40222089,4264
May-2026,40229467,4264
May-2026,40235006,4258
May-2026,40225432,4256
May-2026,40249954,4256
May-2026,40240552,4250
May-2026,40244968,4250
May-2026,40246148,4246
May-2026,40231269,4245
May-2026,40251207,4240
May-2026,40231689,4239
May-2026,40242675,4239
May-2026,40255174,4238
May-2026,40253820,4235
May-2026,40255998,4235
May-2026,40241061,4234
May-2026,40221483,4233
May-2026,40254522,4232
May-2026,40224659,4230
May-2026,40242342,4229
May-2026,40254729,4228
May-2026,40256008,4227
May-2026,40242624,4225
May-2026,40254442,4225
May-2026,40244044,4224
May-2026,40234573,4223
May-2026,40247516,4221
May-2026,40242538,4220
May-2026,40244886,4220
May-2026,40255399,4220
May-2026,40233572,4219
May-2026,40240703,4219
May-2026,40230080,4218
May-2026,40241125,4217
May-2026,40236099,4216
May-2026,40254636,4216
May-2026,40256421,4216
May-2026,40254119,4214
May-2026,40244351,4212
May-2026,40247599,4209
May-2026,40223717,4207
May-2026,40233239,4205
May-2026,40253927,4205
May-2026,40229694,4203
May-2026,40239263,4202
May-2026,40244927,4198
May-2026,40229183,4197
May-2026,40246018,4194
May-2026,40238474,4192
May-2026,40243768,4191
May-2026,40239361,4190
May-2026,40234421,4189
May-2026,40251492,4187
May-2026,40242715,4186
May-2026,40243211,4186
May-2026,40225644,4185
May-2026,40233642,4185
May-2026,40234222,4185
May-2026,40231203,4183
May-2026,40243686,4183
May-2026,40228033,4180
May-2026,40254110,4180
May-2026,40244403,4177
May-2026,40229578,4175
May-2026,40226075,4173
May-2026,40236810,4172
May-2026,40238856,4172
May-2026,40251340,4167
May-2026,40253267,4167
May-2026,40254328,4167
May-2026,40226930,4166
May-2026,40229396,4165
May-2026,40236249,4164
May-2026,40253792,4164
May-2026,40255619,4163
May-2026,40252569,4158
May-2026,40242541,4157
May-2026,40226394,4154
May-2026,40230431,4153
May-2026,40257010,4152
May-2026,40230015,4151
May-2026,40256779,4144
May-2026,40227866,4143
May-2026,40243583,4143
May-2026,40228266,4142
May-2026,40234024,4142
May-2026,40242203,4138
May-2026,40224839,4137
May-2026,40253682,4137
May-2026,40230082,4136
May-2026,40227837,4133
May-2026,40230923,4132
May-2026,40229014,4130
May-2026,40224799,4129
May-2026,40231272,4129
May-2026,40241601,4129
May-2026,40243935,4126
May-2026,40247296,4126
May-2026,40243481,4124
May-2026,40233661,4123
May-2026,40238768,4123
May-2026,40235868,4122
May-2026,40251602,4122
May-2026,40228297,4119
May-2026,40247630,4117
May-2026,40225394,4115
May-2026,40225108,4114
May-2026,40229204,4114
May-2026,40254481,4114
May-2026,40233316,4113
May-2026,40253311,4113
May-2026,40222681,4112
May-2026,40228531,4110
May-2026,40246074,4110
May-2026,40216084,4109
May-2026,30000507,4107
May-2026,40222477,4107
May-2026,40224564,4107
May-2026,40234216,4104
May-2026,40237934,4104
May-2026,40226657,4103
May-2026,40241865,4103
May-2026,40252306,4099
May-2026,40222948,4097
May-2026,40223843,4097
May-2026,40235595,4095
May-2026,40255889,4095
May-2026,40238338,4093
May-2026,40253756,4093
May-2026,40256746,4093
May-2026,40221288,4092
May-2026,40224231,4088
May-2026,40224803,4088
May-2026,40242580,4083
May-2026,40228338,4080
May-2026,40252025,4079
May-2026,40229894,4075
May-2026,40237359,4075
May-2026,40223642,4073
May-2026,40242598,4072
May-2026,40235082,4071
May-2026,40247905,4070
May-2026,40254166,4070
May-2026,40231164,4069
May-2026,40234422,4066
May-2026,40227513,4063
May-2026,40242183,4063
May-2026,40255931,4063
May-2026,40227170,4062
May-2026,40229296,4062
May-2026,40245938,4062
May-2026,40238044,4061
May-2026,40243954,4061
May-2026,40245598,4061
May-2026,40237729,4060
May-2026,40257313,4058
May-2026,40257570,4056
May-2026,40224254,4055
May-2026,40236825,4055
May-2026,40240167,4055
May-2026,40250217,4053
May-2026,40251188,4051
May-2026,40209265,4050
May-2026,40231621,4050
May-2026,40237541,4050
May-2026,40232791,4047
May-2026,40244433,4046
May-2026,40228102,4045
May-2026,40256300,4045
May-2026,40230707,4041
May-2026,40258097,4041
May-2026,40223116,4040
May-2026,40241610,4039
May-2026,40228819,4038
May-2026,40232178,4038
May-2026,40236178,4038
May-2026,40238007,4038
May-2026,40234344,4031
May-2026,40251372,4028
May-2026,40256647,4028
May-2026,40220627,4026
May-2026,40247057,4023
May-2026,40230517,4022
May-2026,40244049,4022
May-2026,40243405,4021
May-2026,40245116,4021
May-2026,40253484,4021
May-2026,40254890,4021
May-2026,40226862,4018
May-2026,40245420,4017
May-2026,40231569,4015
May-2026,22971675,4013
May-2026,40229729,4013
May-2026,30000537,4011
May-2026,40227280,4009
May-2026,40248672,4009
May-2026,40226365,4006
May-2026,40228877,4006
May-2026,40254485,4006
May-2026,40217312,4005
May-2026,40236479,4004
May-2026,40256459,4003
May-2026,40255501,4000
May-2026,40236682,3997
May-2026,40229888,3996
May-2026,40241209,3995
May-2026,40247792,3993
May-2026,40231195,3990
May-2026,40244032,3988
May-2026,40238032,3987
May-2026,40253377,3987
May-2026,40248761,3985
May-2026,40226281,3980
May-2026,40250771,3980
May-2026,40227470,3979
May-2026,40232776,3979
May-2026,40233952,3979
May-2026,40245650,3979
May-2026,40253984,3978
May-2026,40256751,3978
May-2026,40225215,3976
May-2026,40247740,3975
May-2026,40244823,3969
May-2026,40231790,3967
May-2026,40228394,3966
May-2026,40233056,3965
May-2026,40250044,3963
May-2026,40227533,3962
May-2026,40252330,3961
May-2026,40232380,3959
May-2026,40241350,3958
May-2026,40254773,3958
May-2026,40238798,3957
May-2026,40229731,3955
May-2026,40238467,3955
May-2026,40235577,3951
May-2026,40239649,3950
May-2026,40224647,3949
May-2026,40257881,3949
May-2026,40226371,3948
May-2026,40223594,3946
May-2026,40223752,3940
May-2026,40252078,3940
May-2026,40245990,3938
May-2026,40256886,3937
May-2026,40254232,3935
May-2026,40237608,3934
May-2026,40225897,3932
May-2026,40232736,3932
May-2026,40257115,3932
May-2026,40228202,3926
May-2026,40238606,3925
May-2026,40242997,3923
May-2026,40255822,3923
May-2026,40244245,3921
May-2026,40233778,3919
May-2026,40247821,3919
May-2026,40249943,3918
May-2026,40220458,3917
May-2026,40223988,3917
May-2026,40249019,3917
May-2026,40216615,3916
May-2026,40227617,3915
May-2026,30000538,3914
May-2026,40246918,3913
May-2026,40235013,3911
May-2026,40240635,3908
May-2026,40242814,3906
May-2026,40246725,3905
May-2026,40229036,3904
May-2026,40247675,3903
May-2026,40244274,3902
May-2026,40248889,3900
May-2026,40249804,3900
May-2026,40227553,3899
May-2026,40251314,3899
May-2026,40232844,3895
May-2026,40237060,3894
May-2026,40240096,3893
May-2026,40250730,3892
May-2026,40223823,3890
May-2026,40244234,3890
May-2026,40236292,3888
May-2026,40240097,3888
May-2026,40242752,3888
May-2026,40242809,3887
May-2026,40232829,3886
May-2026,40248954,3884
May-2026,40250416,3882
May-2026,40216631,3879
May-2026,40243898,3878
May-2026,40236003,3877
May-2026,40253735,3877
May-2026,40242187,3874
May-2026,40247323,3874
May-2026,40229686,3872
May-2026,40236033,3868
May-2026,40242434,3867
May-2026,40253934,3865
May-2026,40225118,3864
May-2026,40239936,3863
May-2026,40227739,3862
May-2026,40251968,3859
May-2026,40243602,3858
May-2026,40234339,3857
May-2026,40226349,3856
May-2026,40237058,3856
May-2026,40239715,3855
May-2026,40226385,3854
May-2026,40237761,3853
May-2026,40254982,3853
May-2026,40244430,3852
May-2026,40248238,3852
May-2026,40224302,3850
May-2026,40235410,3850
May-2026,40256966,3850
May-2026,40236536,3849
May-2026,40225534,3847
May-2026,40226502,3847
May-2026,40240101,3847
May-2026,40222823,3846
May-2026,40223646,3846
May-2026,40225873,3845
May-2026,40245610,3845
May-2026,40229042,3842
May-2026,40232641,3842
May-2026,40237647,3842
May-2026,40253586,3842
May-2026,40238557,3841
May-2026,40236647,3839
May-2026,40241052,3839
May-2026,40252656,3836
May-2026,40254067,3834
May-2026,40256773,3834
May-2026,40249472,3832
May-2026,40251481,3831
May-2026,40245395,3827
May-2026,40248909,3827
May-2026,40242847,3826
May-2026,40257940,3826
May-2026,40246017,3825
May-2026,40225451,3824
May-2026,40243356,3823
May-2026,40226382,3822
May-2026,40226755,3821
May-2026,40232450,3821
May-2026,40239810,3818
May-2026,40239864,3813
May-2026,40235589,3812
May-2026,40237705,3811
May-2026,40241850,3811
May-2026,40246156,3810
May-2026,40250474,3810
May-2026,40226752,3809
May-2026,40257103,3809
May-2026,40243701,3803
May-2026,40245182,3801
May-2026,40228578,3796
May-2026,40236320,3796
May-2026,40247622,3796
May-2026,40233415,3793
May-2026,40256554,3793
May-2026,40246498,3790
May-2026,40244851,3789
May-2026,40242614,3788
May-2026,40255821,3788
May-2026,40243253,3787
May-2026,40245829,3785
May-2026,40247508,3785
May-2026,40225888,3784
May-2026,40231488,3783
May-2026,40239453,3783
May-2026,40240549,3782
May-2026,40241786,3781
May-2026,40231559,3780
May-2026,40231582,3779
May-2026,40249832,3779
May-2026,40239683,3778
May-2026,40253490,3778
May-2026,40238505,3777
May-2026,40257719,3776
May-2026,40249138,3774
May-2026,40231534,3773
May-2026,40256057,3773
May-2026,40235913,3771
May-2026,40241652,3770
May-2026,40221816,3769
May-2026,40227796,3768
May-2026,40242308,3768
May-2026,40249009,3768
May-2026,40232218,3765
May-2026,40238553,3765
May-2026,30000545,3764
May-2026,40233939,3764
May-2026,40255787,3764
May-2026,40221358,3762
May-2026,40248794,3759
May-2026,40226790,3757
May-2026,40232740,3755
May-2026,40227564,3753
May-2026,40244425,3753
May-2026,40231243,3750
May-2026,40236285,3750
May-2026,40252261,3750
May-2026,40243753,3749
May-2026,40235225,3745
May-2026,40231445,3744
May-2026,40238444,3743
May-2026,40237158,3741
May-2026,40257156,3741
May-2026,40243658,3739
May-2026,40241761,3738
May-2026,40247295,3738
May-2026,40244412,3736
May-2026,40246596,3731
May-2026,40250395,3731
May-2026,40222123,3730
May-2026,40258377,3730
May-2026,40224021,3727
May-2026,40234003,3727
May-2026,40241543,3727
May-2026,40247575,3726
May-2026,40252795,3726
May-2026,40236902,3724
May-2026,40235706,3723
May-2026,40255251,3722
May-2026,40237385,3720
May-2026,40242889,3720
May-2026,40250895,3720
May-2026,40224243,3717
May-2026,40239075,3714
May-2026,40242899,3713
May-2026,40255200,3713
May-2026,40245347,3712
May-2026,40255988,3712
May-2026,40237354,3710
May-2026,40241956,3709
May-2026,40238357,3706
May-2026,40240718,3706
May-2026,40237054,3703
May-2026,40245889,3702
May-2026,40232172,3701
May-2026,40217195,3698
May-2026,40225149,3698
May-2026,40253038,3698
May-2026,40256261,3698
May-2026,40244196,3697
May-2026,40256766,3689
May-2026,40239981,3687
May-2026,40227741,3685
May-2026,40242705,3685
May-2026,40223687,3683
May-2026,40235961,3683
May-2026,40234318,3682
May-2026,40249320,3682
May-2026,40253400,3682
May-2026,40243551,3681
May-2026,40254313,3680
May-2026,40257554,3680
May-2026,40250385,3678
May-2026,40226560,3677
May-2026,40245800,3676
May-2026,40230786,3675
May-2026,40252079,3675
May-2026,40247279,3674
May-2026,40227725,3673
May-2026,40231953,3668
May-2026,40235995,3664
May-2026,40243457,3664
May-2026,40242195,3661
May-2026,40226684,3660
May-2026,40236220,3660
May-2026,40224583,3659
May-2026,40232343,3656
May-2026,40242934,3654
May-2026,40254914,3654
May-2026,40245541,3653
May-2026,40251417,3653
May-2026,40227592,3652
May-2026,40243433,3652
May-2026,40227220,3651
May-2026,40240088,3650
May-2026,40256208,3650
May-2026,40228040,3649
May-2026,40228564,3647
May-2026,40255027,3647
May-2026,40237422,3646
May-2026,40249331,3646
May-2026,40251700,3646
May-2026,40239354,3644
May-2026,40245529,3644
May-2026,40221426,3642
May-2026,40242004,3639
May-2026,40253028,3637
May-2026,40242072,3635
May-2026,40249475,3635
May-2026,40227597,3628
May-2026,40246352,3628
May-2026,40248757,3625
May-2026,40256360,3625
May-2026,40226525,3624
May-2026,40226167,3623
May-2026,40246555,3623
May-2026,40237131,3620
May-2026,40250631,3620
May-2026,40241827,3616
May-2026,40242499,3616
May-2026,40239837,3615
May-2026,40224425,3614
May-2026,40231316,3614
May-2026,40248988,3613
May-2026,40237639,3608
May-2026,40244341,3606
May-2026,40231691,3605
May-2026,40247102,3604
May-2026,40245535,3602
May-2026,40223665,3596
May-2026,40238421,3596
May-2026,40237638,3595
May-2026,40234021,3593
May-2026,40223226,3592
May-2026,40242256,3592
May-2026,40253269,3591
May-2026,40233606,3590
May-2026,40252233,3590
May-2026,40233189,3587
May-2026,40254964,3586
May-2026,40226513,3584
May-2026,40236344,3584
May-2026,40252921,3584
May-2026,40236396,3583
May-2026,40240975,3583
May-2026,40243256,3583
May-2026,40256083,3580
May-2026,40224673,3578
May-2026,40257573,3576
May-2026,40244570,3575
May-2026,40232632,3572
May-2026,40250914,3572
May-2026,40256242,3572
May-2026,40229198,3571
May-2026,40243857,3571
May-2026,40244009,3571
May-2026,40251714,3571
May-2026,40220177,3570
May-2026,40236972,3570
May-2026,40240189,3569
May-2026,40237549,3568
May-2026,40235653,3567
May-2026,40241134,3567
May-2026,40225262,3565
May-2026,40251465,3563
May-2026,40223929,3562
May-2026,40232708,3562
May-2026,40254390,3562
May-2026,40242540,3560
May-2026,40252441,3560
May-2026,40145137,3559
May-2026,40234859,3559
May-2026,40250961,3559
May-2026,40257234,3559
May-2026,40236723,3558
May-2026,40236514,3557
May-2026,40232821,3556
May-2026,40256543,3556
May-2026,40238683,3554
May-2026,40257807,3554
May-2026,40227402,3552
May-2026,40241409,3552
May-2026,40247377,3552
May-2026,40237282,3551
May-2026,40240468,3550
May-2026,40228235,3548
May-2026,40248342,3547
May-2026,40245211,3546
May-2026,40227966,3545
May-2026,40235087,3544
May-2026,40242219,3544
May-2026,40256471,3544
May-2026,40230311,3542
May-2026,40247728,3542
May-2026,40227758,3541
May-2026,40254184,3539
May-2026,40227084,3538
May-2026,40230266,3538
May-2026,40229202,3535
May-2026,40229703,3534
May-2026,40254185,3534
May-2026,40240155,3530
May-2026,40240722,3530
May-2026,40230462,3529
May-2026,40238970,3529
May-2026,40231838,3528
May-2026,40233688,3528
May-2026,40236128,3528
May-2026,40242630,3526
May-2026,40223868,3525
May-2026,40228071,3524
May-2026,40250240,3524
May-2026,40232591,3523
May-2026,40253780,3519
May-2026,40223894,3517
May-2026,40228167,3517
May-2026,40234338,3517
May-2026,40241664,3517
May-2026,40247021,3517
May-2026,40227019,3516
May-2026,40255071,3515
May-2026,40254643,3509
May-2026,40227633,3507
May-2026,40252098,3507
May-2026,40229043,3506
May-2026,40252571,3506
May-2026,30000526,3505
May-2026,40224090,3505
May-2026,40238976,3503
May-2026,40248045,3503
May-2026,40225442,3502
May-2026,40223039,3501
May-2026,40223448,3501
May-2026,40225917,3501
May-2026,30000561,3500
May-2026,40231892,3498
May-2026,40236367,3498
May-2026,40252604,3497
May-2026,40223703,3496
May-2026,40252757,3496
May-2026,40249985,3495
May-2026,40225862,3493
May-2026,40239500,3493
May-2026,40251218,3491
May-2026,40226754,3490
May-2026,40234377,3487
May-2026,40240637,3487
May-2026,40242992,3487
May-2026,40255805,3486
May-2026,40256570,3486
May-2026,40249758,3484
May-2026,40237441,3483
May-2026,40238346,3483
May-2026,40252141,3483
May-2026,40246035,3480
May-2026,40254125,3480
May-2026,40227249,3479
May-2026,40229156,3477
May-2026,40239485,3476
May-2026,40243781,3476
May-2026,40226962,3474
May-2026,40252000,3474
May-2026,40256207,3474
May-2026,40228945,3473
May-2026,40225638,3471
May-2026,40252478,3471
May-2026,40229766,3470
May-2026,30000520,3469
May-2026,40234581,3469
May-2026,40251288,3469
May-2026,40224454,3468
May-2026,40229996,3468
May-2026,40225838,3466
May-2026,40252303,3466
May-2026,40238077,3464
May-2026,40226304,3463
May-2026,40237747,3462
May-2026,40245654,3462
May-2026,40254951,3462
May-2026,40235235,3459
May-2026,40224025,3458
May-2026,40219533,3457
May-2026,40221630,3457
May-2026,40239178,3457
May-2026,40244298,3457
May-2026,40252126,3455
May-2026,40222445,3454
May-2026,40243748,3454
May-2026,40218094,3453
May-2026,40239228,3453
May-2026,40240866,3453
May-2026,40247704,3453
May-2026,40240424,3451
May-2026,40225420,3447
May-2026,40227949,3447
May-2026,40227462,3443
May-2026,40230314,3442
May-2026,40239366,3442
May-2026,40248740,3440
May-2026,40230451,3439
May-2026,40234018,3439
May-2026,40237087,3439
May-2026,40254417,3438
May-2026,40230130,3437
May-2026,40248430,3437
May-2026,40243709,3431
May-2026,40236234,3429
May-2026,40239176,3428
May-2026,40245073,3428
May-2026,40255756,3426
May-2026,40256456,3426
May-2026,40228392,3425
May-2026,40248012,3424
May-2026,40255895,3424
May-2026,40237924,3423
May-2026,40244627,3423
May-2026,30000499,3422
May-2026,40256778,3422
May-2026,40234107,3421
May-2026,40251099,3421
May-2026,40232335,3420
May-2026,40231825,3419
May-2026,40256939,3418
May-2026,40252201,3416
May-2026,40253769,3415
May-2026,40239433,3414
May-2026,40257417,3412
May-2026,40229377,3409
May-2026,40246868,3408
May-2026,40235261,3406
May-2026,40224483,3403
May-2026,40237943,3403
May-2026,40225751,3401
May-2026,40226362,3401
May-2026,40236111,3399
May-2026,40250015,3399
May-2026,40234343,3397
May-2026,40238654,3396
May-2026,40223785,3394
May-2026,40225251,3394
May-2026,40232345,3394
May-2026,40242621,3394
May-2026,40256111,3394
May-2026,40239078,3392
May-2026,40243722,3392
May-2026,40219373,3391
May-2026,40257037,3389
May-2026,40226419,3388
May-2026,40236661,3388
May-2026,30000529,3387
May-2026,30000548,3386
May-2026,40220296,3384
May-2026,40242689,3384
May-2026,40243579,3383
May-2026,40248614,3383
May-2026,40229319,3381
May-2026,40231194,3381
May-2026,40252047,3380
May-2026,40249783,3379
May-2026,40237690,3378
May-2026,40247624,3378
May-2026,40235926,3377
May-2026,40240772,3377
May-2026,40246801,3377
May-2026,40254995,3377
May-2026,40248960,3376
May-2026,40253730,3376
May-2026,40249889,3375
May-2026,40251230,3375
May-2026,40235357,3374
May-2026,40232140,3373
May-2026,23485893,3372
May-2026,40228089,3372
May-2026,40228618,3372
May-2026,40226400,3371
May-2026,40244678,3371
May-2026,40233197,3370
May-2026,40250910,3370
May-2026,40235496,3369
May-2026,40251981,3368
May-2026,40230510,3367
May-2026,40247598,3367
May-2026,40232622,3366
May-2026,40226935,3365
May-2026,40227140,3363
May-2026,40240955,3361
May-2026,40224828,3360
May-2026,40227408,3360
May-2026,40229217,3359
May-2026,40244862,3359
May-2026,40257645,3358
May-2026,40229095,3357
May-2026,40223768,3355
May-2026,40220475,3354
May-2026,40244376,3354
May-2026,40258030,3354
May-2026,40236734,3353
May-2026,40233425,3352
May-2026,40235849,3352
May-2026,40240475,3351
May-2026,40227056,3350
May-2026,40235105,3350
May-2026,40232631,3349
May-2026,40231829,3348
May-2026,40229534,3347
May-2026,40234505,3347
May-2026,40237490,3347
May-2026,40247331,3347
May-2026,40238220,3344
May-2026,40236391,3341
May-2026,40252572,3341
May-2026,40252333,3340
May-2026,40230277,3339
May-2026,40257696,3338
May-2026,40225900,3335
May-2026,40251895,3333
May-2026,40250069,3331
May-2026,40226604,3330
May-2026,40248251,3330
May-2026,40226377,3329
May-2026,40236899,3329
May-2026,40249656,3329
May-2026,40225896,3328
May-2026,40257149,3326
May-2026,40255008,3325
May-2026,40242366,3324
May-2026,40256039,3323
May-2026,40237603,3322
May-2026,40229105,3321
May-2026,40252026,3320
May-2026,40223782,3318
May-2026,40255970,3317
May-2026,40235972,3316
May-2026,40247037,3316
May-2026,40227863,3314
May-2026,40249471,3312
May-2026,40222776,3311
May-2026,40231770,3311
May-2026,40251503,3311
May-2026,40224106,3310
May-2026,40243367,3310
May-2026,40239789,3309
May-2026,40249660,3309
May-2026,40236487,3308
May-2026,40238915,3307
May-2026,40247521,3307
May-2026,40257407,3305
May-2026,40230083,3303
May-2026,40228433,3299
May-2026,40240406,3298
May-2026,40256623,3297
May-2026,40227207,3296
May-2026,40232417,3296
May-2026,40239305,3294
May-2026,40247949,3294
May-2026,40243056,3292
May-2026,40235894,3290
May-2026,40236505,3288
May-2026,40242375,3288
May-2026,40252182,3288
May-2026,40238585,3287
May-2026,40230325,3286
May-2026,40246924,3285
May-2026,40255018,3283
May-2026,40254409,3282
May-2026,40226955,3281
May-2026,40251774,3281
May-2026,40232244,3279
May-2026,40238734,3276
May-2026,40252810,3276
May-2026,40244606,3275
May-2026,40231794,3273
May-2026,40230509,3272
May-2026,40244842,3270
May-2026,40240767,3269
May-2026,40228214,3266
May-2026,40246943,3264
May-2026,40230900,3260
May-2026,40240818,3259
May-2026,40252552,3259
May-2026,40237733,3258
May-2026,40242768,3258
May-2026,40244231,3257
May-2026,40256497,3256
May-2026,40234897,3253
May-2026,40255419,3253
May-2026,40232623,3252
May-2026,40251012,3252
May-2026,40241932,3251
May-2026,40229546,3250
May-2026,40241939,3250
May-2026,40222482,3249
May-2026,40228403,3249
May-2026,40233040,3249
May-2026,40221278,3248
May-2026,40224531,3248
May-2026,40231475,3248
May-2026,40241084,3248
May-2026,40248026,3248
May-2026,40249051,3245
May-2026,40254497,3244
May-2026,40254363,3243
May-2026,40224836,3242
May-2026,40229293,3242
May-2026,40240480,3240
May-2026,40232058,3237
May-2026,40226313,3236
May-2026,40226069,3235
May-2026,40240079,3235
May-2026,40230454,3233
May-2026,40231895,3233
May-2026,40241257,3233
May-2026,40224945,3232
May-2026,40231949,3231
May-2026,40238593,3231
May-2026,40238270,3229
May-2026,40249755,3229
May-2026,40239911,3225
May-2026,40234228,3224
May-2026,40234641,3224
May-2026,40241284,3224
May-2026,40238933,3223
May-2026,40239872,3223
May-2026,40229734,3220
May-2026,40223901,3219
May-2026,40237457,3218
May-2026,40254586,3217
May-2026,40225744,3215
May-2026,40224009,3211
May-2026,40243388,3211
May-2026,40233853,3210
May-2026,40257065,3210
May-2026,40247863,3208
May-2026,40222887,3207
May-2026,40229676,3207
May-2026,40257771,3207
May-2026,40237932,3204
May-2026,40244401,3204
May-2026,40221127,3201
May-2026,40242467,3200
May-2026,40255160,3200
May-2026,40255205,3200
May-2026,40245396,3198
May-2026,40253895,3198
May-2026,40243443,3197
May-2026,40224574,3196
May-2026,40256447,3195
May-2026,40224045,3194
May-2026,40246016,3193
May-2026,40253652,3193
May-2026,40229234,3191
May-2026,40232950,3191
May-2026,40235834,3191
May-2026,40240910,3190
May-2026,40229863,3189
May-2026,40237171,3189
May-2026,40230292,3188
May-2026,40245087,3188
May-2026,40220777,3187
May-2026,40231983,3187
May-2026,40253046,3187
May-2026,30000544,3186
May-2026,40222048,3186
May-2026,40235977,3182
May-2026,40249461,3182
May-2026,40225705,3181
May-2026,40231480,3180
May-2026,40247082,3180
May-2026,40247290,3179
May-2026,40247443,3179
May-2026,40253753,3177
May-2026,40233395,3176
May-2026,40233538,3173
May-2026,40245217,3170
May-2026,40245790,3170
May-2026,40231796,3169
May-2026,40234621,3169
May-2026,40230261,3166
May-2026,40254834,3165
May-2026,40225361,3164
May-2026,40250764,3163
May-2026,40233096,3161
May-2026,40240938,3161
May-2026,40254312,3161
May-2026,40252815,3160
May-2026,40230285,3159
May-2026,40237770,3159
May-2026,40226582,3156
May-2026,40226332,3155
May-2026,40231420,3153
May-2026,40243306,3153
May-2026,40242442,3150
May-2026,40255876,3150
May-2026,40237038,3149
May-2026,40237598,3148
May-2026,40255653,3148
May-2026,40216564,3146
May-2026,40227388,3146
May-2026,40225156,3145
May-2026,40257848,3145
May-2026,40253150,3143
May-2026,40235439,3142
May-2026,40232226,3141
May-2026,40245349,3141
May-2026,40234741,3140
May-2026,40229943,3138
May-2026,40230697,3138
May-2026,40244645,3137
May-2026,40251601,3137
May-2026,40247849,3136
May-2026,40224381,3135
May-2026,40240735,3135
May-2026,40222913,3132
May-2026,40234314,3131
May-2026,40250074,3131
May-2026,40219960,3129
May-2026,40249404,3129
May-2026,40238509,3128
May-2026,40251801,3127
May-2026,40234807,3126
May-2026,40222351,3124
May-2026,40237908,3124
May-2026,40245120,3123
May-2026,40247845,3123
May-2026,40248075,3121
May-2026,40223060,3120
May-2026,40247715,3119
May-2026,40226672,3118
May-2026,40257878,3118
May-2026,40226966,3117
May-2026,40232364,3114
May-2026,40241282,3112
May-2026,40251708,3112
May-2026,40226740,3110
May-2026,40235197,3110
May-2026,40237350,3109
May-2026,40247570,3109
May-2026,40232488,3108
May-2026,40251394,3108
May-2026,40224193,3107
May-2026,40248004,3107
May-2026,30000542,3106
May-2026,40230552,3105
May-2026,40237299,3105
May-2026,40249996,3103
May-2026,40256195,3101
May-2026,40241181,3098
May-2026,40252045,3098
May-2026,40234117,3097
May-2026,40253581,3097
May-2026,40231082,3095
May-2026,40251346,3094
May-2026,40256986,3093
May-2026,40256288,3091
May-2026,40224798,3089
May-2026,40255646,3087
May-2026,40235670,3086
May-2026,40235763,3085
May-2026,40235327,3084
May-2026,40246715,3082
May-2026,40237183,3078
May-2026,40250432,3078
May-2026,40252841,3077
May-2026,40230420,3076
May-2026,40242928,3076
May-2026,40255190,3076
May-2026,40229447,3075
May-2026,40227267,3073
May-2026,40227193,3072
May-2026,40223476,3069
May-2026,40227096,3069
May-2026,40231418,3069
May-2026,40244957,3068
May-2026,40240804,3066
May-2026,40244666,3064
May-2026,40256335,3063
May-2026,40222956,3061
May-2026,40254580,3060
May-2026,40220190,3057
May-2026,40225485,3057
May-2026,40238950,3057
May-2026,40241286,3057
May-2026,40242599,3056
May-2026,40249753,3056
May-2026,40227024,3055
May-2026,40234728,3055
May-2026,40241440,3055
May-2026,40229756,3052
May-2026,40241792,3052
May-2026,40244829,3047
May-2026,40233101,3044
May-2026,40257622,3044
May-2026,40256205,3043
May-2026,40244732,3042
May-2026,40245113,3042
May-2026,40251932,3041
May-2026,40228548,3040
May-2026,40238736,3040
May-2026,40245872,3040
May-2026,40249766,3040
May-2026,40231604,3038
May-2026,40239014,3038
May-2026,40245399,3036
May-2026,40255896,3034
May-2026,40231956,3033
May-2026,40236020,3033
May-2026,40244126,3033
May-2026,40239793,3031
May-2026,40238787,3028
May-2026,40240943,3027
May-2026,40234354,3026
May-2026,40246772,3025
May-2026,40253635,3025
May-2026,40246154,3024
May-2026,40257951,3024
May-2026,40239118,3023
May-2026,40255429,3023
May-2026,40224987,3022
May-2026,40247286,3022
May-2026,40220412,3021
May-2026,40227770,3021
May-2026,40233896,3021
May-2026,40237884,3019
May-2026,40234837,3018
May-2026,40236745,3015
May-2026,40244290,3011
May-2026,40250594,3011
May-2026,40224888,3010
May-2026,40239465,3010
May-2026,22876263,3008
May-2026,40222627,3008
May-2026,40238166,3007
May-2026,40233582,3006
May-2026,40234196,3006
May-2026,40236289,3006
May-2026,40252811,3005
May-2026,40236546,3003
May-2026,40224621,3002
May-2026,40232796,3002
May-2026,40233034,3002
May-2026,40248560,3002
May-2026,40246432,3001
May-2026,40229954,2999
May-2026,40237118,2999
May-2026,40239446,2999
May-2026,40256790,2999
May-2026,40247134,2998
May-2026,40241816,2997
May-2026,40248901,2996
May-2026,40251821,2996
May-2026,40243851,2995
May-2026,40227530,2994
May-2026,40246135,2994
May-2026,40239742,2993
May-2026,40228675,2991
May-2026,40249811,2991
May-2026,40239190,2990
May-2026,40244221,2989
May-2026,40249129,2989
May-2026,40250394,2988
May-2026,40257673,2988
May-2026,40224907,2987
May-2026,40233261,2987
May-2026,40249282,2987
May-2026,40252872,2986
May-2026,40256219,2984
May-2026,40255030,2983
May-2026,40256655,2983
May-2026,40256834,2983
May-2026,40236410,2980
May-2026,40251447,2980
May-2026,40255003,2980
May-2026,30000522,2979
May-2026,40228572,2979
May-2026,40241585,2978
May-2026,40227565,2976
May-2026,40237765,2976
May-2026,40239942,2976
May-2026,40251468,2976
May-2026,40256146,2975
May-2026,40251203,2974
May-2026,40233795,2973
May-2026,40257208,2973
May-2026,40257626,2973
May-2026,40222102,2972
May-2026,40246130,2972
May-2026,40224669,2971
May-2026,40235675,2971
May-2026,40232033,2970
May-2026,40240150,2970
May-2026,40256212,2969
May-2026,40223879,2968
May-2026,40231306,2968
May-2026,40231887,2967
May-2026,40246001,2967
May-2026,40246863,2967
May-2026,40236313,2966
May-2026,40226512,2963
May-2026,40248175,2962
May-2026,40220222,2961
May-2026,40228375,2961
May-2026,40232374,2961
May-2026,40242136,2961
May-2026,40249980,2961
May-2026,40255708,2960
May-2026,40228549,2959
May-2026,40255004,2959
May-2026,40229854,2958
May-2026,40238307,2958
May-2026,40242012,2957
May-2026,40226042,2956
May-2026,40248457,2956
May-2026,40220971,2954
May-2026,40251973,2953
May-2026,40225704,2952
May-2026,40243922,2952
May-2026,40224726,2951
May-2026,40237795,2951
May-2026,40220557,2950
May-2026,40227921,2949
May-2026,40238185,2949
May-2026,40241552,2948
May-2026,40245899,2948
May-2026,40257811,2948
May-2026,40228246,2947
May-2026,40240814,2947
May-2026,40255326,2947
May-2026,40234507,2946
May-2026,40236163,2945
May-2026,40240133,2943
May-2026,40242954,2943
May-2026,40246909,2943
May-2026,40257209,2943
May-2026,40257506,2943
May-2026,40222944,2942
May-2026,40247825,2942
May-2026,40256609,2942
May-2026,40256704,2942
May-2026,40235924,2940
May-2026,40233250,2937
May-2026,40246341,2937
May-2026,40238917,2936
May-2026,40242423,2936
May-2026,40237532,2935
May-2026,40250272,2935
May-2026,40255629,2934
May-2026,40257773,2934
May-2026,40224426,2932
May-2026,40237605,2931
May-2026,30000511,2929
May-2026,40225959,2927
May-2026,40253060,2926
May-2026,40227959,2925
May-2026,40222915,2924
May-2026,23717595,2922
May-2026,40228690,2921
May-2026,40236529,2921
May-2026,40240221,2921
May-2026,40257647,2921
May-2026,40244961,2920
May-2026,40228527,2919
May-2026,40246563,2918
May-2026,40237981,2917
May-2026,40250844,2917
May-2026,40254740,2917
May-2026,40231896,2915
May-2026,40248423,2915
May-2026,40250968,2915
May-2026,40256942,2915
May-2026,40255585,2914
May-2026,40247257,2913
May-2026,40253348,2912
May-2026,40238930,2911
May-2026,40253190,2910
May-2026,40251414,2909
May-2026,40249131,2908
May-2026,40220757,2907
May-2026,40233028,2907
May-2026,40242832,2907
May-2026,40246784,2905
May-2026,40255478,2905
May-2026,40236239,2904
May-2026,40228319,2903
May-2026,40241312,2903
May-2026,40239560,2901
May-2026,40243216,2901
May-2026,40245418,2901
May-2026,40223707,2899
May-2026,40244071,2899
May-2026,40234033,2898
May-2026,40238244,2898
May-2026,40257669,2897
May-2026,40247446,2896
May-2026,40223891,2895
May-2026,40240129,2895
May-2026,40240131,2895
May-2026,40241234,2895
May-2026,40255284,2895
May-2026,40236598,2893
May-2026,40247723,2893
May-2026,40231705,2891
May-2026,40237948,2891
May-2026,40222340,2890
May-2026,40237695,2890
May-2026,40257075,2890
May-2026,40246638,2887
May-2026,40256425,2887
May-2026,40228844,2886
May-2026,40246583,2886
May-2026,40251149,2886
May-2026,40248521,2885
May-2026,40245302,2884
May-2026,40244183,2883
May-2026,40226704,2880
May-2026,40231060,2879
May-2026,40253653,2879
May-2026,40249641,2878
May-2026,40256978,2876
May-2026,40224133,2875
May-2026,40215409,2874
May-2026,40240661,2874
May-2026,40244362,2873
May-2026,40254309,2873
May-2026,40257190,2873
May-2026,40257686,2872
May-2026,40236679,2871
May-2026,40243732,2870
May-2026,40243369,2869
May-2026,40234256,2866
May-2026,40235165,2866
May-2026,40237176,2866
May-2026,40235547,2864
May-2026,40247512,2864
May-2026,40230274,2863
May-2026,40235461,2863
May-2026,40251397,2863
May-2026,40241633,2862
May-2026,40243665,2862
May-2026,40227424,2861
May-2026,40258300,2860
May-2026,40231299,2859
May-2026,40243395,2859
May-2026,40252448,2859
May-2026,40223892,2858
May-2026,40235591,2856
May-2026,40239684,2856
May-2026,40240657,2856
May-2026,40218802,2854
May-2026,40244048,2853
May-2026,40255394,2853
May-2026,40235141,2851
May-2026,40239004,2851
May-2026,40230801,2850
May-2026,40237280,2850
May-2026,40255166,2850
May-2026,40250503,2849
May-2026,40239185,2848
May-2026,40252570,2848
May-2026,40233042,2847
May-2026,40226961,2846
May-2026,40234090,2846
May-2026,40223585,2843
May-2026,40240449,2843
May-2026,40255402,2843
May-2026,40249106,2842
May-2026,40225847,2841
May-2026,40231740,2841
May-2026,40247313,2841
May-2026,40238395,2840
May-2026,40238923,2840
May-2026,40243546,2839
May-2026,40225867,2837
May-2026,40227275,2837
May-2026,40240595,2837
May-2026,40244516,2836
May-2026,40250723,2833
May-2026,40254323,2833
May-2026,40236238,2828
May-2026,40248704,2828
May-2026,40226269,2825
May-2026,40242783,2824
May-2026,40225143,2823
May-2026,40245861,2823
May-2026,40228219,2822
May-2026,40229062,2820
May-2026,40233712,2819
May-2026,40246532,2819
May-2026,40236406,2816
May-2026,40220576,2815
May-2026,40221613,2815
May-2026,40231982,2815
May-2026,40234907,2815
May-2026,40230132,2814
May-2026,40239374,2813
May-2026,40240080,2812
May-2026,40243173,2812
May-2026,40245592,2812
May-2026,40247897,2812
May-2026,40255644,2812
May-2026,40256797,2811
May-2026,40231371,2809
May-2026,30000491,2808
May-2026,40220108,2808
May-2026,40232392,2808
May-2026,40240239,2805
May-2026,40253706,2804
May-2026,40228213,2803
May-2026,40249507,2803
May-2026,40257477,2803
May-2026,40228093,2802
May-2026,40254645,2799
May-2026,40227051,2796
May-2026,40230818,2796
May-2026,40251075,2796
May-2026,40257292,2796
May-2026,40240817,2795
May-2026,40252097,2795
May-2026,40237486,2794
May-2026,40223460,2793
May-2026,40225597,2792
May-2026,40229956,2792
May-2026,30000543,2791
May-2026,40233330,2791
May-2026,40238224,2789
May-2026,40226634,2788
May-2026,40238795,2787
May-2026,40231801,2786
May-2026,40241535,2786
May-2026,40223225,2785
May-2026,40246971,2785
May-2026,40257297,2785
May-2026,40235684,2783
May-2026,40240094,2783
May-2026,40250314,2783
May-2026,40251501,2783
May-2026,40226119,2781
May-2026,40237528,2781
May-2026,40227641,2778
May-2026,40229512,2777
May-2026,30000486,2776
May-2026,40255657,2776
May-2026,40251007,2775
May-2026,40255848,2774
May-2026,40245010,2773
May-2026,40256967,2771
May-2026,40228736,2770
May-2026,40220800,2768
May-2026,40229544,2768
May-2026,40221441,2767
May-2026,40231725,2766
May-2026,40248687,2766
May-2026,40255914,2766
May-2026,40218081,2765
May-2026,40226058,2764
May-2026,40232882,2762
May-2026,40249489,2760
May-2026,30000495,2759
May-2026,40238482,2758
May-2026,40254684,2756
May-2026,40240331,2755
May-2026,40252738,2755
May-2026,40227081,2754
May-2026,40225768,2753
May-2026,40227071,2753
May-2026,40242153,2752
May-2026,40256363,2750
May-2026,40230289,2749
May-2026,40243107,2749
May-2026,40243971,2748
May-2026,40246895,2748
May-2026,40230692,2747
May-2026,40239750,2744
May-2026,40227041,2743
May-2026,40228105,2743
May-2026,40236097,2743
May-2026,40239617,2743
May-2026,40250982,2742
May-2026,40239548,2741
May-2026,40244965,2739
May-2026,40236123,2738
May-2026,40251182,2738
May-2026,40247594,2736
May-2026,40252929,2736
May-2026,40233131,2735
May-2026,40224391,2734
May-2026,40237706,2734
May-2026,40244414,2734
May-2026,40246284,2734
May-2026,40246343,2733
May-2026,40237328,2729
May-2026,40241338,2729
May-2026,40227798,2728
May-2026,40236458,2728
May-2026,40248516,2728
May-2026,40226424,2727
May-2026,40229903,2726
May-2026,40233735,2726
May-2026,40247119,2726
May-2026,40226337,2723
May-2026,40254519,2722
May-2026,40241041,2720
May-2026,40224081,2719
May-2026,40239382,2719
May-2026,40243148,2719
May-2026,40249294,2718
May-2026,40251741,2718
May-2026,40237166,2717
May-2026,40250703,2717
May-2026,40243763,2716
May-2026,40223714,2715
May-2026,40229937,2715
May-2026,40224364,2714
May-2026,40215919,2712
May-2026,40239707,2712
May-2026,40245093,2712
May-2026,40221193,2711
May-2026,40224884,2708
May-2026,40225806,2708
May-2026,40230821,2708
May-2026,40250097,2708
May-2026,40226470,2705
May-2026,40223630,2704
May-2026,40243929,2704
May-2026,40227918,2703
May-2026,40229723,2702
May-2026,40253930,2702
May-2026,40255978,2702
May-2026,40228887,2701
May-2026,40231968,2701
May-2026,40233521,2701
May-2026,40235960,2701
May-2026,40223057,2699
May-2026,40223503,2699
May-2026,40233008,2699
May-2026,40250067,2699
May-2026,40234704,2698
May-2026,40233707,2697
May-2026,40251145,2696
May-2026,40252613,2696
May-2026,40240931,2695
May-2026,40238650,2694
May-2026,40233629,2693
May-2026,40254322,2693
May-2026,40227127,2692
May-2026,40229235,2691
May-2026,40224343,2690
May-2026,40228478,2690
May-2026,40243113,2690
May-2026,40256446,2688
May-2026,40250429,2686
May-2026,40227026,2685
May-2026,40230205,2685
May-2026,40254414,2685
May-2026,40224962,2683
May-2026,40250160,2683
May-2026,40256354,2683
May-2026,40246553,2682
May-2026,40226757,2680
May-2026,40252188,2680
May-2026,40247805,2679
May-2026,40250628,2679
May-2026,40220518,2678
May-2026,40239141,2678
May-2026,40255005,2678
May-2026,40240659,2677
May-2026,40250524,2673
May-2026,40234049,2672
May-2026,40245488,2672
May-2026,40247042,2672
May-2026,40253499,2672
May-2026,40226399,2671
May-2026,40222315,2668
May-2026,40243915,2668
May-2026,40247533,2667
May-2026,40255368,2667
May-2026,40248267,2666
May-2026,40244190,2665
May-2026,40229369,2663
May-2026,40245639,2663
May-2026,40258324,2663
May-2026,40234799,2662
May-2026,40238030,2662
May-2026,40240292,2662
May-2026,40223798,2661
May-2026,40224089,2661
May-2026,40226948,2661
May-2026,40244757,2658
May-2026,40236550,2657
May-2026,40224357,2656
May-2026,40249650,2651
May-2026,40224500,2649
May-2026,40221876,2648
May-2026,40241249,2647
May-2026,20920129,2646
May-2026,40233807,2645
May-2026,40235292,2645
May-2026,40208867,2643
May-2026,40235139,2643
May-2026,40251486,2640
May-2026,40229764,2639
May-2026,40226018,2638
May-2026,40233204,2638
May-2026,40256406,2638
May-2026,40225009,2637
May-2026,40239912,2637
May-2026,40244620,2636
May-2026,30000551,2635
May-2026,40225690,2635
May-2026,40240161,2635
May-2026,40232655,2633
May-2026,40224657,2632
May-2026,40233959,2631
May-2026,40242604,2631
May-2026,40226484,2630
May-2026,40226504,2630
May-2026,40239194,2629
May-2026,40241694,2628
May-2026,40248677,2628
May-2026,40255425,2628
May-2026,40224693,2626
May-2026,40230148,2626
May-2026,40228327,2625
May-2026,40237998,2625
May-2026,40251505,2625
May-2026,40256336,2625
May-2026,40227967,2621
May-2026,40231874,2620
May-2026,40252308,2620
May-2026,40225544,2619
May-2026,40232861,2619
May-2026,40249103,2619
May-2026,40251969,2619
May-2026,40236110,2618
May-2026,40237090,2618
May-2026,40243556,2616
May-2026,40241999,2614
May-2026,40242811,2614
May-2026,40231843,2613
May-2026,40243880,2611
May-2026,40256673,2611
May-2026,40236933,2610
May-2026,40239481,2610
May-2026,40251405,2610
May-2026,40249152,2609
May-2026,40250887,2608
May-2026,40224714,2605
May-2026,40239308,2605
May-2026,40242159,2605
May-2026,40248979,2605
May-2026,40250012,2605
May-2026,40226578,2604
May-2026,40224057,2603
May-2026,40224895,2602
May-2026,40225171,2602
May-2026,40240182,2602
May-2026,40242981,2602
May-2026,40228005,2601
May-2026,40228335,2601
May-2026,40229426,2600
May-2026,40229464,2600
May-2026,40237286,2600
May-2026,40247623,2600
May-2026,40252824,2600
May-2026,40238657,2598
May-2026,40225177,2597
May-2026,40244393,2597
May-2026,40238246,2596
May-2026,40242358,2596
May-2026,40227846,2595
May-2026,40229784,2595
May-2026,40251416,2594
May-2026,40257649,2594
May-2026,40234676,2593
May-2026,40236247,2593
May-2026,40255743,2590
May-2026,40224848,2589
May-2026,40237742,2589
May-2026,40243911,2589
May-2026,40231771,2588
May-2026,40254436,2588
May-2026,40243571,2587
May-2026,40240669,2586
May-2026,40245126,2586
May-2026,40240620,2584
May-2026,40241608,2583
May-2026,40241732,2583
May-2026,40239626,2582
May-2026,40240568,2581
May-2026,40256803,2581
May-2026,40237348,2580
May-2026,40248005,2579
May-2026,40242417,2578
May-2026,21316642,2575
May-2026,40239079,2575
May-2026,40250856,2573
May-2026,40221639,2572
May-2026,40239522,2572
May-2026,40252266,2572
May-2026,40257882,2572
May-2026,40234088,2571
May-2026,40245275,2571
May-2026,40245315,2571
May-2026,40239752,2570
May-2026,40251514,2570
May-2026,40251854,2569
May-2026,40242534,2568
May-2026,40243279,2568
May-2026,40232151,2567
May-2026,40225001,2566
May-2026,40240057,2566
May-2026,40255633,2565
May-2026,40227940,2564
May-2026,40231965,2564
May-2026,40235902,2564
May-2026,40251936,2564
May-2026,40237839,2563
May-2026,40237963,2563
May-2026,40248710,2558
May-2026,40224266,2557
May-2026,40242571,2557
May-2026,40241366,2556
May-2026,40252539,2556
May-2026,40231084,2555
May-2026,40236379,2553
May-2026,40237174,2553
May-2026,40244244,2553
May-2026,40227091,2552
May-2026,22700212,2550
May-2026,40247016,2550
May-2026,40232318,2549
May-2026,40230536,2548
May-2026,40235505,2546
May-2026,40236452,2546
May-2026,40236787,2546
May-2026,40218671,2545
May-2026,40221427,2542
May-2026,40251040,2542
May-2026,40252236,2542
May-2026,40240403,2541
May-2026,40234896,2540
May-2026,40253121,2540
May-2026,40239896,2537
May-2026,40256278,2537
May-2026,30000492,2536
May-2026,40243267,2535
May-2026,40231802,2533
May-2026,40223009,2532
May-2026,40245051,2532
May-2026,40247554,2532
May-2026,40257521,2532
May-2026,40241043,2531
May-2026,40229836,2530
May-2026,40227497,2529
May-2026,40236442,2529
May-2026,40242648,2529
May-2026,40223381,2528
May-2026,40232228,2527
May-2026,40257390,2527
May-2026,40227061,2526
May-2026,40240918,2526
May-2026,40255448,2526
May-2026,40234310,2525
May-2026,40224871,2524
May-2026,40243968,2524
May-2026,40248728,2524
May-2026,40254939,2523
May-2026,40248148,2522
May-2026,40236024,2520
May-2026,40255881,2520
May-2026,40255203,2519
May-2026,40221420,2517
May-2026,40236910,2516
May-2026,40237874,2516
May-2026,40243815,2516
May-2026,40248371,2516
May-2026,40231216,2515
May-2026,40231758,2515
May-2026,40243773,2514
May-2026,40257495,2514
May-2026,40235840,2512
May-2026,40057325,2511
May-2026,40253720,2511
May-2026,40224386,2510
May-2026,40245696,2509
May-2026,40225038,2507
May-2026,40227845,2507
May-2026,40233982,2507
May-2026,40243041,2507
May-2026,40225154,2506
May-2026,40230018,2506
May-2026,40252087,2506
May-2026,40227761,2505
May-2026,40241940,2505
May-2026,40237321,2504
May-2026,40256436,2504
May-2026,40256652,2504
May-2026,40231455,2503
May-2026,40235359,2503
May-2026,40247760,2503
May-2026,40223602,2502
May-2026,40244717,2502
May-2026,40238513,2501
May-2026,40236299,2500
May-2026,40253468,2500
May-2026,40237994,2499
May-2026,40236759,2498
May-2026,40223774,2497
May-2026,40224165,2497
May-2026,40236755,2497
May-2026,40241354,2497
May-2026,40256376,2497
May-2026,40234304,2496
May-2026,40231042,2495
May-2026,40229287,2494
May-2026,40256854,2494
May-2026,40232956,2491
May-2026,40250848,2490
May-2026,40253560,2490
May-2026,40235264,2489
May-2026,40222656,2487
May-2026,40231440,2487
May-2026,40254984,2487
May-2026,40238889,2486
May-2026,40240356,2486
May-2026,40254075,2486
May-2026,40223677,2484
May-2026,40223726,2484
May-2026,40225010,2483
May-2026,40233274,2483
May-2026,40245660,2483
May-2026,40228870,2482
May-2026,40242779,2482
May-2026,40251721,2482
May-2026,40229114,2479
May-2026,40235708,2477
May-2026,40234617,2476
May-2026,40247565,2476
May-2026,40218405,2475
May-2026,40241892,2475
May-2026,40234054,2474
May-2026,40254216,2474
May-2026,40221530,2472
May-2026,40223845,2471
May-2026,40255636,2471
May-2026,40221549,2470
May-2026,40238686,2470
May-2026,40239521,2470
May-2026,40245615,2467
May-2026,40216939,2466
May-2026,40221090,2463
May-2026,40248912,2461
May-2026,40234319,2459
May-2026,40247983,2458
May-2026,24002342,2455
May-2026,40254102,2453
May-2026,40242046,2452
May-2026,40240720,2451
May-2026,40241666,2451
May-2026,40250929,2451
May-2026,40256970,2451
May-2026,40235048,2450
May-2026,40247002,2449
May-2026,40227630,2448
May-2026,40223968,2447
May-2026,40225110,2447
May-2026,40228601,2447
May-2026,40249147,2446
May-2026,40254358,2446
May-2026,40243727,2444
May-2026,40226212,2443
May-2026,40238108,2443
May-2026,40253929,2443
May-2026,40255763,2441
May-2026,40256775,2441
May-2026,40227166,2440
May-2026,40245775,2440
May-2026,40246974,2440
May-2026,40236565,2439
May-2026,40233557,2438
May-2026,40248868,2437
May-2026,40252132,2436
May-2026,40228622,2435
May-2026,40229349,2434
May-2026,40257597,2434
May-2026,40245845,2433
May-2026,40258199,2433
May-2026,40226406,2432
May-2026,40218109,2431
May-2026,40228428,2431
May-2026,40249499,2430
May-2026,40225314,2429
May-2026,40230237,2429
May-2026,40245933,2428
May-2026,40246253,2428
May-2026,40232782,2427
May-2026,40240541,2426
May-2026,40245623,2426
May-2026,40225291,2424
May-2026,40229803,2424
May-2026,40238849,2424
May-2026,40248835,2424
May-2026,40251315,2424
May-2026,40229683,2423
May-2026,40240880,2423
May-2026,40223641,2422
May-2026,40225505,2421
May-2026,40240385,2421
May-2026,40255780,2420
May-2026,40228106,2419
May-2026,40246869,2419
May-2026,40228339,2418
May-2026,40236425,2418
May-2026,40226367,2417
May-2026,40229603,2416
May-2026,40229564,2415
May-2026,40243053,2415
May-2026,40219996,2414
May-2026,40236851,2414
May-2026,40239900,2414
May-2026,40244780,2414
May-2026,40255430,2414
May-2026,40226902,2413
May-2026,40229501,2413
May-2026,40230085,2413
May-2026,40248591,2413
May-2026,40258042,2412
May-2026,40251661,2411
May-2026,40226934,2409
May-2026,40233407,2409
May-2026,40256894,2408
May-2026,40225352,2407
May-2026,40224555,2403
May-2026,40225697,2403
May-2026,40230513,2403
May-2026,40253818,2402
May-2026,40220547,2401
May-2026,40242777,2399
May-2026,40235102,2398
May-2026,40233844,2396
May-2026,40240286,2395
May-2026,40249419,2395
May-2026,40253033,2394
May-2026,40249606,2393
May-2026,40223468,2391
May-2026,40231457,2391
May-2026,40233389,2391
May-2026,40226170,2390
May-2026,40256168,2390
May-2026,40224900,2388
May-2026,40234146,2388
May-2026,40236696,2388
May-2026,40237600,2388
May-2026,40235876,2386
May-2026,40237873,2386
May-2026,40224492,2385
May-2026,40232263,2385
May-2026,40224074,2384
May-2026,40236300,2383
May-2026,40229485,2382
May-2026,40238730,2382
May-2026,40227103,2380
May-2026,40240321,2380
May-2026,40241497,2380
May-2026,40246656,2380
May-2026,40240888,2379
May-2026,40250562,2379
May-2026,40228686,2378
May-2026,40233359,2377
May-2026,40238463,2377
May-2026,40247435,2377
May-2026,40251168,2377
May-2026,40254843,2377
May-2026,40225499,2376
May-2026,40244332,2375
May-2026,40232579,2374
May-2026,40246057,2374
May-2026,40233019,2373
May-2026,40241931,2373
May-2026,40242184,2373
May-2026,40244898,2373
May-2026,40231119,2371
May-2026,40256672,2370
May-2026,40242848,2369
May-2026,40231695,2368
May-2026,40227915,2367
May-2026,40228376,2367
May-2026,40234103,2366
May-2026,40242485,2366
May-2026,40245763,2366
May-2026,40234034,2365
May-2026,40242013,2365
May-2026,40244567,2365
May-2026,30000540,2364
May-2026,40225595,2364
May-2026,40247084,2364
May-2026,40227405,2363
May-2026,40240842,2363
May-2026,40235330,2361
May-2026,40241022,2360
May-2026,40254766,2360
May-2026,40228612,2359
May-2026,40230584,2359
May-2026,40257497,2359
May-2026,40241730,2358
May-2026,40229970,2357
May-2026,40237468,2357
May-2026,40238411,2357
May-2026,40253443,2357
May-2026,40258325,2357
May-2026,40251543,2354
May-2026,40224455,2353
May-2026,40235665,2353
May-2026,40248258,2352
May-2026,40228267,2351
May-2026,40230879,2350
May-2026,40242163,2350
May-2026,40250620,2350
May-2026,40233765,2349
May-2026,40234367,2349
May-2026,40241953,2349
May-2026,40237081,2348
May-2026,40240098,2346
May-2026,40253916,2346
May-2026,40256595,2345
May-2026,40237130,2344
May-2026,40243974,2344
May-2026,40254301,2344
May-2026,40231266,2342
May-2026,40256678,2342
May-2026,40241507,2340
May-2026,40252086,2340
May-2026,40241343,2339
May-2026,40243667,2339
May-2026,40247121,2339
May-2026,40228187,2338
May-2026,40228828,2338
May-2026,40235634,2338
May-2026,40230337,2337
May-2026,40232167,2337
May-2026,40238815,2336
May-2026,40233957,2334
May-2026,40236758,2334
May-2026,40238743,2333
May-2026,40249000,2333
May-2026,22335481,2332
May-2026,40231471,2332
May-2026,40252391,2331
May-2026,40253224,2331
May-2026,40234937,2330
May-2026,40247727,2330
May-2026,40237167,2329
May-2026,40226753,2328
May-2026,40239397,2328
May-2026,40245134,2328
May-2026,40245771,2328
May-2026,40249657,2328
May-2026,40250980,2328
May-2026,40255274,2328
May-2026,23611125,2327
May-2026,40225462,2327
May-2026,40230165,2327
May-2026,40232200,2327
May-2026,40243012,2327
May-2026,40251483,2327
May-2026,40248502,2326
May-2026,40240649,2325
May-2026,40248424,2325
May-2026,40232519,2324
May-2026,40240987,2324
May-2026,40245000,2324
May-2026,40256357,2324
May-2026,40236800,2323
May-2026,40243421,2323
May-2026,40246289,2323
May-2026,40229669,2322
May-2026,40243549,2322
May-2026,40249854,2322
May-2026,22989058,2321
May-2026,40247384,2321
May-2026,40250578,2321
May-2026,40227075,2320
May-2026,40232701,2320
May-2026,40237831,2320
May-2026,40239787,2320
May-2026,40225622,2318
May-2026,40249469,2317
May-2026,40255570,2317
May-2026,40237614,2315
May-2026,40246428,2315
May-2026,40236797,2314
May-2026,40245512,2314
May-2026,40241242,2313
May-2026,40255195,2313
May-2026,40225962,2309
May-2026,40231925,2307
May-2026,40232731,2307
May-2026,40235037,2307
May-2026,40228413,2306
May-2026,40229715,2306
May-2026,23567030,2303
May-2026,40226059,2303
May-2026,40231459,2303
May-2026,40229229,2302
May-2026,40248808,2302
May-2026,40251804,2302
May-2026,40241518,2301
May-2026,40251588,2301
May-2026,40255976,2301
May-2026,40256103,2301
May-2026,40229645,2299
May-2026,40241218,2297
May-2026,40228409,2295
May-2026,40230032,2295
May-2026,40249761,2295
May-2026,40240117,2294
May-2026,40221390,2293
May-2026,40238906,2293
May-2026,40229981,2292
May-2026,40244273,2292
May-2026,40226758,2291
May-2026,40247550,2291
May-2026,40255525,2291
May-2026,40235400,2289
May-2026,40236840,2289
May-2026,40236646,2288
May-2026,40227104,2287
May-2026,40229363,2287
May-2026,40226505,2286
May-2026,40226944,2286
May-2026,40240949,2285
May-2026,40251539,2285
May-2026,40228372,2284
May-2026,40244442,2284
May-2026,40246368,2284
May-2026,40232593,2283
May-2026,40230135,2281
May-2026,40222197,2280
May-2026,40234336,2280
May-2026,40248782,2280
May-2026,40252484,2280
May-2026,40227086,2278
May-2026,40227015,2277
May-2026,40229309,2277
May-2026,40225871,2273
May-2026,40230108,2273
May-2026,40247439,2273
May-2026,40066596,2272
May-2026,40248749,2272
May-2026,40236015,2271
May-2026,40253160,2271
May-2026,40255315,2271
May-2026,40241396,2270
May-2026,40231706,2269
May-2026,40236407,2268
May-2026,40228547,2267
May-2026,40242172,2267
May-2026,40243275,2267
May-2026,40217359,2265
May-2026,40241388,2265
May-2026,40251136,2265
May-2026,40225320,2264
May-2026,40233164,2264
May-2026,40236701,2264
May-2026,40244033,2264
May-2026,40251014,2264
May-2026,40228249,2262
May-2026,40221939,2261
May-2026,40237657,2261
May-2026,40245339,2261
May-2026,40228868,2260
May-2026,40228968,2259
May-2026,40243757,2258
May-2026,40224131,2257
May-2026,40243494,2256
May-2026,40241135,2255
May-2026,40244573,2255
May-2026,40248625,2255
May-2026,40224008,2254
May-2026,40225779,2254
May-2026,40231772,2253
May-2026,40232874,2253
May-2026,40238818,2253
May-2026,40240692,2253
May-2026,40249671,2253
May-2026,40230259,2252
May-2026,40238344,2252
May-2026,40239327,2251
May-2026,40224378,2250
May-2026,40242885,2250
May-2026,40255078,2250
May-2026,40229505,2249
May-2026,40238358,2248
May-2026,40229411,2247
May-2026,40233485,2247
May-2026,40234350,2247
May-2026,40248428,2246
May-2026,40217523,2245
May-2026,40225682,2244
May-2026,40229813,2244
May-2026,40255736,2244
May-2026,40230763,2243
May-2026,40242397,2243
May-2026,40243852,2243
May-2026,40251658,2243
May-2026,40237660,2241
May-2026,40242377,2241
May-2026,40232831,2238
May-2026,40236471,2238
May-2026,40244518,2238
May-2026,40234172,2237
May-2026,40242555,2237
May-2026,40224630,2236
May-2026,40226333,2236
May-2026,40234500,2236
May-2026,40235650,2236
May-2026,40221729,2234
May-2026,40232617,2234
May-2026,40234369,2234
May-2026,40246509,2234
May-2026,40249956,2234
May-2026,40254191,2234
May-2026,40238986,2233
May-2026,40256496,2233
May-2026,40254806,2232
May-2026,40222834,2231
May-2026,40233719,2231
May-2026,40240240,2231
May-2026,40244819,2231
May-2026,40227060,2230
May-2026,40250658,2230
May-2026,40237816,2228
May-2026,40247582,2226
May-2026,40256402,2226
May-2026,40254176,2224
May-2026,40226436,2223
May-2026,40237855,2222
May-2026,40235028,2220
May-2026,40246251,2219
May-2026,40251021,2218
May-2026,40225160,2217
May-2026,40235759,2217
May-2026,40248596,2217
May-2026,40224644,2215
May-2026,40229455,2215
May-2026,40251408,2214
May-2026,40252059,2214
May-2026,40220883,2213
May-2026,40250230,2213
May-2026,40222320,2211
May-2026,40225874,2209
May-2026,40226410,2209
May-2026,40232084,2209
May-2026,40228712,2208
May-2026,40232168,2208
May-2026,40239532,2208
May-2026,40239974,2208
May-2026,40254199,2207
May-2026,40256639,2207
May-2026,40229378,2206
May-2026,40234259,2206
May-2026,40249965,2204
May-2026,40253182,2204
May-2026,40252151,2203
May-2026,40235385,2202
May-2026,40245781,2202
May-2026,40250393,2202
May-2026,40229945,2199
May-2026,40233086,2199
May-2026,40236264,2198
May-2026,40232385,2197
May-2026,40237479,2197
May-2026,40251650,2197
May-2026,40256537,2196
May-2026,40257347,2195
May-2026,40236752,2192
May-2026,40253506,2192
May-2026,40233848,2191
May-2026,40240851,2191
May-2026,40227125,2187
May-2026,40253065,2183
May-2026,40249621,2182
May-2026,40251070,2182
May-2026,40256562,2182
May-2026,40247900,2180
May-2026,40223109,2179
May-2026,40235193,2179
May-2026,40226516,2178
May-2026,40240942,2178
May-2026,40251797,2178
May-2026,40254278,2178
May-2026,40225484,2177
May-2026,40242393,2177
May-2026,40235548,2176
May-2026,40244971,2176
May-2026,40222794,2175
May-2026,40231150,2175
May-2026,40251783,2175
May-2026,40239584,2174
May-2026,40242884,2173
May-2026,40243562,2172
May-2026,40256027,2172
May-2026,40216043,2171
May-2026,40248855,2171
May-2026,40254495,2171
May-2026,40256431,2171
May-2026,40229152,2170
May-2026,40249015,2169
May-2026,40231876,2168
May-2026,40255293,2168
May-2026,40234916,2167
May-2026,40235329,2167
May-2026,40222732,2166
May-2026,40239800,2166
May-2026,40245322,2166
May-2026,40224452,2165
May-2026,40245001,2165
May-2026,40248629,2165
May-2026,40229413,2164
May-2026,40238262,2164
May-2026,40246786,2164
May-2026,40248118,2164
May-2026,40249945,2164
May-2026,40239222,2163
May-2026,40244984,2163
May-2026,40233090,2162
May-2026,40254787,2162
May-2026,40231605,2161
May-2026,40238501,2161
May-2026,40235848,2160
May-2026,40240158,2160
May-2026,40242597,2160
May-2026,40255864,2160
May-2026,40255908,2160
May-2026,40237236,2159
May-2026,40241016,2159
May-2026,40245842,2159
May-2026,30000489,2157
May-2026,40220184,2156
May-2026,40222704,2156
May-2026,40224066,2156
May-2026,40238232,2155
May-2026,40246115,2154
May-2026,40253250,2152
May-2026,40224551,2151
May-2026,40239092,2151
May-2026,40231937,2150
May-2026,40232048,2150
May-2026,40249119,2150
May-2026,40253228,2150
May-2026,40228855,2149
May-2026,40231648,2149
May-2026,40223134,2147
May-2026,40245628,2146
May-2026,40241237,2145
May-2026,40249431,2145
May-2026,40253137,2145
May-2026,40232358,2144
May-2026,40252887,2144
May-2026,40235489,2143
May-2026,40242424,2142
May-2026,40243786,2141
May-2026,40220619,2140
May-2026,40252854,2140
May-2026,40225568,2139
May-2026,40231492,2139
May-2026,40233595,2139
May-2026,40236310,2139
May-2026,40250058,2139
May-2026,40258206,2139
May-2026,40245015,2138
May-2026,40238336,2136
May-2026,40234299,2135
May-2026,40223421,2134
May-2026,40235594,2133
May-2026,40242887,2133
May-2026,40232092,2132
May-2026,40248513,2132
May-2026,40257767,2132
May-2026,40237714,2131
May-2026,40249079,2131
May-2026,40219902,2130
May-2026,40251438,2129
May-2026,40253731,2128
May-2026,40225213,2127
May-2026,40256591,2126
May-2026,30000508,2125
May-2026,40251110,2124
May-2026,40221814,2122
May-2026,40241027,2122
May-2026,40225030,2121
May-2026,40227928,2121
May-2026,40234247,2121
May-2026,40248154,2121
May-2026,40224264,2120
May-2026,40231752,2120
May-2026,40237096,2120
May-2026,40256573,2120
May-2026,30000494,2119
May-2026,40235691,2119
May-2026,40244153,2119
May-2026,40256462,2118
May-2026,40226156,2117
May-2026,40229878,2117
May-2026,40237556,2116
May-2026,40238394,2116
May-2026,40248142,2114
May-2026,40226231,2113
May-2026,40235409,2113
May-2026,40256455,2113
May-2026,40243505,2112
May-2026,40227985,2111
May-2026,40238893,2111
May-2026,40247562,2111
May-2026,40238379,2110
May-2026,40222256,2109
May-2026,40238398,2109
May-2026,40229576,2108
May-2026,40246492,2108
May-2026,40255254,2108
May-2026,40231362,2106
May-2026,40237668,2106
May-2026,40242455,2106
May-2026,40257205,2106
May-2026,40222169,2105
May-2026,40215353,2104
May-2026,40236195,2103
May-2026,40229389,2102
May-2026,40231778,2102
May-2026,40252051,2102
May-2026,40258274,2102
May-2026,40226467,2101
May-2026,40244352,2101
May-2026,40245153,2101
May-2026,40250498,2101
May-2026,40239360,2100
May-2026,40252317,2099
May-2026,40257351,2099
May-2026,40257589,2099
May-2026,40235941,2098
May-2026,40230155,2095
May-2026,40257312,2095
May-2026,40239778,2094
May-2026,40247224,2093
May-2026,40247880,2093
May-2026,40243939,2092
May-2026,40226224,2091
May-2026,40229429,2091
May-2026,40254681,2091
May-2026,23749455,2090
May-2026,40252783,2090
May-2026,40230107,2089
May-2026,40230714,2089
May-2026,40240775,2089
May-2026,40228508,2088
May-2026,40228700,2088
May-2026,40233218,2088
May-2026,40223490,2087
May-2026,40235886,2087
May-2026,40232432,2086
May-2026,40249874,2086
May-2026,40257484,2086
May-2026,40231421,2085
May-2026,40235867,2085
May-2026,40255606,2085
May-2026,40228311,2081
May-2026,40249290,2081
May-2026,30000535,2080
May-2026,40245546,2080
May-2026,40228243,2079
May-2026,40239610,2079
May-2026,40246141,2079
May-2026,40227947,2078
May-2026,40245387,2078
May-2026,40246162,2076
May-2026,40254716,2076
May-2026,40224194,2075
May-2026,40249174,2074
May-2026,40233292,2073
May-2026,40237144,2073
May-2026,40244182,2073
May-2026,40247424,2073
May-2026,40225193,2072
May-2026,40240004,2071
May-2026,40224224,2070
May-2026,40233573,2070
May-2026,40234559,2069
May-2026,40240806,2069
May-2026,40241857,2069
May-2026,40228620,2068
May-2026,40228746,2068
May-2026,40232287,2068
May-2026,40245671,2068
May-2026,40250435,2068
May-2026,40256878,2068
May-2026,40228082,2066
May-2026,40252621,2066
May-2026,40227309,2064
May-2026,40235628,2063
May-2026,40221565,2062
May-2026,40228156,2062
May-2026,40253372,2062
May-2026,40230834,2061
May-2026,40223337,2060
May-2026,40225275,2060
May-2026,40217533,2059
May-2026,40228364,2059
May-2026,40238587,2059
May-2026,40242819,2059
May-2026,40238413,2058
May-2026,40252244,2055
May-2026,40232775,2054
May-2026,40233995,2052
May-2026,40225653,2050
May-2026,40230993,2050
May-2026,40224049,2049
May-2026,40251582,2049
May-2026,40227439,2048
May-2026,40251983,2048
May-2026,40224237,2046
May-2026,40227430,2046
May-2026,40235387,2046
May-2026,40249858,2046
May-2026,40258084,2046
May-2026,40231544,2044
May-2026,40247233,2044
May-2026,40249249,2044
May-2026,40238417,2043
May-2026,40239510,2043
May-2026,40245969,2043
May-2026,40257747,2043
May-2026,40256981,2042
May-2026,40235685,2041
May-2026,40242340,2038
May-2026,40241838,2037
May-2026,40249244,2037
May-2026,40236860,2036
May-2026,40248395,2036
May-2026,40250203,2036
May-2026,40250719,2036
May-2026,40256350,2035
May-2026,40256674,2035
May-2026,40244787,2034
May-2026,40237877,2033
May-2026,40243062,2033
May-2026,40249164,2033
May-2026,40224184,2032
May-2026,40215052,2031
May-2026,40251051,2031
May-2026,40240038,2030
May-2026,40254807,2030
May-2026,40226433,2029
May-2026,40243634,2029
May-2026,40249349,2028
May-2026,40253952,2028
May-2026,40244219,2027
May-2026,40246686,2027
May-2026,40236834,2026
May-2026,40245618,2025
May-2026,40243661,2024
May-2026,40251487,2024
May-2026,40235673,2023
May-2026,40245517,2023
May-2026,40247327,2023
May-2026,40251442,2022
May-2026,40230391,2021
May-2026,40236998,2021
May-2026,40239184,2021
May-2026,40249530,2020
May-2026,40228978,2019
May-2026,40237077,2019
May-2026,40230329,2018
May-2026,40256493,2017
May-2026,40251931,2016
May-2026,40232329,2015
May-2026,40236852,2015
May-2026,40244309,2015
May-2026,40252932,2015
May-2026,40233493,2013
May-2026,40237524,2013
May-2026,40251555,2013
May-2026,40253974,2013
May-2026,40239257,2012
May-2026,40247177,2012
May-2026,40225636,2011
May-2026,40238668,2010
May-2026,40222632,2008
May-2026,40234529,2008
May-2026,40233238,2007
May-2026,40225795,2006
May-2026,40238841,2006
May-2026,40241005,2006
May-2026,40248102,2006
May-2026,40256265,2006
May-2026,40239795,2004
May-2026,40251830,2004
May-2026,40233264,2003
May-2026,40235698,2003
May-2026,40237501,2003
May-2026,40255188,2003
May-2026,40257744,2003
May-2026,40228363,2002
May-2026,40234492,2002
May-2026,40240343,2002
May-2026,40254360,2002
May-2026,40231712,2001
May-2026,40233058,2001
May-2026,40235553,2001
May-2026,40250530,2001
May-2026,40251609,2001
May-2026,40252705,2001
May-2026,40255426,2001
May-2026,40227467,2000
May-2026,40240875,1998
May-2026,40229380,1997
May-2026,40236845,1997
May-2026,40238174,1997
May-2026,40258104,1997
May-2026,40242244,1996
May-2026,40247868,1996
May-2026,40239876,1995
May-2026,40246518,1995
May-2026,40249648,1994
May-2026,40234787,1993
May-2026,40244592,1993
May-2026,40227649,1992
May-2026,40246127,1992
May-2026,40246172,1992
May-2026,40249210,1992
May-2026,40238368,1991
May-2026,40241236,1991
May-2026,40247138,1991
May-2026,40249442,1991
May-2026,40254150,1991
May-2026,40243905,1990
May-2026,40225414,1988
May-2026,40239890,1988
May-2026,40227733,1987
May-2026,40232037,1987
May-2026,40239846,1987
May-2026,40217060,1986
May-2026,40246603,1986
May-2026,40224661,1985
May-2026,40242354,1985
May-2026,40253327,1985
May-2026,40229498,1984
May-2026,40233184,1984
May-2026,40239247,1984
May-2026,40238831,1983
May-2026,40239735,1983
May-2026,40247981,1983
May-2026,40254567,1983
May-2026,40223252,1982
May-2026,40250681,1982
May-2026,40246955,1981
May-2026,40222421,1978
May-2026,40253839,1977
May-2026,40230573,1976
May-2026,40243008,1976
May-2026,40223595,1975
May-2026,40255710,1975
May-2026,40222396,1973
May-2026,40228824,1973
May-2026,40236173,1973
May-2026,40254072,1973
May-2026,40228953,1971
May-2026,40242838,1970
May-2026,40255106,1970
May-2026,40208488,1969
May-2026,40230947,1969
May-2026,40245457,1969
May-2026,40245484,1969
May-2026,40257912,1968
May-2026,30000554,1967
May-2026,40226129,1967
May-2026,40236113,1967
May-2026,40256822,1967
May-2026,40218513,1965
May-2026,40242606,1965
May-2026,40247854,1965
May-2026,40254812,1965
May-2026,40241259,1964
May-2026,40254268,1963
May-2026,40230320,1962
May-2026,40234490,1961
May-2026,40235688,1961
May-2026,40226487,1960
May-2026,40237331,1960
May-2026,40233806,1959
May-2026,40230823,1958
May-2026,40231081,1957
May-2026,40238547,1957
May-2026,40226169,1956
May-2026,40243297,1956
May-2026,40242851,1955
May-2026,40238380,1954
May-2026,40242009,1954
May-2026,40243393,1954
May-2026,40245274,1954
May-2026,40247200,1954
May-2026,40250134,1954
May-2026,40222699,1953
May-2026,40223260,1953
May-2026,40231560,1953
May-2026,40236660,1953
May-2026,40255891,1952
May-2026,40244558,1951
May-2026,40256326,1951
May-2026,40247738,1950
May-2026,40249827,1950
May-2026,40251035,1950
May-2026,40246522,1949
May-2026,40235428,1948
May-2026,40227818,1947
May-2026,40239583,1947
May-2026,40257650,1947
May-2026,40235909,1946
May-2026,40228982,1945
May-2026,40229887,1945
May-2026,40245260,1945
May-2026,40231776,1944
May-2026,40250864,1944
May-2026,40238496,1943
May-2026,40238603,1943
May-2026,40254590,1943
May-2026,40231565,1942
May-2026,40246398,1942
May-2026,40222561,1941
May-2026,40236419,1941
May-2026,40238800,1941
May-2026,40241744,1941
May-2026,40250715,1941
May-2026,40237417,1940
May-2026,40222263,1939
May-2026,40223537,1939
May-2026,40237009,1939
May-2026,40243014,1938
May-2026,40245253,1938
May-2026,40228130,1937
May-2026,40230404,1937
May-2026,40241097,1937
May-2026,40255725,1937
May-2026,40242322,1934
May-2026,40250872,1934
May-2026,40229358,1933
May-2026,40235452,1933
May-2026,40248615,1933
May-2026,40240512,1932
May-2026,40225576,1931
May-2026,40240507,1931
May-2026,40226770,1930
May-2026,40232980,1930
May-2026,40239267,1930
May-2026,40240291,1930
May-2026,40252966,1930
May-2026,40257530,1930
May-2026,40231543,1929
May-2026,40239580,1929
May-2026,40225503,1928
May-2026,40225739,1928
May-2026,40231097,1928
May-2026,40253840,1928
May-2026,40223725,1927
May-2026,40226698,1927
May-2026,40237178,1927
May-2026,40237295,1927
May-2026,40251652,1927
May-2026,40233773,1926
May-2026,40244455,1925
May-2026,40258407,1924
May-2026,40234159,1923
May-2026,40240478,1923
May-2026,40240812,1923
May-2026,40229272,1922
May-2026,40231426,1921
May-2026,40252046,1921
May-2026,40237049,1920
May-2026,40242788,1920
May-2026,40219986,1919
May-2026,40256424,1919
May-2026,40226117,1918
May-2026,40242985,1918
May-2026,40232258,1917
May-2026,40237789,1917
May-2026,40244179,1917
May-2026,40223683,1916
May-2026,40226109,1916
May-2026,40241896,1916
May-2026,40243327,1916
May-2026,40245805,1916
May-2026,40225509,1915
May-2026,40229972,1915
May-2026,40245757,1915
May-2026,40244519,1914
May-2026,40256157,1914
May-2026,40230983,1913
May-2026,40240030,1913
May-2026,40234757,1911
May-2026,40235813,1911
May-2026,40244748,1911
May-2026,40233954,1910
May-2026,40248754,1909
May-2026,40224641,1907
May-2026,40256329,1907
May-2026,40235517,1906
May-2026,40255199,1906
May-2026,40230806,1905
May-2026,40245717,1905
May-2026,40227107,1904
May-2026,40224881,1903
May-2026,40232086,1903
May-2026,40238406,1903
May-2026,40251785,1903
May-2026,40251813,1903
May-2026,40224265,1902
May-2026,40231779,1902
May-2026,40232277,1902
May-2026,40236219,1902
May-2026,40246674,1902
May-2026,40230828,1900
May-2026,40248627,1900
May-2026,40255459,1900
May-2026,40225586,1899
May-2026,40244685,1898
May-2026,40234833,1896
May-2026,40236240,1896
May-2026,40249624,1896
May-2026,40256055,1896
May-2026,40232240,1895
May-2026,40243303,1895
May-2026,40244276,1895
May-2026,40225820,1894
May-2026,40240631,1891
May-2026,40223684,1890
May-2026,40243076,1890
May-2026,40244693,1890
May-2026,40070723,1889
May-2026,40241760,1889
May-2026,40232039,1888
May-2026,40233833,1887
May-2026,40248950,1887
May-2026,40229740,1886
May-2026,40231408,1886
May-2026,40239836,1886
May-2026,40242589,1886
May-2026,40245490,1886
May-2026,40218543,1885
May-2026,40222111,1885
May-2026,40242359,1885
May-2026,40232518,1884
May-2026,40239733,1884
May-2026,40240517,1884
May-2026,40242720,1884
May-2026,40254117,1884
May-2026,40236937,1883
May-2026,40237247,1883
May-2026,40250626,1883
May-2026,40250665,1883
May-2026,40238181,1882
May-2026,40255370,1881
May-2026,40253483,1880
May-2026,40238356,1879
May-2026,40257858,1878
May-2026,40223359,1877
May-2026,40244404,1875
May-2026,40238227,1874
May-2026,40244059,1874
May-2026,40250487,1874
May-2026,40241915,1873
May-2026,40247858,1873
May-2026,40248731,1873
May-2026,40254463,1873
May-2026,40220558,1872
May-2026,40224539,1872
May-2026,40255835,1872
May-2026,40252200,1871
May-2026,40232994,1870
May-2026,40248179,1870
May-2026,40235948,1869
May-2026,40248494,1869
May-2026,40252334,1869
May-2026,40220686,1868
May-2026,40226022,1868
May-2026,40254310,1868
May-2026,40225992,1867
May-2026,40242048,1866
May-2026,40243829,1866
May-2026,40256780,1866
May-2026,40223528,1864
May-2026,40235051,1864
May-2026,40252458,1864
May-2026,40221126,1863
May-2026,40228022,1862
May-2026,40240583,1862
May-2026,40222413,1861
May-2026,40229828,1861
May-2026,40222910,1860
May-2026,40233863,1860
May-2026,40236192,1860
May-2026,40224076,1859
May-2026,40228298,1859
May-2026,40228523,1859
May-2026,40234485,1858
May-2026,40234921,1858
May-2026,40226060,1857
May-2026,40233948,1857
May-2026,40240984,1857
May-2026,40245004,1857
May-2026,40230581,1855
May-2026,40248828,1855
May-2026,40239581,1854
May-2026,40241344,1854
May-2026,40244021,1854
May-2026,40246160,1854
May-2026,40250514,1854
May-2026,40255403,1854
May-2026,40246915,1853
May-2026,40255067,1853
May-2026,40233396,1852
May-2026,40223943,1851
May-2026,40232319,1851
May-2026,40235802,1851
May-2026,40248420,1851
May-2026,40227699,1850
May-2026,40258010,1848
May-2026,40236893,1847
May-2026,40240638,1847
May-2026,40241105,1847
May-2026,40241163,1847
May-2026,40251358,1847
May-2026,40221404,1846
May-2026,40225214,1846
May-2026,40227025,1844
May-2026,40230644,1844
May-2026,40254612,1844
May-2026,40235130,1843
May-2026,40254285,1843
May-2026,40255621,1842
May-2026,40232280,1841
May-2026,40234111,1841
May-2026,40221691,1840
May-2026,40230204,1839
May-2026,40232728,1839
May-2026,40228171,1838
May-2026,40244006,1838
May-2026,40253173,1838
May-2026,40232506,1837
May-2026,40249178,1837
May-2026,40244073,1836
May-2026,40250140,1836
May-2026,40243234,1835
May-2026,40235080,1834
May-2026,40241613,1834
May-2026,40255321,1834
May-2026,40228373,1833
May-2026,40230408,1833
May-2026,40240357,1833
May-2026,40229063,1832
May-2026,40241690,1832
May-2026,40257279,1832
May-2026,40224863,1831
May-2026,40228244,1831
May-2026,40229283,1831
May-2026,40250070,1831
May-2026,40254660,1831
May-2026,40230586,1830
May-2026,40235911,1830
May-2026,40236757,1830
May-2026,40230662,1829
May-2026,40254576,1829
May-2026,40221434,1828
May-2026,40253037,1828
May-2026,30000516,1827
May-2026,40235555,1827
May-2026,40218336,1826
May-2026,40248661,1826
May-2026,40253931,1826
May-2026,40229151,1825
May-2026,40244824,1825
May-2026,40248196,1825
May-2026,40252205,1825
May-2026,40248646,1823
May-2026,40236795,1822
May-2026,40251951,1822
May-2026,40255440,1822
May-2026,40226822,1821
May-2026,40232249,1821
May-2026,40234102,1819
May-2026,40241989,1819
May-2026,40234473,1818
May-2026,40249744,1818
May-2026,40233146,1817
May-2026,40233960,1817
May-2026,40245649,1817
May-2026,40233296,1816
May-2026,40240706,1816
May-2026,40253817,1816
May-2026,40237293,1815
May-2026,40216784,1814
May-2026,40224608,1813
May-2026,40235286,1813
May-2026,40226343,1812
May-2026,40233761,1812
May-2026,40235162,1811
May-2026,40240737,1811
May-2026,40247709,1811
May-2026,40249158,1811
May-2026,40255948,1811
May-2026,40257211,1811
May-2026,40228236,1810
May-2026,40252565,1810
May-2026,40253047,1810
May-2026,40241787,1809
May-2026,40242287,1809
May-2026,40251604,1809
May-2026,40249110,1807
May-2026,40253504,1807
May-2026,40221595,1805
May-2026,40222615,1805
May-2026,40224170,1805
May-2026,40236699,1805
May-2026,40246320,1805
May-2026,40240402,1804
May-2026,40243169,1804
May-2026,40244320,1804
May-2026,40240883,1803
May-2026,40246029,1803
May-2026,40251690,1803
May-2026,40242206,1802
May-2026,40233441,1801
May-2026,40244719,1801
May-2026,40227490,1800
May-2026,40236780,1800
May-2026,40239566,1800
May-2026,40230465,1799
May-2026,40234587,1799
May-2026,40238301,1799
May-2026,40246589,1799
May-2026,40225839,1796
May-2026,40232061,1796
May-2026,40223612,1795
May-2026,40234745,1795
May-2026,40245982,1795
May-2026,40232805,1794
May-2026,40233027,1794
May-2026,40235069,1794
May-2026,40228730,1793
May-2026,40233109,1793
May-2026,40224292,1792
May-2026,40227098,1792
May-2026,40232079,1792
May-2026,40224924,1791
May-2026,40226220,1791
May-2026,40238284,1791
May-2026,40221813,1790
May-2026,40223028,1790
May-2026,40249236,1790
May-2026,40253698,1790
May-2026,40239819,1789
May-2026,40234190,1788
May-2026,40240399,1788
May-2026,40241327,1787
May-2026,40248103,1787
May-2026,40242955,1786
May-2026,40257043,1786
May-2026,40238239,1785
May-2026,40247717,1785
May-2026,40252202,1785
May-2026,40249229,1784
May-2026,40238902,1782
May-2026,40247312,1781
May-2026,40236482,1780
May-2026,40245357,1780
May-2026,40248206,1779
May-2026,40230569,1777
May-2026,40241901,1777
May-2026,40226547,1776
May-2026,40234648,1776
May-2026,40237971,1776
May-2026,40247172,1776
May-2026,40255498,1776
May-2026,40237827,1775
May-2026,40243075,1775
May-2026,40227962,1774
May-2026,40231809,1774
May-2026,40242054,1774
May-2026,40245170,1774
May-2026,40240162,1772
May-2026,40243445,1772
May-2026,40245454,1772
May-2026,40234445,1771
May-2026,40248042,1771
May-2026,40225243,1770
May-2026,40229163,1770
May-2026,40234544,1770
May-2026,40241184,1770
May-2026,40224530,1769
May-2026,40230213,1769
May-2026,40230564,1769
May-2026,40231114,1769
May-2026,40234121,1769
May-2026,40239751,1769
May-2026,40233150,1768
May-2026,40239881,1768
May-2026,40251523,1767
May-2026,40222902,1765
May-2026,40224262,1765
May-2026,40247982,1765
May-2026,40225930,1764
May-2026,40234788,1764
May-2026,40244836,1764
May-2026,40250839,1764
May-2026,40231039,1763
May-2026,40237560,1763
May-2026,40250822,1763
May-2026,40221232,1762
May-2026,40226414,1762
May-2026,40231578,1762
May-2026,40227227,1761
May-2026,40235527,1761
May-2026,40239125,1761
May-2026,40242950,1761
May-2026,40247920,1761
May-2026,40235152,1760
May-2026,40257264,1760
May-2026,40238041,1759
May-2026,40257011,1759
May-2026,40225762,1758
May-2026,40254189,1758
May-2026,40256131,1758
May-2026,40240048,1757
May-2026,40202722,1755
May-2026,40246630,1755
May-2026,40249548,1755
May-2026,40245407,1754
May-2026,40245669,1754
May-2026,40255296,1753
May-2026,40228188,1752
May-2026,40230888,1752
May-2026,40231985,1752
May-2026,40233297,1752
May-2026,40242529,1752
May-2026,40222724,1751
May-2026,40225770,1751
May-2026,40223142,1750
May-2026,40231964,1750
May-2026,40244492,1748
May-2026,40254431,1748
May-2026,40247421,1747
May-2026,40256302,1747
May-2026,40225510,1746
May-2026,40232308,1746
May-2026,40247211,1746
May-2026,40226428,1745
May-2026,40228149,1745
May-2026,40241197,1745
May-2026,40233856,1744
May-2026,40240807,1744
May-2026,40243434,1744
May-2026,40251360,1744
May-2026,40227951,1743
May-2026,40258034,1743
May-2026,40229685,1742
May-2026,40238946,1742
May-2026,40256062,1742
May-2026,40226088,1741
May-2026,40230919,1741
May-2026,40251666,1741
May-2026,40237617,1740
May-2026,40238348,1739
May-2026,40247020,1738
May-2026,40222849,1737
May-2026,40224376,1737
May-2026,40228950,1737
May-2026,40229276,1737
May-2026,40222988,1735
May-2026,40226977,1735
May-2026,40233558,1735
May-2026,40221620,1734
May-2026,40224520,1734
May-2026,40250084,1734
May-2026,40250979,1734
May-2026,40224068,1733
May-2026,40219692,1732
May-2026,40246932,1732
May-2026,40232724,1730
May-2026,40238616,1730
May-2026,40253477,1730
May-2026,40256079,1730
May-2026,40257724,1730
May-2026,40222300,1729
May-2026,40224035,1729
May-2026,40235754,1729
May-2026,40242156,1729
May-2026,40249307,1729
May-2026,40251422,1729
May-2026,40220326,1728
May-2026,40223417,1728
May-2026,40225918,1728
May-2026,40229482,1728
May-2026,40246536,1728
May-2026,40249942,1728
May-2026,40227867,1727
May-2026,40224038,1726
May-2026,40234987,1726
May-2026,40246807,1726
May-2026,30000515,1725
May-2026,40229942,1725
May-2026,40242394,1725
May-2026,40251733,1725
May-2026,40222745,1724
May-2026,40226005,1724
May-2026,40247302,1724
May-2026,40221754,1723
May-2026,40241782,1723
May-2026,21730000,1722
May-2026,40229978,1722
May-2026,40241488,1722
May-2026,40233625,1721
May-2026,40245476,1721
May-2026,40224350,1720
May-2026,40234488,1720
May-2026,40234982,1720
May-2026,40238072,1719
May-2026,40244278,1719
May-2026,40252814,1719
May-2026,40222378,1718
May-2026,30000459,1717
May-2026,40237507,1717
May-2026,40240845,1717
May-2026,40244652,1717
May-2026,40247363,1717
May-2026,40231049,1716
May-2026,40241138,1716
May-2026,40243497,1716
May-2026,40254193,1716
May-2026,40256795,1716
May-2026,40243563,1715
May-2026,40243073,1714
May-2026,40249191,1714
May-2026,40224273,1713
May-2026,40231806,1713
May-2026,40238325,1713
May-2026,40231526,1712
May-2026,40237925,1712
May-2026,40249494,1712
May-2026,40257781,1712
May-2026,40223319,1711
May-2026,40239343,1711
May-2026,40243988,1711
May-2026,40247672,1709
May-2026,40256542,1709
May-2026,40251467,1708
May-2026,40221450,1707
May-2026,40227625,1707
May-2026,40244373,1706
May-2026,40249863,1706
May-2026,40253274,1706
May-2026,40227793,1705
May-2026,40231538,1705
May-2026,40239177,1705
May-2026,40253824,1705
May-2026,40226964,1704
May-2026,40230069,1703
May-2026,40241984,1703
May-2026,40218911,1702
May-2026,40228463,1702
May-2026,40240053,1702
May-2026,40243469,1702
May-2026,40230991,1701
May-2026,40232696,1700
May-2026,40243509,1700
May-2026,40247263,1700
May-2026,40226383,1699
May-2026,40253092,1699
May-2026,40245037,1698
May-2026,40246022,1698
May-2026,40233636,1697
May-2026,40241168,1697
May-2026,40254925,1697
May-2026,23934963,1696
May-2026,40217871,1696
May-2026,40235562,1696
May-2026,40242748,1696
May-2026,40256460,1696
May-2026,40221362,1695
May-2026,40234219,1695
May-2026,40224635,1694
May-2026,40232266,1694
May-2026,40234366,1694
May-2026,40223739,1693
May-2026,40234425,1693
May-2026,40238018,1693
May-2026,40238147,1693
May-2026,40236168,1691
May-2026,40257948,1691
May-2026,40218920,1690
May-2026,40234537,1690
May-2026,40249059,1690
May-2026,40232314,1689
May-2026,40225601,1688
May-2026,40236552,1688
May-2026,40239347,1688
May-2026,40253437,1688
May-2026,40232936,1687
May-2026,40228301,1686
May-2026,40231585,1686
May-2026,40243106,1686
May-2026,40251687,1686
May-2026,40227147,1684
May-2026,40234330,1683
May-2026,40240287,1683
May-2026,40252799,1683
May-2026,40235674,1682
May-2026,40240715,1682
May-2026,40247239,1682
May-2026,40256325,1682
May-2026,40234773,1681
May-2026,40241251,1681
May-2026,40223155,1680
May-2026,40253322,1680
May-2026,40255823,1679
May-2026,40224738,1678
May-2026,40234595,1677
May-2026,40240829,1677
May-2026,40242655,1677
May-2026,40231012,1676
May-2026,40236166,1675
May-2026,40227829,1674
May-2026,40252707,1674
May-2026,40254423,1674
May-2026,40230440,1672
May-2026,40253420,1672
May-2026,40239568,1671
May-2026,40244861,1671
May-2026,40252674,1671
May-2026,40228760,1670
May-2026,40229159,1670
May-2026,40213651,1669
May-2026,40232323,1669
May-2026,40250954,1668
May-2026,40226655,1667
May-2026,40235309,1667
May-2026,40236674,1667
May-2026,40257920,1667
May-2026,40225461,1666
May-2026,40227446,1666
May-2026,40252367,1666
May-2026,40230233,1665
May-2026,40230716,1665
May-2026,40246696,1665
May-2026,40249342,1664
May-2026,40228027,1663
May-2026,40240678,1663
May-2026,40224523,1662
May-2026,40232769,1662
May-2026,40247077,1662
May-2026,40255923,1661
May-2026,40248634,1660
May-2026,40249579,1660
May-2026,40231139,1659
May-2026,40234358,1658
May-2026,40237407,1658
May-2026,40246991,1658
May-2026,40256187,1658
May-2026,40235355,1657
May-2026,40242853,1657
May-2026,40246401,1657
May-2026,40228970,1656
May-2026,40247984,1656
May-2026,40253360,1656
May-2026,40257286,1656
May-2026,40229176,1655
May-2026,40245928,1655
May-2026,40247573,1655
May-2026,40236063,1654
May-2026,40252081,1654
May-2026,40256584,1654
May-2026,40252748,1653
May-2026,40253831,1653
May-2026,40236106,1652
May-2026,40227124,1651
May-2026,40235284,1651
May-2026,40243522,1651
May-2026,40255094,1651
May-2026,40232818,1650
May-2026,40235386,1649
May-2026,40232198,1648
May-2026,40232416,1648
May-2026,40249916,1648
May-2026,40253476,1648
May-2026,40234161,1647
May-2026,40242846,1647
May-2026,40258205,1647
May-2026,40221846,1646
May-2026,40226499,1646
May-2026,40236171,1646
May-2026,40256268,1646
May-2026,40225082,1645
May-2026,40229327,1645
May-2026,40242109,1645
May-2026,40249200,1645
May-2026,40225906,1644
May-2026,40242191,1644
May-2026,40245948,1644
May-2026,40222324,1643
May-2026,40231531,1643
May-2026,40242591,1643
May-2026,40246151,1643
May-2026,40223509,1642
May-2026,40232384,1641
May-2026,40234853,1641
May-2026,40242106,1641
May-2026,40244795,1641
May-2026,30000531,1640
May-2026,40215202,1640
May-2026,40231336,1639
May-2026,40244526,1639
May-2026,40228543,1638
May-2026,40229661,1637
May-2026,40230101,1637
May-2026,40234808,1637
May-2026,40223021,1636
May-2026,40232824,1636
May-2026,40239318,1636
May-2026,40227942,1635
May-2026,40239057,1635
May-2026,40240261,1635
May-2026,40241050,1635
May-2026,40236309,1634
May-2026,40242891,1634
May-2026,40256075,1634
May-2026,23473990,1633
May-2026,40228996,1633
May-2026,40229693,1633
May-2026,40240973,1633
May-2026,40256744,1633
May-2026,40257198,1633
May-2026,40228174,1632
May-2026,40239048,1632
May-2026,40244954,1632
May-2026,40248290,1632
May-2026,40235952,1631
May-2026,40251843,1631
May-2026,23441369,1630
May-2026,40238388,1629
May-2026,40241042,1629
May-2026,40249841,1629
May-2026,40250063,1629
May-2026,40250630,1629
May-2026,40223575,1628
May-2026,40226306,1628
May-2026,40250428,1628
May-2026,40257185,1628
May-2026,40230143,1627
May-2026,40242091,1627
May-2026,40223640,1626
May-2026,40254781,1626
May-2026,40228112,1625
May-2026,40233373,1625
May-2026,40233427,1625
May-2026,40257328,1625
May-2026,40219258,1624
May-2026,40223670,1624
May-2026,40230145,1624
May-2026,40254160,1624
May-2026,40236032,1622
May-2026,40236962,1622
May-2026,40241567,1622
May-2026,40222586,1619
May-2026,40256792,1619
May-2026,40225417,1618
May-2026,40229226,1618
May-2026,40257641,1618
May-2026,40258198,1618
May-2026,40239572,1617
May-2026,40223557,1616
May-2026,40229263,1616
May-2026,40246879,1616
May-2026,40246896,1616
May-2026,40252088,1616
May-2026,40257993,1616
May-2026,40240428,1615
May-2026,40231547,1614
May-2026,40236971,1614
May-2026,40221735,1612
May-2026,40233006,1612
May-2026,40248765,1612
May-2026,40248002,1611
May-2026,40223841,1610
May-2026,40232150,1610
May-2026,40249687,1610
May-2026,40252536,1610
May-2026,40233665,1609
May-2026,40238234,1609
May-2026,40219524,1607
May-2026,40226737,1607
May-2026,40240420,1607
May-2026,40245333,1607
May-2026,40248902,1607
May-2026,40233326,1606
May-2026,40254203,1606
May-2026,40227694,1605
May-2026,40236108,1605
May-2026,40245674,1605
May-2026,40254366,1605
May-2026,40235436,1604
May-2026,40244684,1604
May-2026,40249150,1604
May-2026,40257759,1604
May-2026,40225846,1603
May-2026,40226020,1603
May-2026,40231943,1603
May-2026,40244593,1602
May-2026,40225364,1601
May-2026,40238452,1601
May-2026,40247001,1601
May-2026,40257485,1601
May-2026,40257800,1601
May-2026,40257684,1600
May-2026,40221145,1599
May-2026,40229352,1599
May-2026,40225791,1598
May-2026,40234411,1598
May-2026,40255630,1598
May-2026,40242043,1597
May-2026,40226334,1596
May-2026,40226369,1596
May-2026,40243631,1596
May-2026,40225388,1595
May-2026,40238721,1594
May-2026,40243942,1594
May-2026,40251078,1594
May-2026,23614212,1593
May-2026,40233951,1593
May-2026,40235805,1593
May-2026,40233397,1592
May-2026,40251429,1592
May-2026,40254866,1592
May-2026,40257038,1592
May-2026,40257662,1592
May-2026,40241310,1591
May-2026,40257938,1590
May-2026,40227677,1589
May-2026,40241025,1589
May-2026,40243264,1589
May-2026,40250092,1589
May-2026,40227804,1588
May-2026,40241893,1588
May-2026,40231124,1587
May-2026,40242545,1586
May-2026,40246076,1586
May-2026,40246324,1586
May-2026,40227352,1584
May-2026,40230206,1584
May-2026,40232013,1584
May-2026,40223856,1583
May-2026,40232646,1583
May-2026,40217943,1582
May-2026,40231711,1582
May-2026,40236327,1582
May-2026,40244056,1582
May-2026,40247503,1582
May-2026,40256550,1582
May-2026,40228765,1581
May-2026,40241781,1581
May-2026,40215678,1579
May-2026,40226917,1579
May-2026,40229548,1579
May-2026,40231075,1579
May-2026,40228933,1578
May-2026,40231166,1578
May-2026,40236107,1578
May-2026,40226895,1577
May-2026,40235407,1577
May-2026,40232106,1576
May-2026,40238988,1576
May-2026,40239805,1576
May-2026,40256445,1576
May-2026,40066519,1575
May-2026,40223399,1575
May-2026,40245931,1575
May-2026,40255250,1575
May-2026,40218925,1574
May-2026,40224744,1574
May-2026,40228147,1574
May-2026,40229783,1574
May-2026,40236905,1574
May-2026,40257076,1574
May-2026,40224097,1573
May-2026,40232727,1573
May-2026,40252785,1573
May-2026,40226904,1572
May-2026,40227900,1572
May-2026,40230457,1572
May-2026,40242996,1572
May-2026,40243530,1572
May-2026,40256793,1572
May-2026,40232922,1571
May-2026,40234392,1571
May-2026,40255550,1571
May-2026,40227574,1570
May-2026,40250276,1570
May-2026,40221416,1569
May-2026,40224535,1569
May-2026,40240740,1569
May-2026,40242913,1569
May-2026,40235921,1568
May-2026,40246371,1568
May-2026,40225247,1567
May-2026,40252914,1567
May-2026,40254749,1567
May-2026,40240989,1566
May-2026,40244659,1566
May-2026,23947951,1565
May-2026,40251121,1565
May-2026,40253922,1564
May-2026,40256366,1564
May-2026,40225988,1563
May-2026,40226509,1563
May-2026,40235807,1563
May-2026,40244825,1563
May-2026,40248456,1563
May-2026,40237345,1562
May-2026,40229993,1561
May-2026,40233162,1561
May-2026,40242173,1561
May-2026,40246785,1561
May-2026,40235388,1560
May-2026,40255794,1560
May-2026,40225899,1559
May-2026,40246039,1559
May-2026,40219694,1558
May-2026,40223334,1558
May-2026,40237389,1558
May-2026,40240941,1558
May-2026,40239700,1557
May-2026,40240769,1557
May-2026,40242505,1557
May-2026,40248242,1557
May-2026,40253002,1557
May-2026,40253183,1557
May-2026,40256276,1557
May-2026,40224804,1556
May-2026,40256777,1556
May-2026,40223391,1555
May-2026,40231768,1555
May-2026,40249713,1555
May-2026,40226046,1554
May-2026,40229475,1554
May-2026,40252652,1554
May-2026,40238859,1553
May-2026,40248638,1553
May-2026,40253204,1553
May-2026,40255169,1553
May-2026,40247052,1552
May-2026,40219558,1551
May-2026,40231609,1551
May-2026,40232185,1550
May-2026,40237442,1550
May-2026,40241119,1550
May-2026,40253237,1550
May-2026,40222967,1549
May-2026,40251212,1549
May-2026,40239473,1548
May-2026,40240120,1548
May-2026,40249513,1548
May-2026,40231022,1547
May-2026,40234935,1547
May-2026,40241885,1547
May-2026,40254169,1546
May-2026,40255053,1546
May-2026,40258350,1546
May-2026,40236790,1545
May-2026,40240558,1545
May-2026,40232120,1544
May-2026,40243548,1544
May-2026,40234976,1543
May-2026,40228480,1542
May-2026,40229637,1542
May-2026,40229724,1542
May-2026,40238293,1542
May-2026,40228786,1541
May-2026,40237337,1541
May-2026,40228495,1540
May-2026,40230425,1539
May-2026,40237550,1539
May-2026,40245181,1539
May-2026,40249825,1539
May-2026,40235394,1537
May-2026,40239386,1537
May-2026,40247532,1537
May-2026,40218860,1536
May-2026,40225947,1536
May-2026,40253254,1536
May-2026,40256484,1536
May-2026,40228446,1534
May-2026,40247305,1534
May-2026,40250444,1534
May-2026,40257241,1534
May-2026,40257440,1534
May-2026,40225372,1532
May-2026,40224778,1531
May-2026,40225760,1531
May-2026,40232461,1531
May-2026,40234285,1531
May-2026,40237954,1531
May-2026,40240320,1531
May-2026,40250531,1531
May-2026,40257464,1531
May-2026,40245017,1530
May-2026,40250738,1530
May-2026,40225165,1529
May-2026,40225393,1529
May-2026,40249691,1529
May-2026,40240808,1528
May-2026,40251989,1528
May-2026,40252688,1528
May-2026,40255686,1528
May-2026,40230592,1527
May-2026,40229248,1526
May-2026,40223954,1525
May-2026,40229288,1525
May-2026,40233923,1525
May-2026,40234712,1525
May-2026,40235085,1525
May-2026,40243960,1525
May-2026,40244080,1525
May-2026,40222117,1524
May-2026,40231640,1524
May-2026,40232494,1524
May-2026,40258167,1524
May-2026,40246942,1523
May-2026,40237906,1522
May-2026,40226108,1520
May-2026,40227221,1520
May-2026,40231613,1520
May-2026,40236186,1520
May-2026,40245863,1520
May-2026,40249149,1519
May-2026,40230756,1517
May-2026,40249281,1517
May-2026,40250795,1517
May-2026,40223976,1516
May-2026,40249136,1516
May-2026,40252416,1516
May-2026,40254585,1516
May-2026,40223157,1515
May-2026,40231856,1515
May-2026,40239149,1515
May-2026,40245749,1515
May-2026,40241376,1514
May-2026,40244633,1514
May-2026,40252470,1514
May-2026,40255246,1514
May-2026,40226280,1513
May-2026,40246699,1513
May-2026,40235870,1511
May-2026,40224508,1510
May-2026,40235379,1510
May-2026,40256710,1509
May-2026,40235110,1508
May-2026,40242309,1508
May-2026,40250965,1508
May-2026,40228016,1507
May-2026,40236941,1507
May-2026,40238580,1507
May-2026,40237340,1506
May-2026,40240680,1506
May-2026,40245103,1506
May-2026,40250790,1506
May-2026,40257520,1506
May-2026,40223610,1504
May-2026,40246935,1504
May-2026,40248920,1504
May-2026,40242977,1503
May-2026,40231083,1502
May-2026,40246964,1502
May-2026,40218996,1501
May-2026,40252366,1501
May-2026,40224885,1500
May-2026,40232596,1500
May-2026,40248481,1500
May-2026,40243065,1499
May-2026,40231447,1498
May-2026,40248670,1498
May-2026,40249453,1498
May-2026,40242255,1497
May-2026,40244295,1497
May-2026,40253063,1497
May-2026,40223621,1496
May-2026,40230236,1496
May-2026,40234738,1496
May-2026,40224600,1495
May-2026,40225573,1495
May-2026,40234124,1495
May-2026,40253678,1495
May-2026,40240993,1494
May-2026,40247284,1494
May-2026,40252525,1494
May-2026,40228832,1493
May-2026,40241967,1493
May-2026,40245130,1493
May-2026,40252611,1493
May-2026,40255960,1493
May-2026,40252382,1492
May-2026,40226911,1491
May-2026,40219460,1490
May-2026,40234784,1490
May-2026,40242740,1490
May-2026,40249723,1489
May-2026,40251686,1489
May-2026,40253704,1489
May-2026,40255834,1489
May-2026,40220592,1488
May-2026,23692255,1487
May-2026,40233192,1487
May-2026,40239243,1487
May-2026,40253341,1487
May-2026,40254968,1487
May-2026,40251091,1486
May-2026,40235786,1485
May-2026,40240850,1485
May-2026,40247427,1485
May-2026,40251225,1484
May-2026,40253262,1484
May-2026,40230892,1483
May-2026,40234321,1483
May-2026,40252871,1483
May-2026,40221432,1482
May-2026,40231522,1482
May-2026,40241602,1482
May-2026,40224444,1481
May-2026,40244016,1481
May-2026,40255597,1481
May-2026,40254479,1479
May-2026,40229085,1478
May-2026,40233534,1478
May-2026,40256464,1478
May-2026,40257166,1478
May-2026,40244781,1477
May-2026,40252339,1477
May-2026,40255943,1477
May-2026,40228913,1476
May-2026,40231556,1475
May-2026,40255173,1475
May-2026,40229653,1474
May-2026,40225153,1473
May-2026,40244345,1472
May-2026,40253606,1472
May-2026,40231649,1471
May-2026,40238271,1471
May-2026,40249607,1471
May-2026,40233581,1470
May-2026,40240811,1470
May-2026,40256737,1470
May-2026,40224823,1469
May-2026,40227590,1469
May-2026,40231766,1469
May-2026,40235408,1469
May-2026,40253891,1469
May-2026,40220439,1468
May-2026,40227333,1466
May-2026,40232342,1466
May-2026,40224430,1465
May-2026,40229967,1465
May-2026,40232809,1465
May-2026,40221155,1464
May-2026,40225219,1464
May-2026,40232075,1464
May-2026,40233817,1464
May-2026,40235905,1464
May-2026,40241705,1464
May-2026,40256909,1464
May-2026,40225276,1462
May-2026,40239711,1462
May-2026,40248417,1462
May-2026,40253961,1462
May-2026,40257498,1462
May-2026,40233612,1461
May-2026,40239558,1461
May-2026,40242035,1461
May-2026,40228740,1460
May-2026,40245877,1460
May-2026,40249989,1460
May-2026,40253765,1460
May-2026,40247201,1459
May-2026,40250742,1459
May-2026,40226191,1458
May-2026,40238545,1458
May-2026,40242432,1458
May-2026,40246098,1458
May-2026,40230770,1457
May-2026,40239037,1457
May-2026,40240939,1457
May-2026,40235925,1456
May-2026,40240684,1456
May-2026,40244619,1456
May-2026,40255285,1456
May-2026,40243877,1455
May-2026,23714033,1454
May-2026,40222142,1454
May-2026,40223911,1454
May-2026,40225486,1454
May-2026,40229184,1454
May-2026,40242492,1454
May-2026,40251270,1454
May-2026,40218142,1453
May-2026,40225743,1453
May-2026,40255910,1453
May-2026,40234554,1452
May-2026,40247449,1452
May-2026,40253376,1452
May-2026,40254374,1452
May-2026,40239459,1451
May-2026,40255406,1451
May-2026,40219395,1450
May-2026,40241622,1450
May-2026,40226038,1449
May-2026,40227310,1449
May-2026,40233012,1449
May-2026,40255322,1449
May-2026,40223998,1448
May-2026,40239341,1448
May-2026,40242047,1448
May-2026,40236709,1447
May-2026,40220629,1446
May-2026,40228570,1446
May-2026,40230769,1446
May-2026,40238495,1446
May-2026,40243191,1446
May-2026,40254051,1446
May-2026,40256473,1445
May-2026,40228088,1444
May-2026,40229987,1444
May-2026,40231467,1444
May-2026,40237482,1444
May-2026,40239403,1444
May-2026,40244448,1444
May-2026,40230003,1443
May-2026,40238583,1442
May-2026,40240336,1442
May-2026,40242451,1442
May-2026,40245769,1442
May-2026,40233125,1441
May-2026,40234736,1441
May-2026,40258336,1441
May-2026,40254096,1440
May-2026,40255937,1440
May-2026,40249933,1438
May-2026,40250157,1438
May-2026,40230748,1437
May-2026,40228589,1436
May-2026,40242033,1436
May-2026,40255911,1435
May-2026,40243774,1434
May-2026,40242365,1433
May-2026,40250324,1433
May-2026,40252100,1433
May-2026,40240525,1432
May-2026,40240998,1432
May-2026,40241395,1432
May-2026,40243921,1432
May-2026,40244369,1432
May-2026,40231026,1431
May-2026,40235766,1431
May-2026,40236918,1431
May-2026,40241252,1431
May-2026,40245171,1431
May-2026,40238310,1430
May-2026,40243586,1430
May-2026,40250906,1430
May-2026,40257797,1430
May-2026,40225693,1429
May-2026,40226244,1429
May-2026,40236812,1429
May-2026,40240441,1429
May-2026,40245959,1429
May-2026,40225688,1428
May-2026,40226368,1427
May-2026,40236438,1427
May-2026,40247617,1427
May-2026,40253806,1427
May-2026,40229806,1426
May-2026,40241363,1426
May-2026,40256457,1426
May-2026,40061097,1425
May-2026,40225928,1425
May-2026,40230633,1425
May-2026,40241992,1425
May-2026,40224474,1424
May-2026,40224499,1424
May-2026,40234040,1424
May-2026,40237444,1424
May-2026,40242167,1424
May-2026,40246764,1424
May-2026,40257401,1424
May-2026,40224883,1423
May-2026,40224897,1423
May-2026,40243645,1423
May-2026,40244692,1423
May-2026,40253676,1423
May-2026,40220936,1422
May-2026,40223471,1422
May-2026,40229205,1422
May-2026,40230570,1422
May-2026,40234237,1422
May-2026,40239662,1422
May-2026,40230886,1421
May-2026,40232946,1421
May-2026,40238599,1421
May-2026,40240820,1421
May-2026,40244803,1421
May-2026,40252593,1421
May-2026,40225612,1420
May-2026,40225347,1419
May-2026,40226568,1419
May-2026,40228011,1419
May-2026,40232929,1419
May-2026,40239268,1419
May-2026,40242897,1419
May-2026,40244704,1419
May-2026,40245462,1419
May-2026,40225588,1418
May-2026,40225052,1417
May-2026,40226651,1417
May-2026,40227772,1417
May-2026,40237969,1417
May-2026,40250689,1417
May-2026,40254886,1417
May-2026,40219072,1416
May-2026,40225237,1416
May-2026,40250633,1416
May-2026,40222885,1415
May-2026,40239982,1415
May-2026,40243788,1415
May-2026,40246507,1414
May-2026,40219388,1413
May-2026,40230193,1413
May-2026,40236748,1413
May-2026,40239298,1413
May-2026,40239913,1413
May-2026,40240954,1412
May-2026,40241929,1412
May-2026,40257272,1412
May-2026,40223737,1411
May-2026,40224438,1410
May-2026,40243338,1410
May-2026,40247337,1410
May-2026,40252353,1410
May-2026,40228708,1409
May-2026,40235598,1409
May-2026,40239215,1409
May-2026,40239346,1409
May-2026,40240726,1409
May-2026,40241324,1409
May-2026,40239067,1408
May-2026,40247578,1408
May-2026,40217440,1407
May-2026,40228510,1407
May-2026,40223162,1406
May-2026,40219385,1405
May-2026,40232136,1405
May-2026,40247943,1405
May-2026,40221316,1404
May-2026,40252370,1404
May-2026,40255800,1404
May-2026,40256922,1404
May-2026,40222104,1403
May-2026,40248843,1403
May-2026,40255894,1403
May-2026,40231233,1402
May-2026,40255046,1402
May-2026,40225022,1401
May-2026,40225298,1401
May-2026,40227840,1401
May-2026,40232009,1401
May-2026,40235246,1401
May-2026,40251206,1401
May-2026,40251341,1401
May-2026,40228514,1400
May-2026,40232957,1400
May-2026,40246259,1400
May-2026,40257243,1400
May-2026,40245516,1399
May-2026,40221246,1398
May-2026,40230211,1398
May-2026,40240015,1398
May-2026,40254514,1398
May-2026,40225710,1397
May-2026,40231247,1397
May-2026,40236519,1397
May-2026,40225142,1396
May-2026,40237188,1396
May-2026,40237944,1396
May-2026,40240758,1396
May-2026,23846220,1395
May-2026,40236593,1395
May-2026,40255902,1395
May-2026,40224549,1394
May-2026,40229977,1394
May-2026,40239675,1394
May-2026,40251767,1394
May-2026,40235123,1393
May-2026,40239552,1393
May-2026,40242315,1393
May-2026,40256586,1393
May-2026,40258165,1392
May-2026,40240920,1391
May-2026,40248474,1391
May-2026,40250781,1389
May-2026,40258085,1389
May-2026,40234169,1388
May-2026,40234246,1388
May-2026,40225317,1387
May-2026,40222539,1386
May-2026,40230139,1386
May-2026,40241916,1386
May-2026,40250798,1386
May-2026,40253750,1386
May-2026,40221517,1385
May-2026,40232743,1385
May-2026,40235260,1385
May-2026,40235845,1385
May-2026,40237028,1385
May-2026,40251670,1385
May-2026,40253383,1385
May-2026,40224007,1384
May-2026,40224887,1384
May-2026,40226155,1384
May-2026,40238919,1384
May-2026,40244486,1384
May-2026,40234534,1383
May-2026,40245498,1383
May-2026,40172453,1382
May-2026,40237477,1382
May-2026,40252329,1382
May-2026,40222049,1381
May-2026,40238155,1381
May-2026,40241886,1381
May-2026,40253848,1381
May-2026,40230724,1380
May-2026,40232883,1380
May-2026,40236444,1380
May-2026,40222377,1379
May-2026,40230343,1379
May-2026,40234435,1379
May-2026,40237070,1379
May-2026,40243628,1379
May-2026,40249043,1379
May-2026,40249820,1379
May-2026,40247739,1378
May-2026,40251511,1378
May-2026,40231044,1377
May-2026,40250779,1377
May-2026,40219719,1376
May-2026,40247931,1376
May-2026,40251060,1376
May-2026,40257449,1375
May-2026,40219537,1374
May-2026,40233862,1374
May-2026,40251030,1374
May-2026,40252138,1374
May-2026,40217785,1373
May-2026,40245724,1373
May-2026,40241954,1372
May-2026,40256531,1372
May-2026,40256877,1372
May-2026,40246975,1371
May-2026,40228341,1370
May-2026,40230521,1370
May-2026,40253518,1370
May-2026,40233846,1369
May-2026,40239648,1369
May-2026,40248378,1369
May-2026,40217377,1368
May-2026,40236981,1368
May-2026,40237655,1368
May-2026,40241928,1368
May-2026,40235422,1367
May-2026,40235606,1367
May-2026,40225844,1366
May-2026,40249573,1363
May-2026,40241300,1362
May-2026,40253016,1362
May-2026,40255211,1362
May-2026,40256860,1362
May-2026,40233733,1361
May-2026,40243082,1361
May-2026,40244868,1361
May-2026,40227499,1360
May-2026,40225470,1359
May-2026,40242579,1359
May-2026,40247611,1358
May-2026,40255615,1358
May-2026,40223893,1357
May-2026,40224348,1357
May-2026,40225845,1357
May-2026,40242178,1357
May-2026,40230700,1356
May-2026,40235847,1356
May-2026,40252398,1356
May-2026,40255640,1356
May-2026,40230793,1355
May-2026,40237814,1355
May-2026,40241266,1355
May-2026,40246229,1355
May-2026,40246478,1355
May-2026,40256048,1355
May-2026,22383176,1354
May-2026,40226987,1354
May-2026,40231063,1354
May-2026,40236412,1354
May-2026,40240186,1354
May-2026,40241938,1354
May-2026,40246000,1354
May-2026,40250970,1354
May-2026,40253714,1354
May-2026,22876186,1352
May-2026,40240575,1352
May-2026,40240801,1352
May-2026,40244899,1352
May-2026,40247501,1352
May-2026,40248756,1352
May-2026,40252567,1352
May-2026,40233307,1351
May-2026,40247152,1351
May-2026,40234077,1350
May-2026,40245148,1350
May-2026,40254739,1350
May-2026,40229506,1349
May-2026,40230860,1348
May-2026,20592087,1347
May-2026,40227943,1347
May-2026,40223446,1346
May-2026,40223736,1346
May-2026,40225787,1346
May-2026,40242344,1346
May-2026,40247947,1346
May-2026,40237989,1345
May-2026,40255472,1345
May-2026,40235535,1344
May-2026,40221200,1343
May-2026,40221972,1343
May-2026,40227100,1343
May-2026,40252710,1343
May-2026,40223577,1342
May-2026,40235471,1342
May-2026,40220641,1341
May-2026,40229720,1341
May-2026,40240921,1341
May-2026,40252310,1341
May-2026,40253292,1341
May-2026,40220963,1340
May-2026,40226851,1340
May-2026,40231787,1340
May-2026,40224740,1339
May-2026,40240407,1339
May-2026,40242702,1339
May-2026,40230931,1338
May-2026,40245351,1338
May-2026,40249712,1338
May-2026,40222200,1337
May-2026,40230951,1337
May-2026,40233364,1337
May-2026,40235086,1337
May-2026,40246544,1337
May-2026,40255432,1337
May-2026,40238100,1336
May-2026,40248671,1336
May-2026,40251375,1336
May-2026,40237753,1334
May-2026,40220315,1332
May-2026,40225229,1332
May-2026,40233644,1332
May-2026,40237587,1332
May-2026,40247942,1332
May-2026,40248872,1332
May-2026,40216634,1331
May-2026,40232389,1331
May-2026,40254577,1331
May-2026,40230363,1330
May-2026,40237152,1330
May-2026,40248798,1330
May-2026,40250809,1330
May-2026,40231329,1329
May-2026,40246002,1329
May-2026,40247894,1329
May-2026,40220750,1328
May-2026,40232003,1328
May-2026,40236908,1328
May-2026,40256151,1328
May-2026,40231663,1327
May-2026,40246812,1327
May-2026,40233519,1326
May-2026,40225353,1325
May-2026,40232879,1325
May-2026,40237383,1325
May-2026,40240062,1325
May-2026,40241118,1325
May-2026,40246959,1325
May-2026,40251132,1325
May-2026,40222448,1324
May-2026,40222481,1324
May-2026,40227312,1324
May-2026,40234983,1324
May-2026,40237317,1324
May-2026,40237718,1324
May-2026,40237938,1324
May-2026,40240335,1324
May-2026,40248620,1324
May-2026,40224775,1323
May-2026,40229435,1323
May-2026,40241900,1323
May-2026,40221018,1322
May-2026,40222196,1322
May-2026,40230954,1322
May-2026,40245086,1322
May-2026,40247721,1322
May-2026,40255422,1322
May-2026,40244604,1321
May-2026,40248966,1321
May-2026,40254020,1321
May-2026,40238748,1320
May-2026,40242211,1320
May-2026,40217217,1319
May-2026,40221716,1319
May-2026,40231686,1319
May-2026,40221364,1318
May-2026,40222827,1318
May-2026,40224566,1318
May-2026,40227850,1318
May-2026,40239248,1318
May-2026,40245777,1318
May-2026,40250050,1318
May-2026,40222607,1317
May-2026,40228349,1317
May-2026,40229250,1317
May-2026,40256351,1317
May-2026,40257770,1317
May-2026,40222516,1316
May-2026,40228522,1316
May-2026,40229672,1316
May-2026,40236522,1316
May-2026,40248403,1316
May-2026,40220571,1314
May-2026,40220736,1314
May-2026,40243166,1314
May-2026,40216035,1313
May-2026,40243598,1313
May-2026,22757016,1312
May-2026,40229570,1312
May-2026,40237838,1312
May-2026,40245277,1312
May-2026,40248404,1312
May-2026,40254945,1312
May-2026,40232933,1311
May-2026,40254508,1311
May-2026,40227016,1310
May-2026,40240671,1310
May-2026,40227654,1309
May-2026,40253650,1309
May-2026,40249508,1308
May-2026,40252603,1308
May-2026,40253004,1307
May-2026,40255064,1307
May-2026,40185229,1306
May-2026,40242001,1306
May-2026,40238526,1305
May-2026,40243417,1305
May-2026,40247373,1305
May-2026,40254786,1305
May-2026,40230910,1304
May-2026,40235142,1304
May-2026,40241391,1304
May-2026,40246965,1304
May-2026,40255227,1304
May-2026,40254081,1303
May-2026,30000549,1302
May-2026,40226751,1302
May-2026,40231912,1302
May-2026,40245638,1302
May-2026,40246847,1301
May-2026,40246450,1300
May-2026,40255663,1300
May-2026,23383187,1299
May-2026,40229147,1299
May-2026,40229289,1298
May-2026,40232787,1298
May-2026,40253608,1297
May-2026,40226797,1296
May-2026,40233801,1296
May-2026,40252184,1296
May-2026,40256513,1296
May-2026,40223494,1295
May-2026,40232105,1295
May-2026,40241167,1295
May-2026,40247237,1295
May-2026,40253990,1295
May-2026,40258254,1295
May-2026,40231277,1294
May-2026,40232286,1294
May-2026,40238948,1294
May-2026,40248841,1294
May-2026,40251222,1294
May-2026,40252041,1294
May-2026,40252598,1294
May-2026,40248952,1293
May-2026,40250713,1293
May-2026,40255218,1293
May-2026,40255865,1293
May-2026,40231512,1292
May-2026,40239058,1292
May-2026,40247458,1292
May-2026,40224951,1291
May-2026,40236011,1291
May-2026,40239474,1291
May-2026,40240674,1291
May-2026,40247590,1291
May-2026,40239693,1290
May-2026,40241785,1290
May-2026,40248964,1290
May-2026,40232550,1289
May-2026,40240826,1289
May-2026,40231222,1288
May-2026,40232959,1288
May-2026,40237889,1288
May-2026,40255387,1288
May-2026,40224162,1287
May-2026,40238450,1287
May-2026,40240206,1287
May-2026,40240917,1287
May-2026,40246012,1287
May-2026,40229487,1286
May-2026,40246278,1286
May-2026,40252255,1286
May-2026,40225797,1285
May-2026,40230589,1285
May-2026,40241555,1285
May-2026,40211862,1284
May-2026,40222892,1284
May-2026,40236012,1284
May-2026,40245255,1284
May-2026,40250461,1284
May-2026,40254146,1284
May-2026,40238858,1283
May-2026,40234861,1282
May-2026,40225903,1281
May-2026,40231207,1281
May-2026,40244335,1281
May-2026,40246408,1281
May-2026,40231969,1280
May-2026,40234360,1280
May-2026,40247808,1280
May-2026,40251435,1277
May-2026,40254710,1277
May-2026,40228210,1276
May-2026,40236139,1276
May-2026,40219826,1275
May-2026,40222405,1275
May-2026,40224968,1275
May-2026,40227465,1275
May-2026,40247307,1275
May-2026,40228447,1274
May-2026,40237514,1274
May-2026,40245684,1274
May-2026,40250886,1274
May-2026,40255995,1274
May-2026,40223847,1273
May-2026,40234540,1273
May-2026,40237310,1273
May-2026,40253249,1273
May-2026,40224394,1272
May-2026,40231204,1272
May-2026,40237139,1272
May-2026,40243280,1272
May-2026,40251016,1272
May-2026,40256613,1272
May-2026,40234114,1271
May-2026,40236928,1271
May-2026,40248772,1271
May-2026,40227012,1270
May-2026,40237835,1270
May-2026,40247308,1270
May-2026,40251702,1270
May-2026,40257534,1270
May-2026,40240463,1269
May-2026,40243856,1269
May-2026,40256686,1269
May-2026,40232036,1268
May-2026,40240322,1268
May-2026,40242780,1268
May-2026,40234491,1267
May-2026,40249951,1267
May-2026,40254050,1267
May-2026,40228218,1266
May-2026,40231756,1266
May-2026,40244555,1266
May-2026,40247419,1266
May-2026,40254380,1266
May-2026,40231570,1265
May-2026,40236507,1265
May-2026,40242021,1265
May-2026,40234719,1264
May-2026,40237893,1264
May-2026,40253134,1264
May-2026,40217686,1263
May-2026,40222883,1263
May-2026,40233422,1263
May-2026,40239442,1263
May-2026,40228308,1262
May-2026,40240734,1262
May-2026,40246427,1262
May-2026,40251498,1262
May-2026,40254024,1262
May-2026,40228258,1261
May-2026,40240073,1261
May-2026,40231352,1260
May-2026,40239685,1259
May-2026,40242600,1259
May-2026,40246479,1259
May-2026,40248785,1259
May-2026,40253279,1259
May-2026,40196605,1258
May-2026,40228037,1258
May-2026,40232145,1258
May-2026,40256272,1258
May-2026,40226411,1257
May-2026,40226541,1257
May-2026,40242190,1257
May-2026,40251210,1257
May-2026,40254587,1257
May-2026,24014999,1256
May-2026,40236401,1256
May-2026,40251987,1256
May-2026,40256807,1255
May-2026,40250519,1254
May-2026,40255862,1254
May-2026,40257562,1254
May-2026,40248622,1253
May-2026,40250096,1253
May-2026,40237644,1252
May-2026,40238095,1252
May-2026,40257474,1252
May-2026,30000485,1251
May-2026,40223743,1251
May-2026,40257927,1251
May-2026,40219442,1250
May-2026,40230089,1250
May-2026,40241018,1250
May-2026,40242279,1250
May-2026,40222594,1249
May-2026,40215966,1248
May-2026,40224636,1248
May-2026,40225763,1248
May-2026,40229307,1248
May-2026,40244143,1248
May-2026,40246377,1248
May-2026,40251067,1248
May-2026,40254230,1248
May-2026,40240273,1247
May-2026,40242504,1247
May-2026,40246328,1247
May-2026,40224445,1246
May-2026,40230459,1246
May-2026,40232577,1246
May-2026,40241779,1245
May-2026,40233499,1243
May-2026,40228014,1242
May-2026,40231566,1242
May-2026,40233335,1242
May-2026,40243813,1242
May-2026,40250799,1242
May-2026,40250988,1242
May-2026,40255796,1242
May-2026,40257564,1242
May-2026,40233203,1241
May-2026,40240332,1241
May-2026,40253644,1241
May-2026,40231468,1240
May-2026,40236707,1240
May-2026,40238560,1240
May-2026,40239826,1240
May-2026,40249727,1240
May-2026,40250349,1240
May-2026,40231206,1239
May-2026,40237523,1239
May-2026,40239637,1239
May-2026,40253834,1239
May-2026,40257548,1239
May-2026,40239345,1238
May-2026,40245036,1238
May-2026,40249928,1238
May-2026,40241617,1237
May-2026,40252678,1237
May-2026,40253943,1237
May-2026,40255140,1237
May-2026,40256568,1237
May-2026,40231939,1236
May-2026,40233623,1236
May-2026,40235502,1236
May-2026,40242774,1236
May-2026,40257137,1236
May-2026,40224986,1235
May-2026,40232081,1235
May-2026,40232730,1235
May-2026,40233507,1235
May-2026,40237180,1235
May-2026,40243321,1235
May-2026,40257386,1235
May-2026,40225464,1234
May-2026,40225131,1233
May-2026,40234830,1233
May-2026,40239674,1233
May-2026,40245818,1233
May-2026,40249438,1233
May-2026,40257821,1233
May-2026,40185956,1232
May-2026,40234593,1232
May-2026,40252643,1232
May-2026,40231883,1231
May-2026,40240535,1231
May-2026,40244944,1231
May-2026,40248199,1231
May-2026,40252130,1231
May-2026,40238799,1230
May-2026,40248856,1230
May-2026,40223656,1229
May-2026,40225771,1229
May-2026,40246744,1229
May-2026,40247466,1229
May-2026,40250485,1229
May-2026,40256615,1229
May-2026,40256660,1229
May-2026,30000482,1228
May-2026,40232770,1228
May-2026,40236315,1228
May-2026,40245244,1228
May-2026,40232008,1227
May-2026,40235810,1227
May-2026,40238260,1227
May-2026,40238873,1227
May-2026,40246711,1227
May-2026,40247017,1227
May-2026,40220084,1226
May-2026,40227113,1226
May-2026,40232629,1226
May-2026,40237531,1226
May-2026,40249297,1226
May-2026,40252663,1226
May-2026,40221385,1225
May-2026,40225424,1225
May-2026,40228380,1225
May-2026,40243406,1225
May-2026,40248025,1225
May-2026,40221694,1224
May-2026,40242052,1224
May-2026,40253258,1224
May-2026,40230398,1223
May-2026,40246040,1223
May-2026,40251667,1223
May-2026,40237141,1222
May-2026,30000534,1221
May-2026,40226975,1221
May-2026,40230304,1221
May-2026,40233779,1221
May-2026,40239404,1221
May-2026,40248989,1221
May-2026,40241521,1220
May-2026,40242931,1220
May-2026,40225963,1219
May-2026,40237117,1219
May-2026,40238272,1219
May-2026,40249981,1219
May-2026,40221165,1218
May-2026,40222831,1218
May-2026,40224370,1218
May-2026,40235846,1218
May-2026,40238247,1218
May-2026,40246409,1217
May-2026,40254306,1217
May-2026,40226843,1216
May-2026,40227800,1216
May-2026,40238538,1216
May-2026,40243067,1216
May-2026,40244011,1216
May-2026,40229031,1215
May-2026,40235007,1215
May-2026,40241591,1215
May-2026,40246345,1215
May-2026,40255557,1215
May-2026,40226981,1214
May-2026,40230490,1214
May-2026,40236658,1214
May-2026,40236777,1214
May-2026,40247068,1214
May-2026,30000487,1213
May-2026,40233678,1213
May-2026,40236675,1213
May-2026,40240581,1213
May-2026,40241579,1213
May-2026,40240686,1212
May-2026,40246820,1212
May-2026,40247856,1212
May-2026,40257254,1212
May-2026,40258067,1212
May-2026,40228811,1211
May-2026,40235445,1211
May-2026,40246422,1211
May-2026,40254985,1211
May-2026,40256656,1211
May-2026,40245768,1210
May-2026,40222701,1209
May-2026,40246957,1209
May-2026,40215324,1208
May-2026,40252739,1208
May-2026,40246463,1207
May-2026,40252091,1207
May-2026,40254873,1207
May-2026,40256857,1207
May-2026,40221339,1206
May-2026,40223928,1206
May-2026,40241965,1206
May-2026,40249760,1206
May-2026,40240537,1205
May-2026,40242330,1205
May-2026,40249123,1205
May-2026,40250996,1205
May-2026,40220239,1204
May-2026,40221717,1204
May-2026,40225546,1204
May-2026,40257942,1204
May-2026,40225357,1203
May-2026,40237596,1203
May-2026,40247187,1203
May-2026,40219997,1202
May-2026,40231992,1202
May-2026,40244257,1202
May-2026,40248176,1202
May-2026,40218796,1201
May-2026,40222844,1201
May-2026,40228683,1201
May-2026,40229846,1201
May-2026,40255074,1201
May-2026,40257098,1201
May-2026,40219579,1200
May-2026,40227495,1200
May-2026,40248915,1200
May-2026,40221163,1199
May-2026,40226181,1199
May-2026,40242698,1199
May-2026,40252453,1199
May-2026,40227255,1198
May-2026,40227809,1198
May-2026,40234035,1198
May-2026,40240201,1198
May-2026,40249835,1198
May-2026,40250267,1198
May-2026,40252648,1198
May-2026,40254732,1198
May-2026,40229428,1197
May-2026,40238264,1196
May-2026,40226548,1195
May-2026,40229961,1195
May-2026,40222751,1194
May-2026,40229437,1194
May-2026,40231146,1194
May-2026,40254897,1194
May-2026,40248315,1193
May-2026,40224406,1192
May-2026,40226085,1192
May-2026,40227541,1192
May-2026,40239556,1192
May-2026,40241303,1192
May-2026,40221286,1191
May-2026,40232797,1191
May-2026,40241247,1191
May-2026,40251779,1191
May-2026,40254353,1190
May-2026,40254493,1190
May-2026,40228906,1189
May-2026,40233205,1189
May-2026,40252983,1189
May-2026,40258106,1189
May-2026,40236418,1188
May-2026,40239301,1188
May-2026,40247583,1188
May-2026,40249658,1188
May-2026,40223880,1187
May-2026,40234885,1187
May-2026,40239991,1187
May-2026,40246866,1187
May-2026,40256529,1187
May-2026,40224398,1186
May-2026,40227359,1186
May-2026,40237135,1186
May-2026,40245129,1186
May-2026,40245185,1186
May-2026,40065501,1185
May-2026,40224421,1185
May-2026,40231634,1185
May-2026,40232849,1185
May-2026,40235363,1185
May-2026,40247574,1185
May-2026,40251386,1185
May-2026,40251751,1185
May-2026,40226713,1184
May-2026,40227376,1184
May-2026,40230375,1184
May-2026,40237708,1184
May-2026,40239534,1184
May-2026,40244203,1184
May-2026,40220525,1183
May-2026,40227159,1183
May-2026,40234924,1183
May-2026,40247456,1183
May-2026,40252297,1183
May-2026,40214819,1182
May-2026,40219528,1182
May-2026,40233813,1182
May-2026,40238813,1182
May-2026,40249100,1182
May-2026,40253153,1182
May-2026,40255411,1182
May-2026,40258082,1182
May-2026,40224180,1181
May-2026,40234901,1181
May-2026,40241263,1181
May-2026,40252154,1181
May-2026,12218263,1180
May-2026,40230232,1180
May-2026,40238159,1180
May-2026,40239605,1180
May-2026,40242908,1180
May-2026,40257159,1180
May-2026,40257399,1180
May-2026,40229240,1179
May-2026,40232990,1179
May-2026,40238827,1179
May-2026,40229733,1177
May-2026,40253684,1177
May-2026,40223590,1176
May-2026,40241818,1176
May-2026,40243050,1176
May-2026,40245550,1176
May-2026,40230824,1175
May-2026,40234669,1175
May-2026,40257514,1175
May-2026,40242754,1174
May-2026,40242888,1174
May-2026,40248711,1174
May-2026,40258316,1174
May-2026,40227073,1173
May-2026,40229328,1173
May-2026,40233841,1173
May-2026,40235654,1172
May-2026,40237199,1172
May-2026,40240810,1172
May-2026,40242478,1172
May-2026,40244680,1172
May-2026,40248524,1172
May-2026,40226542,1171
May-2026,40230171,1171
May-2026,40240275,1171
May-2026,40240830,1171
May-2026,40242539,1171
May-2026,40250064,1171
May-2026,40252496,1171
May-2026,40228142,1170
May-2026,40234642,1170
May-2026,40237569,1169
May-2026,40224153,1168
May-2026,40237905,1168
May-2026,40239159,1168
May-2026,40250116,1168
May-2026,40254989,1168
May-2026,40231879,1167
May-2026,40233894,1167
May-2026,40242011,1167
May-2026,40249765,1167
May-2026,40232296,1166
May-2026,40233791,1166
May-2026,40252843,1166
May-2026,40254837,1166
May-2026,40234431,1165
May-2026,40234858,1165
May-2026,40234922,1165
May-2026,40235622,1165
May-2026,40247059,1165
May-2026,40253604,1165
May-2026,40219386,1164
May-2026,40227174,1164
May-2026,40246119,1164
May-2026,40249583,1164
May-2026,40250318,1164
May-2026,40226048,1163
May-2026,40232902,1163
May-2026,40242225,1163
May-2026,40242595,1163
May-2026,40249768,1163
May-2026,40250517,1163
May-2026,40251320,1163
May-2026,40255939,1163
May-2026,40246005,1162
May-2026,40250636,1162
May-2026,40254767,1162
May-2026,40244450,1161
May-2026,40255149,1161
May-2026,40227157,1160
May-2026,40227869,1160
May-2026,40229771,1160
May-2026,40230117,1160
May-2026,40246830,1160
May-2026,40249948,1160
May-2026,40235301,1159
May-2026,40235613,1159
May-2026,40236261,1159
May-2026,40235974,1158
May-2026,40218840,1157
May-2026,40236205,1157
May-2026,40239508,1157
May-2026,40245020,1157
May-2026,40231958,1156
May-2026,40232667,1156
May-2026,40234062,1156
May-2026,40234691,1156
May-2026,40236135,1156
May-2026,40244707,1156
May-2026,40225496,1155
May-2026,40229388,1154
May-2026,40237722,1154
May-2026,40239145,1154
May-2026,40247024,1154
May-2026,40250830,1154
May-2026,40234847,1153
May-2026,40243536,1153
May-2026,40235603,1152
May-2026,40253655,1152
May-2026,40243872,1151
May-2026,40250805,1151
May-2026,40255022,1150
May-2026,40230709,1149
May-2026,40231888,1149
May-2026,40239313,1149
May-2026,40254926,1149
May-2026,40219707,1148
May-2026,40221681,1148
May-2026,40225341,1148
May-2026,40240369,1148
May-2026,40240376,1148
May-2026,40253031,1148
May-2026,40231257,1147
May-2026,40240742,1147
May-2026,40244386,1147
May-2026,40244548,1147
May-2026,40250235,1147
May-2026,40220157,1146
May-2026,40229962,1146
May-2026,40231130,1146
May-2026,40233576,1146
May-2026,40239509,1146
May-2026,40250953,1146
May-2026,40251734,1146
May-2026,40253214,1146
May-2026,40254542,1146
May-2026,20556033,1145
May-2026,40229904,1145
May-2026,40243136,1145
May-2026,40240493,1143
May-2026,40243717,1143
May-2026,40254060,1143
May-2026,40225130,1142
May-2026,40230925,1142
May-2026,40234123,1142
May-2026,40250126,1142
May-2026,40254947,1142
May-2026,40256654,1142
May-2026,40222213,1141
May-2026,40224502,1141
May-2026,40234068,1141
May-2026,40245053,1141
May-2026,40245356,1141
May-2026,40255986,1141
May-2026,40256816,1141
May-2026,40232747,1140
May-2026,40241466,1140
May-2026,40242965,1140
May-2026,40249409,1140
May-2026,40224077,1139
May-2026,40227363,1139
May-2026,40252133,1139
May-2026,40240305,1138
May-2026,40205535,1137
May-2026,40221834,1137
May-2026,40229490,1137
May-2026,40233938,1137
May-2026,40251737,1137
May-2026,40253011,1137
May-2026,40227231,1136
May-2026,40252114,1136
May-2026,40256419,1136
May-2026,40226566,1135
May-2026,40227306,1135
May-2026,40232256,1135
May-2026,40237783,1135
May-2026,40252584,1135
May-2026,40220181,1134
May-2026,40226727,1134
May-2026,40234404,1134
May-2026,40237610,1134
May-2026,40238764,1134
May-2026,40245448,1134
May-2026,40247778,1134
May-2026,40248166,1134
May-2026,40251073,1134
May-2026,40242495,1133
May-2026,40249924,1133
May-2026,40254173,1133
May-2026,40255270,1133
May-2026,40225326,1132
May-2026,40226497,1132
May-2026,40236241,1132
May-2026,40240542,1132
May-2026,40254023,1132
May-2026,40229364,1131
May-2026,40238456,1131
May-2026,40239820,1131
May-2026,40247937,1131
May-2026,40223261,1130
May-2026,40232555,1130
May-2026,40243467,1130
May-2026,40246291,1130
May-2026,23439086,1129
May-2026,40220577,1129
May-2026,40232932,1129
May-2026,40247230,1129
May-2026,40251621,1129
May-2026,40066428,1128
May-2026,40217731,1127
May-2026,40229668,1127
May-2026,40229785,1127
May-2026,40234085,1127
May-2026,40237623,1127
May-2026,40241459,1127
May-2026,40241958,1127
May-2026,40247979,1127
May-2026,40251867,1127
May-2026,40252731,1127
May-2026,40225206,1126
May-2026,40243619,1126
May-2026,18866189,1125
May-2026,40230617,1125
May-2026,40257336,1125
May-2026,40230911,1124
May-2026,40245325,1124
May-2026,40220925,1123
May-2026,40229902,1123
May-2026,40237842,1123
May-2026,40245331,1123
May-2026,40245884,1123
May-2026,40225527,1122
May-2026,40250076,1122
May-2026,40257779,1122
May-2026,40063262,1121
May-2026,40224748,1121
May-2026,40252122,1121
May-2026,40252935,1121
May-2026,40230450,1120
May-2026,40240412,1120
May-2026,40229944,1119
May-2026,40231491,1119
May-2026,40238573,1119
May-2026,40250981,1119
May-2026,40235306,1118
May-2026,40247693,1118
May-2026,40249464,1118
May-2026,40218790,1117
May-2026,40232480,1117
May-2026,40249182,1117
May-2026,40250242,1117
May-2026,40253561,1117
May-2026,40256118,1117
May-2026,40225384,1116
May-2026,40227039,1116
May-2026,40232645,1116
May-2026,40241189,1116
May-2026,40245629,1116
May-2026,40248143,1116
May-2026,40250938,1116
May-2026,40253693,1116
May-2026,40231344,1115
May-2026,40237780,1115
May-2026,40231160,1114
May-2026,40236695,1114
May-2026,40239692,1114
May-2026,40240076,1114
May-2026,40252142,1114
May-2026,40255511,1114
May-2026,40230439,1113
May-2026,40252396,1113
May-2026,40227879,1112
May-2026,40233546,1112
May-2026,40257788,1112
May-2026,40219746,1111
May-2026,40230452,1111
May-2026,40235621,1111
May-2026,40243888,1111
May-2026,40257776,1111
May-2026,40222851,1110
May-2026,40224088,1110
May-2026,40232304,1110
May-2026,40236100,1110
May-2026,40243747,1110
May-2026,40226140,1109
May-2026,40226295,1108
May-2026,40238984,1108
May-2026,40241116,1108
May-2026,40244925,1108
May-2026,40248112,1108
May-2026,40221992,1107
May-2026,40230996,1107
May-2026,40239029,1107
May-2026,40240078,1107
May-2026,40244047,1107
May-2026,40245213,1107
May-2026,40252849,1107
May-2026,40254722,1107
May-2026,40244086,1106
May-2026,40248621,1106
May-2026,40225648,1105
May-2026,40225725,1105
May-2026,40231456,1105
May-2026,40233047,1105
May-2026,40243323,1105
May-2026,40254525,1105
May-2026,40225077,1104
May-2026,40247779,1104
May-2026,40251310,1104
May-2026,40218053,1103
May-2026,40242253,1103
May-2026,40234825,1102
May-2026,40240962,1102
May-2026,40250477,1102
May-2026,40257726,1102
May-2026,40226760,1101
May-2026,40229900,1101
May-2026,40248243,1101
May-2026,40224651,1100
May-2026,40232002,1100
May-2026,40233353,1099
May-2026,40234667,1099
May-2026,40244343,1099
May-2026,40222710,1098
May-2026,40250676,1098
May-2026,40223546,1097
May-2026,40230543,1097
May-2026,40237194,1097
May-2026,40243827,1097
May-2026,40246854,1096
May-2026,40248666,1096
May-2026,40251451,1096
May-2026,40245698,1095
May-2026,40247919,1095
May-2026,40228664,1094
May-2026,40246292,1094
May-2026,40250820,1094
May-2026,40231661,1093
May-2026,40237988,1093
May-2026,40238666,1093
May-2026,40253422,1093
May-2026,40221777,1092
May-2026,40229635,1092
May-2026,40229873,1091
May-2026,40232621,1091
May-2026,40251464,1091
May-2026,40220460,1089
May-2026,40231172,1089
May-2026,40237431,1089
May-2026,40243079,1089
May-2026,40247616,1089
May-2026,40229469,1088
May-2026,40245850,1088
May-2026,40249639,1088
May-2026,40257416,1088
May-2026,40230276,1087
May-2026,40235944,1087
May-2026,40244490,1087
May-2026,40246984,1087
May-2026,40233302,1086
May-2026,40237802,1086
May-2026,40242470,1086
May-2026,23712734,1085
May-2026,40226803,1085
May-2026,40238443,1085
May-2026,40228550,1084
May-2026,40234764,1084
May-2026,40241469,1084
May-2026,40248678,1084
May-2026,40249947,1084
May-2026,40254592,1084
May-2026,40255369,1084
May-2026,40217383,1083
May-2026,40249141,1083
May-2026,40253450,1083
May-2026,40257304,1083
May-2026,40053610,1082
May-2026,40235014,1082
May-2026,40238389,1082
May-2026,40238955,1082
May-2026,40246787,1082
May-2026,40234383,1081
May-2026,40237094,1081
May-2026,40241374,1081
May-2026,40243797,1081
May-2026,40247076,1080
May-2026,40254174,1080
May-2026,40221162,1079
May-2026,40223191,1079
May-2026,40237097,1079
May-2026,40238367,1079
May-2026,40242254,1079
May-2026,40251146,1079
May-2026,40254042,1079
May-2026,40256262,1079
May-2026,40257284,1079
May-2026,40225789,1078
May-2026,40227213,1078
May-2026,40240398,1078
May-2026,40243605,1078
May-2026,40244098,1078
May-2026,40233318,1077
May-2026,40246262,1077
May-2026,40255772,1077
May-2026,40225274,1076
May-2026,40232000,1075
May-2026,40232856,1075
May-2026,40233367,1075
May-2026,40234126,1075
May-2026,40236562,1075
May-2026,40252082,1075
May-2026,40225474,1074
May-2026,40229320,1074
May-2026,40238060,1074
May-2026,40246283,1074
May-2026,40231505,1073
May-2026,40238863,1073
May-2026,40244129,1073
May-2026,40225660,1072
May-2026,40228281,1072
May-2026,40234265,1072
May-2026,40237694,1072
May-2026,40240749,1072
May-2026,40245750,1072
May-2026,40246245,1072
May-2026,40246446,1072
May-2026,40250927,1072
May-2026,40225135,1071
May-2026,40225500,1071
May-2026,40226064,1071
May-2026,40233842,1071
May-2026,40238249,1071
May-2026,40243828,1071
May-2026,40252001,1071
May-2026,40253681,1071
May-2026,40228681,1070
May-2026,40245582,1070
May-2026,40249313,1070
May-2026,40226689,1069
May-2026,40242063,1069
May-2026,40248668,1069
May-2026,40248905,1069
May-2026,40230042,1068
May-2026,40237786,1068
May-2026,40241733,1068
May-2026,40249192,1068
May-2026,40237045,1067
May-2026,40240160,1067
May-2026,40240561,1067
May-2026,40244355,1067
May-2026,40251139,1067
May-2026,40229046,1066
May-2026,40238877,1066
May-2026,40239812,1066
May-2026,40239829,1066
May-2026,40217668,1065
May-2026,40236265,1065
May-2026,40236961,1065
May-2026,40244162,1065
May-2026,40244249,1065
May-2026,40242690,1064
May-2026,40243165,1064
May-2026,40247271,1064
May-2026,40247639,1064
May-2026,40256435,1064
May-2026,40226390,1063
May-2026,40229214,1063
May-2026,40238383,1063
May-2026,40224534,1062
May-2026,40226644,1062
May-2026,40240685,1062
May-2026,40242855,1062
May-2026,40223902,1061
May-2026,40244923,1061
May-2026,40222575,1060
May-2026,40224927,1060
May-2026,40248900,1060
May-2026,40251170,1060
May-2026,40215058,1059
May-2026,40224417,1059
May-2026,40231143,1059
May-2026,40239621,1059
May-2026,40240858,1059
May-2026,40257376,1059
May-2026,40235305,1058
May-2026,40240707,1058
May-2026,40240948,1056
May-2026,40244428,1056
May-2026,40236493,1055
May-2026,40238728,1055
May-2026,40243916,1055
May-2026,40254980,1055
May-2026,23115881,1054
May-2026,40232970,1054
May-2026,40235092,1054
May-2026,40237800,1054
May-2026,40244513,1054
May-2026,40226342,1053
May-2026,40237471,1053
May-2026,40237543,1053
May-2026,40238240,1053
May-2026,40240247,1053
May-2026,40249267,1053
May-2026,40257847,1053
May-2026,40244037,1052
May-2026,40244908,1052
May-2026,40252229,1052
May-2026,40255023,1052
May-2026,40224488,1051
May-2026,40227242,1051
May-2026,40227578,1051
May-2026,40228881,1051
May-2026,40230850,1051
May-2026,40242441,1051
May-2026,40242970,1051
May-2026,40257598,1051
May-2026,40233050,1050
May-2026,40235724,1050
May-2026,40225775,1049
May-2026,40205557,1048
May-2026,40243625,1048
May-2026,40244060,1048
May-2026,40245063,1048
May-2026,40245479,1048
May-2026,40246080,1048
May-2026,40247461,1048
May-2026,40256560,1048
May-2026,30000506,1047
May-2026,40224166,1047
May-2026,40239302,1047
May-2026,40242869,1047
May-2026,40250960,1047
May-2026,40252752,1047
May-2026,23896310,1046
May-2026,40223160,1046
May-2026,40230522,1046
May-2026,40242207,1046
May-2026,40249228,1046
May-2026,40236483,1045
May-2026,40241194,1045
May-2026,40242882,1045
May-2026,40243220,1045
May-2026,40249269,1045
May-2026,40251242,1045
May-2026,40224972,1044
May-2026,40229470,1044
May-2026,40230917,1044
May-2026,40250541,1044
May-2026,40251863,1044
May-2026,40207542,1043
May-2026,40220838,1043
May-2026,40221991,1043
May-2026,40232689,1043
May-2026,40233772,1043
May-2026,40235341,1043
May-2026,40237680,1043
May-2026,40242936,1043
May-2026,40243620,1043
May-2026,40246795,1043
May-2026,40258356,1043
May-2026,40226189,1042
May-2026,40243422,1042
May-2026,40234213,1041
May-2026,40234232,1041
May-2026,40253659,1041
May-2026,40224270,1040
May-2026,40228090,1040
May-2026,40253711,1040
May-2026,40222211,1039
May-2026,40222938,1039
May-2026,40223508,1039
May-2026,40235916,1039
May-2026,40232889,1038
May-2026,40248030,1038
May-2026,40254563,1038
May-2026,40224487,1037
May-2026,40232077,1037
May-2026,40248044,1037
May-2026,40253863,1037
May-2026,40215262,1036
May-2026,40232576,1036
May-2026,40233537,1036
May-2026,40237568,1036
May-2026,40239466,1036
May-2026,40245378,1036
May-2026,40254596,1036
May-2026,40224352,1035
May-2026,40237633,1035
May-2026,40254389,1035
May-2026,40238359,1034
May-2026,40239858,1034
May-2026,40217496,1033
May-2026,40232248,1032
May-2026,40249504,1032
May-2026,40253453,1032
May-2026,40224915,1031
May-2026,40229895,1031
May-2026,40226845,1030
May-2026,40229350,1030
May-2026,40237185,1030
May-2026,40249132,1030
May-2026,40225526,1029
May-2026,40242794,1029
May-2026,40253670,1029
May-2026,40256935,1029
May-2026,40234342,1028
May-2026,40247142,1028
May-2026,40226508,1027
May-2026,40235931,1027
May-2026,40250236,1027
May-2026,40224816,1026
May-2026,40227773,1026
May-2026,40242384,1026
May-2026,40248019,1025
May-2026,40250374,1025
May-2026,40254482,1025
May-2026,40255025,1025
May-2026,40258083,1025
May-2026,40225404,1024
May-2026,40228915,1024
May-2026,40249310,1024
May-2026,40253355,1024
May-2026,40253828,1024
May-2026,40256186,1024
May-2026,40245152,1023
May-2026,40222072,1022
May-2026,40222270,1022
May-2026,40230093,1022
May-2026,40241817,1022
May-2026,40246056,1022
May-2026,40254405,1022
May-2026,40222523,1021
May-2026,40224753,1021
May-2026,40226734,1021
May-2026,40241142,1021
May-2026,40249711,1021
May-2026,40255572,1021
May-2026,40228007,1020
May-2026,40232944,1020
May-2026,40239525,1020
May-2026,40254836,1020
May-2026,40245552,1019
May-2026,40253492,1019
May-2026,40224504,1018
May-2026,40224716,1018
May-2026,40225769,1018
May-2026,40235070,1018
May-2026,40238046,1018
May-2026,40244714,1018
May-2026,40246353,1018
May-2026,40248077,1018
May-2026,40248908,1018
May-2026,40251947,1018
May-2026,40256825,1018
May-2026,40170875,1017
May-2026,40243316,1017
May-2026,40248093,1017
May-2026,40219158,1016
May-2026,40227132,1016
May-2026,40233172,1016
May-2026,40238064,1016
May-2026,40244036,1016
May-2026,40249291,1016
May-2026,40233919,1015
May-2026,40244050,1015
May-2026,40250640,1015
May-2026,40254027,1015
May-2026,40255642,1015
May-2026,40257487,1015
May-2026,40228039,1014
May-2026,40228767,1014
May-2026,40228838,1014
May-2026,40229067,1014
May-2026,40236940,1014
May-2026,40239073,1014
May-2026,40254202,1014
May-2026,40222606,1013
May-2026,40227616,1013
May-2026,40235871,1013
May-2026,40236177,1013
May-2026,40245276,1012
May-2026,40254331,1012
May-2026,40256507,1012
May-2026,40225395,1011
May-2026,40230279,1011
May-2026,40243818,1011
May-2026,40247990,1011
May-2026,40250915,1011
May-2026,40222082,1010
May-2026,40226238,1010
May-2026,40247593,1010
May-2026,40228009,1009
May-2026,40240219,1009
May-2026,40242577,1009
May-2026,40255716,1009
May-2026,40232017,1008
May-2026,40233187,1008
May-2026,40233231,1008
May-2026,40233556,1008
May-2026,40237022,1008
May-2026,40239130,1008
May-2026,40244209,1008
May-2026,40233495,1007
May-2026,40252162,1007
May-2026,40223220,1005
May-2026,40247510,1005
May-2026,40251729,1005
May-2026,40228687,1004
May-2026,40230418,1004
May-2026,40238695,1004
May-2026,40239623,1004
May-2026,40242765,1004
May-2026,40252661,1004
May-2026,40255759,1004
May-2026,40257778,1004
May-2026,40231666,1003
May-2026,40231938,1003
May-2026,40237652,1003
May-2026,40239134,1003
May-2026,40241287,1003
May-2026,40248840,1003
May-2026,40254342,1003
May-2026,40256481,1003
May-2026,40235649,1002
May-2026,40254741,1002
May-2026,40226008,1001
May-2026,40242548,1001
May-2026,40249596,1001
May-2026,40253147,1001
May-2026,40227807,1000
May-2026,40240977,1000
Jun-2026,40264294,672142
Jun-2026,40280162,648400
Jun-2026,40280232,496578
Jun-2026,40268545,461186
Jun-2026,40285769,448123
Jun-2026,40281417,384721
Jun-2026,40271566,364483
Jun-2026,40258195,342767
Jun-2026,40265643,298603
Jun-2026,40272091,297219
Jun-2026,40271693,267638
Jun-2026,40258122,267035
Jun-2026,40266477,264706
Jun-2026,30000576,253802
Jun-2026,40281140,253512
Jun-2026,40280380,239753
Jun-2026,40275175,222075
Jun-2026,40258285,213806
Jun-2026,40279425,211372
Jun-2026,40277214,208345
Jun-2026,40276738,206240
Jun-2026,40288848,203803
Jun-2026,30000575,198729
Jun-2026,40272896,195580
Jun-2026,40273116,193072
Jun-2026,40278920,188004
Jun-2026,40274008,187284
Jun-2026,40260288,186875
Jun-2026,40275447,185794
Jun-2026,40268490,185270
Jun-2026,40267959,182173
Jun-2026,40278917,180555
Jun-2026,40272989,179411
Jun-2026,40270812,179232
Jun-2026,40259080,175904
Jun-2026,40260227,173161
Jun-2026,40281090,172082
Jun-2026,40282161,171723
Jun-2026,40258336,170303
Jun-2026,40283749,169265
Jun-2026,40259162,164794
Jun-2026,40263583,161676
Jun-2026,40263886,161095
Jun-2026,40287688,160090
Jun-2026,40265509,158683
Jun-2026,40286790,158141
Jun-2026,40258977,156016
Jun-2026,40282481,153964
Jun-2026,40271795,150911
Jun-2026,40259651,149699
Jun-2026,40276079,148462
Jun-2026,40272416,144167
Jun-2026,40276059,142083
Jun-2026,40267393,139027
Jun-2026,40284020,139010
Jun-2026,40262804,138919
Jun-2026,40260738,137893
Jun-2026,40273906,137426
Jun-2026,40271970,135117
Jun-2026,40270913,134916
Jun-2026,40263468,133605
Jun-2026,40264216,132713
Jun-2026,40283153,129968
Jun-2026,40276438,127638
Jun-2026,40274003,126819
Jun-2026,40275111,117679
Jun-2026,40259204,116522
Jun-2026,40280873,115996
Jun-2026,30000599,113918
Jun-2026,40268665,113742
Jun-2026,40267482,113661
Jun-2026,40264972,113433
Jun-2026,40266881,113413
Jun-2026,40267943,113052
Jun-2026,40265165,112950
Jun-2026,40260839,112189
Jun-2026,40267541,111780
Jun-2026,40260222,111658
Jun-2026,40276398,111555
Jun-2026,40275484,111344
Jun-2026,40282358,111324
Jun-2026,40271709,109648
Jun-2026,40266746,108532
Jun-2026,40287252,108302
Jun-2026,40268460,105187
Jun-2026,40264554,104505
Jun-2026,40273181,104358
Jun-2026,40265994,104286
Jun-2026,40268948,104161
Jun-2026,40264016,101380
Jun-2026,40287186,101026
Jun-2026,40278276,100936
Jun-2026,40261039,100226
Jun-2026,40274769,99494
Jun-2026,40274697,98481
Jun-2026,40276123,98319
Jun-2026,40286734,97563
Jun-2026,40281258,97330
Jun-2026,40277867,96579
Jun-2026,40270684,95601
Jun-2026,40261265,94720
Jun-2026,40277517,92591
Jun-2026,40285636,92123
Jun-2026,40278456,91872
Jun-2026,40278890,89909
Jun-2026,40284894,89685
Jun-2026,40280832,89288
Jun-2026,40287566,89264
Jun-2026,40268863,88951
Jun-2026,30000584,88782
Jun-2026,40275917,88774
Jun-2026,40262571,87448
Jun-2026,40259788,86096
Jun-2026,40266786,85966
Jun-2026,40281976,85781
Jun-2026,40285048,85450
Jun-2026,40288080,84909
Jun-2026,40262593,84399
Jun-2026,40272298,84046
Jun-2026,40283130,83984
Jun-2026,40266524,83614
Jun-2026,40271653,82923
Jun-2026,40261507,82845
Jun-2026,40287452,82308
Jun-2026,40284402,81867
Jun-2026,40282134,81361
Jun-2026,40280861,80531
Jun-2026,40268756,80063
Jun-2026,40259974,80054
Jun-2026,40281720,79488
Jun-2026,40281077,79201
Jun-2026,40260204,79197
Jun-2026,40271648,78744
Jun-2026,40273385,78513
Jun-2026,40267996,78488
Jun-2026,40289121,78474
Jun-2026,40269180,77933
Jun-2026,40258653,77910
Jun-2026,40261560,77518
Jun-2026,40263549,74599
Jun-2026,40282900,73555
Jun-2026,40262586,73399
Jun-2026,40265911,72841
Jun-2026,40275954,72200
Jun-2026,30000579,71881
Jun-2026,40254917,71768
Jun-2026,40278028,71657
Jun-2026,40257853,71640
Jun-2026,40272305,71106
Jun-2026,40281276,71004
Jun-2026,40277868,70446
Jun-2026,40263720,70396
Jun-2026,40264770,70245
Jun-2026,40279976,70141
Jun-2026,40275161,70119
Jun-2026,40261964,69904
Jun-2026,40264234,69902
Jun-2026,40275536,69709
Jun-2026,40276305,69618
Jun-2026,40269631,69264
Jun-2026,40280333,69218
Jun-2026,40266694,69193
Jun-2026,40258377,69129
Jun-2026,40286805,69054
Jun-2026,40259209,68303
Jun-2026,40283526,68176
Jun-2026,40288866,67846
Jun-2026,40284183,67804
Jun-2026,40275316,67632
Jun-2026,40259619,67537
Jun-2026,40272351,67351
Jun-2026,40287213,67312
Jun-2026,40262674,67141
Jun-2026,40261098,67108
Jun-2026,40264376,66969
Jun-2026,40276416,66828
Jun-2026,40266310,66626
Jun-2026,40286682,66575
Jun-2026,40256241,66497
Jun-2026,40273458,66181
Jun-2026,40262441,66122
Jun-2026,40272936,66058
Jun-2026,40268933,66028
Jun-2026,40265352,65817
Jun-2026,40283398,65533
Jun-2026,40288421,65347
Jun-2026,40270201,65208
Jun-2026,40267698,65060
Jun-2026,40289354,65036
Jun-2026,40267386,64914
Jun-2026,40264875,64851
Jun-2026,30000608,64768
Jun-2026,40277106,64669
Jun-2026,40283048,64449
Jun-2026,40286933,64379
Jun-2026,40272990,64306
Jun-2026,40281514,63971
Jun-2026,40281516,63968
Jun-2026,30000586,63962
Jun-2026,40263424,63835
Jun-2026,40259439,63364
Jun-2026,40268027,62278
Jun-2026,40272631,61857
Jun-2026,40264670,61621
Jun-2026,40289022,61575
Jun-2026,40266274,61563
Jun-2026,40284657,61315
Jun-2026,40260662,61251
Jun-2026,40274220,61170
Jun-2026,40282478,61037
Jun-2026,40260276,60923
Jun-2026,40257857,60667
Jun-2026,40282743,60345
Jun-2026,40262999,60323
Jun-2026,40262126,60175
Jun-2026,40263194,59907
Jun-2026,40259331,59849
Jun-2026,40279633,59769
Jun-2026,40282186,59739
Jun-2026,40263179,59599
Jun-2026,40275506,59445
Jun-2026,40280559,59368
Jun-2026,40284586,59317
Jun-2026,40285595,59269
Jun-2026,40263636,59231
Jun-2026,40272739,59157
Jun-2026,40288713,59011
Jun-2026,40262071,58987
Jun-2026,40282950,58801
Jun-2026,40270665,58747
Jun-2026,40264870,58658
Jun-2026,40282523,58326
Jun-2026,40278561,58319
Jun-2026,40269795,58193
Jun-2026,40286445,58162
Jun-2026,40258815,58031
Jun-2026,40288882,57908
Jun-2026,40263450,57836
Jun-2026,40280680,57812
Jun-2026,40277572,57806
Jun-2026,40277914,57805
Jun-2026,40265615,57650
Jun-2026,40280135,57534
Jun-2026,40271352,57112
Jun-2026,40278802,57091
Jun-2026,40268174,56963
Jun-2026,40281637,56950
Jun-2026,40287843,56918
Jun-2026,40274949,56552
Jun-2026,40259509,56498
Jun-2026,40266226,56482
Jun-2026,40258794,56453
Jun-2026,40289520,56366
Jun-2026,40273550,56263
Jun-2026,40275064,56158
Jun-2026,40281797,55791
Jun-2026,40256930,55512
Jun-2026,40274520,55360
Jun-2026,40269931,55238
Jun-2026,40273277,55170
Jun-2026,40285346,55083
Jun-2026,40282455,54813
Jun-2026,40286758,54798
Jun-2026,40289197,54729
Jun-2026,40277969,54552
Jun-2026,40288073,54440
Jun-2026,40275198,54279
Jun-2026,40274375,54125
Jun-2026,40267610,53857
Jun-2026,40282893,53820
Jun-2026,40278954,53772
Jun-2026,40267026,53490
Jun-2026,40266857,53451
Jun-2026,40278710,53436
Jun-2026,40273219,53348
Jun-2026,40286988,53289
Jun-2026,40265319,53243
Jun-2026,40284932,53237
Jun-2026,40282694,53209
Jun-2026,40265858,53083
Jun-2026,40284453,52812
Jun-2026,40261084,52802
Jun-2026,40269719,52746
Jun-2026,40288871,52721
Jun-2026,40272998,52558
Jun-2026,40267361,52512
Jun-2026,40281844,52374
Jun-2026,40285942,52332
Jun-2026,40270638,51777
Jun-2026,40270709,51397
Jun-2026,40280297,51160
Jun-2026,40270013,51007
Jun-2026,40281728,50718
Jun-2026,40258789,50646
Jun-2026,40261375,50546
Jun-2026,40270798,50508
Jun-2026,40287774,50393
Jun-2026,40264300,50159
Jun-2026,40272717,50116
Jun-2026,40287930,49971
Jun-2026,40261526,49904
Jun-2026,40268119,49879
Jun-2026,40261372,49740
Jun-2026,40266662,49630
Jun-2026,40263804,49592
Jun-2026,40268684,49583
Jun-2026,40285763,49553
Jun-2026,40287863,49541
Jun-2026,40289531,49386
Jun-2026,40267741,48978
Jun-2026,40280812,48969
Jun-2026,40285440,48963
Jun-2026,40282925,48885
Jun-2026,40261342,48441
Jun-2026,40260395,48344
Jun-2026,40258234,48197
Jun-2026,40282719,48096
Jun-2026,40257762,47938
Jun-2026,40281033,47897
Jun-2026,40276439,47834
Jun-2026,40286031,47820
Jun-2026,40273590,47566
Jun-2026,40260214,47518
Jun-2026,40274706,47472
Jun-2026,40272103,46753
Jun-2026,40270648,46559
Jun-2026,40273635,46416
Jun-2026,40256643,46346
Jun-2026,40259992,46175
Jun-2026,40265859,46172
Jun-2026,40276236,46104
Jun-2026,40258002,46038
Jun-2026,40267601,45977
Jun-2026,40262633,45926
Jun-2026,40280349,45875
Jun-2026,40268638,45751
Jun-2026,40272406,45722
Jun-2026,40274095,45591
Jun-2026,40286333,45571
Jun-2026,40282152,45325
Jun-2026,40278096,45299
Jun-2026,40270127,45247
Jun-2026,40283234,45127
Jun-2026,40285564,45040
Jun-2026,40284287,44787
Jun-2026,40275711,44613
Jun-2026,40276802,44566
Jun-2026,40280272,44508
Jun-2026,40259779,44491
Jun-2026,40283839,44113
Jun-2026,40267136,43991
Jun-2026,40281953,43938
Jun-2026,40286545,43917
Jun-2026,40272114,43826
Jun-2026,40260991,43523
Jun-2026,40283528,43499
Jun-2026,40284040,43471
Jun-2026,40264285,43424
Jun-2026,40261658,43369
Jun-2026,40276853,43365
Jun-2026,40269780,43306
Jun-2026,40266342,43286
Jun-2026,40279920,43233
Jun-2026,40284992,43177
Jun-2026,40258572,43059
Jun-2026,40277092,43005
Jun-2026,40258814,42922
Jun-2026,40275031,42568
Jun-2026,30000588,42451
Jun-2026,40282318,42426
Jun-2026,40270643,42310
Jun-2026,40278818,42087
Jun-2026,40275571,42003
Jun-2026,40277027,41996
Jun-2026,40259683,41981
Jun-2026,40283614,41967
Jun-2026,40266821,41809
Jun-2026,40270763,41666
Jun-2026,40286298,41617
Jun-2026,40285977,41456
Jun-2026,40279766,41389
Jun-2026,40275827,41381
Jun-2026,40267266,41144
Jun-2026,40273901,41087
Jun-2026,40274804,41082
Jun-2026,40271099,41043
Jun-2026,40283989,40871
Jun-2026,40279910,40811
Jun-2026,40270160,40786
Jun-2026,40257271,40745
Jun-2026,40261484,40739
Jun-2026,40259938,40736
Jun-2026,40287949,40578
Jun-2026,40262212,40407
Jun-2026,40262651,40279
Jun-2026,40278960,40277
Jun-2026,40276626,40141
Jun-2026,40270613,40082
Jun-2026,40285184,40077
Jun-2026,40269541,40000
Jun-2026,40258817,39857
Jun-2026,40273580,39775
Jun-2026,40271038,39636
Jun-2026,40269130,39608
Jun-2026,40276470,39590
Jun-2026,40269118,39574
Jun-2026,40281043,39452
Jun-2026,40258591,39404
Jun-2026,40282556,39398
Jun-2026,40283760,39346
Jun-2026,40274729,39305
Jun-2026,40266009,39296
Jun-2026,40275642,39238
Jun-2026,40269102,39009
Jun-2026,40265543,39003
Jun-2026,40269966,38992
Jun-2026,40264913,38952
Jun-2026,40263989,38853
Jun-2026,40255764,38779
Jun-2026,40286671,38727
Jun-2026,40268057,38555
Jun-2026,40276846,38528
Jun-2026,40283757,38337
Jun-2026,40265960,38281
Jun-2026,40270335,38160
Jun-2026,40273028,38139
Jun-2026,40277119,38067
Jun-2026,40258364,38043
Jun-2026,40260123,37944
Jun-2026,40284902,37701
Jun-2026,40271460,37672
Jun-2026,40278642,37639
Jun-2026,40259588,37622
Jun-2026,40273045,37568
Jun-2026,40261869,37508
Jun-2026,40283620,37360
Jun-2026,40280601,37303
Jun-2026,40273869,37193
Jun-2026,40258693,37187
Jun-2026,40273055,37140
Jun-2026,40277245,37106
Jun-2026,40280283,37074
Jun-2026,40259643,37013
Jun-2026,40284677,37009
Jun-2026,40282323,36988
Jun-2026,40271373,36790
Jun-2026,40286852,36779
Jun-2026,40277974,36762
Jun-2026,40273530,36735
Jun-2026,40258541,36731
Jun-2026,40274341,36660
Jun-2026,40281363,36629
Jun-2026,30000590,36579
Jun-2026,40273387,36523
Jun-2026,40270710,36463
Jun-2026,40266510,36453
Jun-2026,40275799,36434
Jun-2026,40283694,36343
Jun-2026,40278696,36262
Jun-2026,40287935,36111
Jun-2026,40259040,36094
Jun-2026,40287389,35834
Jun-2026,40260433,35833
Jun-2026,40269326,35797
Jun-2026,40277560,35743
Jun-2026,40285761,35673
Jun-2026,40280050,35645
Jun-2026,40266295,35594
Jun-2026,40275734,35573
Jun-2026,40262176,35542
Jun-2026,40277617,35535
Jun-2026,40275747,35515
Jun-2026,40279708,35404
Jun-2026,40281611,35396
Jun-2026,40272204,35302
Jun-2026,40285901,35240
Jun-2026,40281755,35129
Jun-2026,40289630,35073
Jun-2026,40287010,34953
Jun-2026,40286415,34930
Jun-2026,40259208,34877
Jun-2026,40264863,34838
Jun-2026,40273163,34481
Jun-2026,40277833,34436
Jun-2026,40276842,34245
Jun-2026,40258735,34214
Jun-2026,40265088,34079
Jun-2026,40276103,34065
Jun-2026,40287831,34054
Jun-2026,40266538,33983
Jun-2026,40275211,33937
Jun-2026,40259097,33928
Jun-2026,40262102,33763
Jun-2026,40287064,33714
Jun-2026,40268682,33700
Jun-2026,40254708,33591
Jun-2026,40285058,33561
Jun-2026,40283633,33532
Jun-2026,40284544,33517
Jun-2026,40280286,33506
Jun-2026,40265764,33480
Jun-2026,40272715,33389
Jun-2026,40281233,33374
Jun-2026,40281770,33276
Jun-2026,40282509,33252
Jun-2026,40272775,33201
Jun-2026,40290193,33005
Jun-2026,40265250,32976
Jun-2026,40257610,32950
Jun-2026,40273152,32916
Jun-2026,40280204,32909
Jun-2026,40268937,32828
Jun-2026,40286915,32711
Jun-2026,40278645,32604
Jun-2026,40274456,32578
Jun-2026,40270021,32421
Jun-2026,40281560,32404
Jun-2026,40286708,32320
Jun-2026,40286650,32297
Jun-2026,40281364,32258
Jun-2026,40261692,32256
Jun-2026,40271873,32145
Jun-2026,40287130,32125
Jun-2026,40257815,32115
Jun-2026,40263020,32100
Jun-2026,40277133,32097
Jun-2026,40272984,31958
Jun-2026,40281616,31952
Jun-2026,40271067,31903
Jun-2026,40262135,31874
Jun-2026,40285412,31851
Jun-2026,40262578,31805
Jun-2026,40265347,31788
Jun-2026,40282511,31665
Jun-2026,40264552,31642
Jun-2026,40282140,31639
Jun-2026,40258407,31596
Jun-2026,40264396,31508
Jun-2026,40274090,31449
Jun-2026,40281339,31432
Jun-2026,40257637,31399
Jun-2026,40274916,31287
Jun-2026,40282390,31270
Jun-2026,40277773,31258
Jun-2026,40263664,31090
Jun-2026,40280976,31074
Jun-2026,40276476,31068
Jun-2026,40270640,31041
Jun-2026,40268096,30997
Jun-2026,40276024,30918
Jun-2026,40287924,30844
Jun-2026,40258580,30767
Jun-2026,40282781,30757
Jun-2026,40267228,30750
Jun-2026,40261492,30716
Jun-2026,40266470,30716
Jun-2026,40283166,30693
Jun-2026,40281874,30606
Jun-2026,40262042,30528
Jun-2026,40285447,30491
Jun-2026,40281584,30458
Jun-2026,40274880,30433
Jun-2026,40282291,30371
Jun-2026,40261809,30370
Jun-2026,40265074,30287
Jun-2026,40280533,29974
Jun-2026,40266915,29933
Jun-2026,40270870,29910
Jun-2026,40284924,29881
Jun-2026,40281666,29824
Jun-2026,40269806,29819
Jun-2026,40279420,29700
Jun-2026,40269649,29655
Jun-2026,40271585,29577
Jun-2026,40289262,29536
Jun-2026,40282457,29491
Jun-2026,40272165,29483
Jun-2026,40277923,29462
Jun-2026,40276362,29410
Jun-2026,40271966,29409
Jun-2026,40277656,29391
Jun-2026,40274063,29329
Jun-2026,40264806,29266
Jun-2026,40264226,29226
Jun-2026,40283831,29202
Jun-2026,40275534,29157
Jun-2026,40273819,29065
Jun-2026,40284258,29041
Jun-2026,40280123,28908
Jun-2026,40259441,28864
Jun-2026,40279380,28804
Jun-2026,40277939,28742
Jun-2026,40273713,28683
Jun-2026,40289013,28668
Jun-2026,40283963,28584
Jun-2026,40284596,28506
Jun-2026,40260270,28500
Jun-2026,40284056,28489
Jun-2026,40283039,28487
Jun-2026,40269344,28436
Jun-2026,40278984,28406
Jun-2026,40272100,28352
Jun-2026,40283351,28340
Jun-2026,40260467,28230
Jun-2026,40261409,28212
Jun-2026,40274419,28177
Jun-2026,40270589,28165
Jun-2026,40273100,28160
Jun-2026,40286036,28001
Jun-2026,40265667,27880
Jun-2026,40257524,27839
Jun-2026,40284619,27805
Jun-2026,40283690,27754
Jun-2026,40280522,27738
Jun-2026,40260111,27735
Jun-2026,40286664,27695
Jun-2026,40278393,27681
Jun-2026,40271614,27613
Jun-2026,40273866,27593
Jun-2026,40264693,27555
Jun-2026,40277594,27538
Jun-2026,40270634,27440
Jun-2026,40280633,27417
Jun-2026,40256762,27402
Jun-2026,40274106,27305
Jun-2026,40259722,27302
Jun-2026,40270845,27281
Jun-2026,40276733,27239
Jun-2026,40284054,27234
Jun-2026,40258659,27195
Jun-2026,40278813,27176
Jun-2026,40288153,27158
Jun-2026,40286951,27074
Jun-2026,40260540,27058
Jun-2026,40270765,27054
Jun-2026,40277704,27048
Jun-2026,40260536,27047
Jun-2026,40282738,27025
Jun-2026,40284960,27014
Jun-2026,40266630,26988
Jun-2026,40280108,26934
Jun-2026,40282295,26934
Jun-2026,40277322,26911
Jun-2026,40282377,26898
Jun-2026,40261561,26877
Jun-2026,40262379,26830
Jun-2026,40285000,26817
Jun-2026,40284242,26745
Jun-2026,40280061,26706
Jun-2026,40286661,26537
Jun-2026,40285363,26514
Jun-2026,40288255,26504
Jun-2026,40271409,26493
Jun-2026,40274957,26361
Jun-2026,40279986,26325
Jun-2026,40289404,26280
Jun-2026,40284405,26223
Jun-2026,40286008,26223
Jun-2026,40268855,26157
Jun-2026,40262875,26149
Jun-2026,40251794,26147
Jun-2026,40264799,26098
Jun-2026,40281801,26091
Jun-2026,40285072,26068
Jun-2026,40264512,26041
Jun-2026,40272809,26036
Jun-2026,40275872,26036
Jun-2026,40258138,26029
Jun-2026,40256160,26000
Jun-2026,40261638,25923
Jun-2026,40281918,25919
Jun-2026,40270008,25918
Jun-2026,40274318,25808
Jun-2026,40273528,25807
Jun-2026,40263567,25795
Jun-2026,40279604,25677
Jun-2026,40278945,25636
Jun-2026,40282005,25628
Jun-2026,40278958,25559
Jun-2026,40275647,25558
Jun-2026,40284661,25545
Jun-2026,40264152,25542
Jun-2026,40271549,25514
Jun-2026,40275621,25498
Jun-2026,40286447,25480
Jun-2026,40259424,25458
Jun-2026,40289055,25428
Jun-2026,40273634,25345
Jun-2026,40259286,25275
Jun-2026,40280033,25242
Jun-2026,40279043,25240
Jun-2026,40275213,25205
Jun-2026,40260560,25172
Jun-2026,40265111,25164
Jun-2026,40270321,25123
Jun-2026,40276734,25071
Jun-2026,40283150,25065
Jun-2026,40256209,25048
Jun-2026,40259553,25028
Jun-2026,40274573,24952
Jun-2026,40271195,24926
Jun-2026,40262485,24915
Jun-2026,40270159,24847
Jun-2026,40266164,24777
Jun-2026,40277236,24751
Jun-2026,40267661,24740
Jun-2026,40287709,24716
Jun-2026,40273951,24696
Jun-2026,40271001,24660
Jun-2026,40260575,24624
Jun-2026,40275124,24601
Jun-2026,40288194,24533
Jun-2026,40282645,24513
Jun-2026,40263802,24510
Jun-2026,40286188,24475
Jun-2026,40285775,24473
Jun-2026,40283986,24442
Jun-2026,40280781,24437
Jun-2026,40259478,24401
Jun-2026,40283517,24401
Jun-2026,40275904,24383
Jun-2026,40275980,24364
Jun-2026,40280712,24359
Jun-2026,40266490,24318
Jun-2026,40274523,24310
Jun-2026,40267243,24293
Jun-2026,40281798,24253
Jun-2026,40284557,24237
Jun-2026,40261467,24185
Jun-2026,40271782,24149
Jun-2026,40274180,24144
Jun-2026,40288054,24127
Jun-2026,40263231,24125
Jun-2026,40271013,24117
Jun-2026,40267513,24054
Jun-2026,30000587,24040
Jun-2026,40278957,24009
Jun-2026,40263264,23980
Jun-2026,40279383,23945
Jun-2026,40257917,23926
Jun-2026,40277685,23903
Jun-2026,40258698,23886
Jun-2026,40275728,23861
Jun-2026,40267607,23830
Jun-2026,40263589,23799
Jun-2026,40258556,23741
Jun-2026,40283563,23666
Jun-2026,40268185,23596
Jun-2026,40262834,23591
Jun-2026,40282099,23455
Jun-2026,40281964,23434
Jun-2026,40278930,23382
Jun-2026,40258422,23274
Jun-2026,40261540,23246
Jun-2026,40264608,23240
Jun-2026,40264495,23232
Jun-2026,40284949,23221
Jun-2026,40260461,23217
Jun-2026,40278506,23126
Jun-2026,40272317,23108
Jun-2026,40281062,23090
Jun-2026,40266402,23079
Jun-2026,40261398,23060
Jun-2026,40269486,23024
Jun-2026,40267246,22990
Jun-2026,40278172,22964
Jun-2026,40286940,22921
Jun-2026,40270983,22863
Jun-2026,40279504,22841
Jun-2026,40273036,22831
Jun-2026,40268704,22819
Jun-2026,40279643,22816
Jun-2026,40278221,22805
Jun-2026,40269775,22802
Jun-2026,40273071,22799
Jun-2026,40265205,22744
Jun-2026,40269644,22735
Jun-2026,40288472,22704
Jun-2026,40275192,22646
Jun-2026,40272113,22622
Jun-2026,40281911,22612
Jun-2026,40267353,22605
Jun-2026,40286368,22552
Jun-2026,40259399,22544
Jun-2026,40287607,22536
Jun-2026,40281349,22525
Jun-2026,40279742,22477
Jun-2026,40269756,22423
Jun-2026,40274961,22414
Jun-2026,40275398,22398
Jun-2026,40285508,22354
Jun-2026,40262245,22155
Jun-2026,40277861,22138
Jun-2026,40265917,22094
Jun-2026,40286207,22054
Jun-2026,40258748,22030
Jun-2026,40267949,21984
Jun-2026,40277634,21982
Jun-2026,40265530,21962
Jun-2026,40264796,21951
Jun-2026,40282802,21942
Jun-2026,40288827,21807
Jun-2026,40264868,21794
Jun-2026,40259126,21786
Jun-2026,40270931,21782
Jun-2026,40285354,21782
Jun-2026,40285251,21779
Jun-2026,40274343,21761
Jun-2026,40284838,21746
Jun-2026,40259019,21740
Jun-2026,40286113,21690
Jun-2026,40274158,21631
Jun-2026,40283027,21628
Jun-2026,40277788,21624
Jun-2026,40274673,21610
Jun-2026,40260570,21549
Jun-2026,40282266,21547
Jun-2026,40268109,21501
Jun-2026,40268388,21487
Jun-2026,40280510,21451
Jun-2026,40275899,21439
Jun-2026,40282693,21426
Jun-2026,40276788,21411
Jun-2026,40281695,21408
Jun-2026,40288346,21407
Jun-2026,40276969,21382
Jun-2026,40283884,21381
Jun-2026,40289394,21380
Jun-2026,40275632,21325
Jun-2026,40279302,21287
Jun-2026,40289131,21279
Jun-2026,40272844,21277
Jun-2026,40270062,21260
Jun-2026,40260623,21256
Jun-2026,40275723,21256
Jun-2026,40270954,21207
Jun-2026,40264443,21193
Jun-2026,40260408,21184
Jun-2026,40269513,21173
Jun-2026,40261118,21163
Jun-2026,40262294,21132
Jun-2026,40263733,21115
Jun-2026,40266741,21106
Jun-2026,40263569,21079
Jun-2026,40260421,21049
Jun-2026,40265493,21049
Jun-2026,40283269,20987
Jun-2026,40270373,20979
Jun-2026,40271544,20944
Jun-2026,40277761,20901
Jun-2026,40274310,20890
Jun-2026,40261167,20826
Jun-2026,40272271,20815
Jun-2026,40258715,20793
Jun-2026,40287952,20763
Jun-2026,40283477,20761
Jun-2026,40285601,20741
Jun-2026,40264004,20711
Jun-2026,40286077,20677
Jun-2026,40265568,20675
Jun-2026,40265763,20640
Jun-2026,40286243,20626
Jun-2026,40282771,20623
Jun-2026,40285594,20612
Jun-2026,40265430,20603
Jun-2026,40269410,20600
Jun-2026,40283678,20546
Jun-2026,40262898,20512
Jun-2026,40274577,20476
Jun-2026,40285459,20476
Jun-2026,40281220,20472
Jun-2026,40286986,20418
Jun-2026,40285043,20404
Jun-2026,40263435,20403
Jun-2026,40274575,20373
Jun-2026,40263417,20360
Jun-2026,40278746,20322
Jun-2026,40285892,20303
Jun-2026,40258619,20302
Jun-2026,40259081,20281
Jun-2026,40278289,20213
Jun-2026,40274590,20200
Jun-2026,40257628,20181
Jun-2026,40272951,20128
Jun-2026,40262624,20110
Jun-2026,40275337,20099
Jun-2026,40279426,20074
Jun-2026,40272197,20050
Jun-2026,40278199,20048
Jun-2026,40282259,20039
Jun-2026,40273032,19983
Jun-2026,40274907,19972
Jun-2026,40269208,19960
Jun-2026,40284883,19939
Jun-2026,40276954,19880
Jun-2026,40263401,19866
Jun-2026,40269373,19849
Jun-2026,40267035,19773
Jun-2026,40289213,19680
Jun-2026,40277756,19672
Jun-2026,40288636,19655
Jun-2026,40288716,19648
Jun-2026,40267591,19638
Jun-2026,40257711,19611
Jun-2026,40261729,19599
Jun-2026,40279232,19579
Jun-2026,40282013,19579
Jun-2026,40286617,19559
Jun-2026,40268635,19524
Jun-2026,40272744,19519
Jun-2026,40260225,19516
Jun-2026,40286807,19508
Jun-2026,40261439,19506
Jun-2026,40270825,19506
Jun-2026,40266838,19502
Jun-2026,40271225,19492
Jun-2026,40271174,19487
Jun-2026,40273508,19451
Jun-2026,40275012,19441
Jun-2026,40262183,19435
Jun-2026,40260770,19431
Jun-2026,40276009,19429
Jun-2026,40259086,19407
Jun-2026,40273125,19369
Jun-2026,40263148,19335
Jun-2026,40278686,19334
Jun-2026,40284397,19317
Jun-2026,40259659,19312
Jun-2026,40271736,19309
Jun-2026,40280117,19254
Jun-2026,40266766,19251
Jun-2026,40258034,19188
Jun-2026,40284461,19180
Jun-2026,40271331,19171
Jun-2026,40287089,19168
Jun-2026,40258690,19146
Jun-2026,40276686,19137
Jun-2026,40286549,19109
Jun-2026,40273754,19067
Jun-2026,40257389,19061
Jun-2026,40281580,19037
Jun-2026,40265381,19033
Jun-2026,40258501,19014
Jun-2026,40279109,19008
Jun-2026,40258030,19001
Jun-2026,40258310,18900
Jun-2026,40275386,18855
Jun-2026,40257603,18803
Jun-2026,40286681,18798
Jun-2026,40262177,18787
Jun-2026,40282553,18729
Jun-2026,40279100,18705
Jun-2026,40279611,18698
Jun-2026,40263128,18688
Jun-2026,30000603,18682
Jun-2026,40279526,18663
Jun-2026,40272060,18659
Jun-2026,40273739,18658
Jun-2026,40286466,18653
Jun-2026,40279689,18651
Jun-2026,40265463,18647
Jun-2026,40267334,18615
Jun-2026,40289066,18575
Jun-2026,40280179,18572
Jun-2026,40280242,18567
Jun-2026,40259199,18545
Jun-2026,40265439,18519
Jun-2026,40276740,18513
Jun-2026,40260867,18490
Jun-2026,40282940,18485
Jun-2026,30000602,18481
Jun-2026,40269658,18462
Jun-2026,40267487,18433
Jun-2026,40267458,18432
Jun-2026,40264897,18387
Jun-2026,40261754,18382
Jun-2026,40282064,18337
Jun-2026,40284682,18335
Jun-2026,40266925,18325
Jun-2026,40266292,18288
Jun-2026,40265029,18242
Jun-2026,40271615,18228
Jun-2026,40277080,18179
Jun-2026,40274401,18157
Jun-2026,40274677,18146
Jun-2026,40283585,18130
Jun-2026,40259298,18105
Jun-2026,40273792,18098
Jun-2026,40258254,18089
Jun-2026,40276131,18059
Jun-2026,40284052,18013
Jun-2026,40277179,18002
Jun-2026,40256738,17997
Jun-2026,40265830,17985
Jun-2026,40258617,17952
Jun-2026,40286155,17930
Jun-2026,40287765,17910
Jun-2026,40266561,17891
Jun-2026,40278416,17864
Jun-2026,40272613,17796
Jun-2026,40281818,17792
Jun-2026,40286665,17787
Jun-2026,40277355,17785
Jun-2026,40287177,17751
Jun-2026,40261121,17712
Jun-2026,40282698,17712
Jun-2026,40267552,17703
Jun-2026,40263635,17701
Jun-2026,40275169,17686
Jun-2026,40263125,17648
Jun-2026,40265786,17644
Jun-2026,40284101,17642
Jun-2026,40260094,17626
Jun-2026,40277454,17614
Jun-2026,40273700,17605
Jun-2026,40258652,17602
Jun-2026,40281271,17576
Jun-2026,40275340,17512
Jun-2026,40275281,17504
Jun-2026,40269099,17484
Jun-2026,40273251,17474
Jun-2026,40275751,17465
Jun-2026,40276383,17459
Jun-2026,40283885,17454
Jun-2026,40259002,17447
Jun-2026,40257015,17440
Jun-2026,40283026,17440
Jun-2026,40279341,17430
Jun-2026,40283766,17408
Jun-2026,40265987,17395
Jun-2026,40269787,17347
Jun-2026,40266811,17335
Jun-2026,40281969,17326
Jun-2026,40265249,17321
Jun-2026,40260465,17318
Jun-2026,40275369,17316
Jun-2026,40261234,17310
Jun-2026,40268108,17284
Jun-2026,40281857,17261
Jun-2026,40277866,17259
Jun-2026,40265404,17254
Jun-2026,40253757,17209
Jun-2026,40273638,17156
Jun-2026,40260301,17151
Jun-2026,40263344,17128
Jun-2026,40281461,17120
Jun-2026,40263850,17117
Jun-2026,40264447,17115
Jun-2026,40283928,17112
Jun-2026,40265747,17075
Jun-2026,40286893,17048
Jun-2026,40283474,17013
Jun-2026,40258339,17007
Jun-2026,40263486,16980
Jun-2026,40285313,16945
Jun-2026,40264887,16943
Jun-2026,40260624,16940
Jun-2026,40260873,16928
Jun-2026,40289442,16917
Jun-2026,40278998,16907
Jun-2026,40287497,16872
Jun-2026,40281348,16846
Jun-2026,40259279,16841
Jun-2026,40280062,16840
Jun-2026,40267825,16817
Jun-2026,40256960,16803
Jun-2026,40262639,16771
Jun-2026,40267241,16767
Jun-2026,40282097,16757
Jun-2026,40264590,16754
Jun-2026,40273604,16746
Jun-2026,40260713,16717
Jun-2026,40281406,16715
Jun-2026,40278763,16710
Jun-2026,40274542,16708
Jun-2026,40263069,16674
Jun-2026,30000569,16669
Jun-2026,40270280,16658
Jun-2026,40283361,16649
Jun-2026,40287821,16645
Jun-2026,40274582,16642
Jun-2026,40283821,16635
Jun-2026,40266220,16592
Jun-2026,40280189,16582
Jun-2026,40264707,16565
Jun-2026,40278913,16534
Jun-2026,40260268,16519
Jun-2026,40268142,16510
Jun-2026,40265784,16490
Jun-2026,40269503,16477
Jun-2026,40274703,16436
Jun-2026,40272080,16410
Jun-2026,40260297,16380
Jun-2026,40259617,16374
Jun-2026,40279435,16346
Jun-2026,40260450,16333
Jun-2026,40281278,16298
Jun-2026,40278528,16292
Jun-2026,40261275,16269
Jun-2026,40266684,16269
Jun-2026,40277169,16255
Jun-2026,40283434,16236
Jun-2026,40283645,16221
Jun-2026,40264607,16216
Jun-2026,40282101,16213
Jun-2026,40284706,16166
Jun-2026,40285040,16151
Jun-2026,40278455,16134
Jun-2026,40256770,16128
Jun-2026,40281820,16123
Jun-2026,40275355,16120
Jun-2026,40282334,16118
Jun-2026,40279326,16093
Jun-2026,40284854,16092
Jun-2026,40261030,16078
Jun-2026,40283114,16047
Jun-2026,40284683,16045
Jun-2026,40258324,16032
Jun-2026,40264550,16014
Jun-2026,40270506,16012
Jun-2026,40270833,15992
Jun-2026,40257881,15990
Jun-2026,40281129,15975
Jun-2026,40262170,15970
Jun-2026,40285682,15931
Jun-2026,40269575,15928
Jun-2026,40284953,15917
Jun-2026,40265730,15908
Jun-2026,40287101,15905
Jun-2026,40283206,15885
Jun-2026,40286815,15885
Jun-2026,40278855,15866
Jun-2026,40265706,15853
Jun-2026,40258210,15843
Jun-2026,40259883,15836
Jun-2026,40287277,15831
Jun-2026,40271158,15829
Jun-2026,40285835,15823
Jun-2026,40278423,15757
Jun-2026,40265238,15740
Jun-2026,40271911,15727
Jun-2026,40265431,15720
Jun-2026,40260388,15715
Jun-2026,40261367,15703
Jun-2026,40276074,15703
Jun-2026,40267153,15696
Jun-2026,40274200,15671
Jun-2026,40287522,15649
Jun-2026,40273067,15646
Jun-2026,40268404,15643
Jun-2026,40254653,15635
Jun-2026,40257592,15610
Jun-2026,40272528,15605
Jun-2026,40265564,15600
Jun-2026,40268702,15593
Jun-2026,40262921,15588
Jun-2026,40289207,15586
Jun-2026,40282918,15536
Jun-2026,40263080,15489
Jun-2026,40283119,15486
Jun-2026,40286855,15486
Jun-2026,40289824,15486
Jun-2026,40267448,15484
Jun-2026,40268306,15480
Jun-2026,40274999,15470
Jun-2026,40260251,15444
Jun-2026,40284173,15442
Jun-2026,40276108,15438
Jun-2026,40279736,15436
Jun-2026,40260474,15430
Jun-2026,40259477,15416
Jun-2026,40263581,15404
Jun-2026,40272123,15382
Jun-2026,30000562,15364
Jun-2026,40264062,15315
Jun-2026,40285613,15295
Jun-2026,40277752,15291
Jun-2026,40289955,15286
Jun-2026,40264969,15251
Jun-2026,40276519,15228
Jun-2026,40269825,15215
Jun-2026,40261137,15213
Jun-2026,40282468,15199
Jun-2026,40275206,15157
Jun-2026,40281557,15140
Jun-2026,40257719,15136
Jun-2026,40258969,15117
Jun-2026,40265312,15105
Jun-2026,40287178,15105
Jun-2026,40279361,15095
Jun-2026,40259556,15087
Jun-2026,40272738,15067
Jun-2026,40263914,15055
Jun-2026,40273688,15053
Jun-2026,40271245,15047
Jun-2026,40270671,15028
Jun-2026,40261491,15026
Jun-2026,40275170,15025
Jun-2026,40287635,15014
Jun-2026,40288415,15013
Jun-2026,40274278,15002
Jun-2026,40288195,14995
Jun-2026,40272233,14990
Jun-2026,40282737,14971
Jun-2026,40285948,14966
Jun-2026,40267555,14961
Jun-2026,40284341,14940
Jun-2026,40267735,14903
Jun-2026,40265396,14884
Jun-2026,40288958,14871
Jun-2026,40257858,14865
Jun-2026,40264963,14860
Jun-2026,40280290,14852
Jun-2026,40272672,14834
Jun-2026,40264236,14832
Jun-2026,40275524,14820
Jun-2026,40279029,14805
Jun-2026,40263987,14778
Jun-2026,40260124,14723
Jun-2026,40281895,14716
Jun-2026,40258408,14714
Jun-2026,40266988,14702
Jun-2026,40287074,14697
Jun-2026,40254929,14694
Jun-2026,40280269,14694
Jun-2026,40284889,14689
Jun-2026,40285878,14688
Jun-2026,40281967,14663
Jun-2026,40271503,14656
Jun-2026,40262955,14649
Jun-2026,40275781,14639
Jun-2026,40274624,14628
Jun-2026,40274229,14607
Jun-2026,40289230,14607
Jun-2026,40276592,14582
Jun-2026,40269562,14574
Jun-2026,40271676,14557
Jun-2026,40269950,14553
Jun-2026,40257942,14548
Jun-2026,40276352,14548
Jun-2026,40265537,14546
Jun-2026,40281384,14541
Jun-2026,40271042,14540
Jun-2026,40278454,14538
Jun-2026,40265759,14531
Jun-2026,40269981,14524
Jun-2026,40260101,14520
Jun-2026,40286235,14513
Jun-2026,40288959,14510
Jun-2026,40272242,14509
Jun-2026,40274264,14508
Jun-2026,40282714,14503
Jun-2026,40267051,14498
Jun-2026,40260562,14477
Jun-2026,40275780,14476
Jun-2026,40282589,14456
Jun-2026,40258016,14409
Jun-2026,40274281,14407
Jun-2026,40281552,14403
Jun-2026,23281298,14395
Jun-2026,40274382,14394
Jun-2026,40269137,14368
Jun-2026,40258084,14366
Jun-2026,40280825,14366
Jun-2026,40261000,14357
Jun-2026,40278437,14350
Jun-2026,40287683,14345
Jun-2026,40261149,14338
Jun-2026,40271420,14328
Jun-2026,40278517,14319
Jun-2026,40268567,14317
Jun-2026,40280462,14302
Jun-2026,40279444,14277
Jun-2026,40267647,14271
Jun-2026,40260893,14269
Jun-2026,40271889,14266
Jun-2026,40264449,14261
Jun-2026,40276445,14254
Jun-2026,40266252,14243
Jun-2026,40263506,14242
Jun-2026,40263150,14241
Jun-2026,40263798,14229
Jun-2026,40279282,14226
Jun-2026,40263770,14211
Jun-2026,40275566,14203
Jun-2026,40270720,14201
Jun-2026,40258316,14177
Jun-2026,40273733,14163
Jun-2026,40288686,14160
Jun-2026,40258668,14158
Jun-2026,40275290,14155
Jun-2026,40279820,14145
Jun-2026,40263949,14119
Jun-2026,40274019,14108
Jun-2026,40279039,14095
Jun-2026,40274607,14085
Jun-2026,40266163,14063
Jun-2026,40272237,14045
Jun-2026,40259292,14029
Jun-2026,40282871,14023
Jun-2026,40284366,14016
Jun-2026,40273799,14012
Jun-2026,40261481,14008
Jun-2026,40284703,14001
Jun-2026,40277238,13989
Jun-2026,40268975,13984
Jun-2026,40280423,13982
Jun-2026,40265899,13971
Jun-2026,40280862,13945
Jun-2026,40268170,13938
Jun-2026,40281418,13932
Jun-2026,40272957,13929
Jun-2026,40265163,13927
Jun-2026,40287801,13917
Jun-2026,40283032,13885
Jun-2026,40270458,13881
Jun-2026,40265318,13877
Jun-2026,40277079,13854
Jun-2026,40267520,13852
Jun-2026,40280225,13842
Jun-2026,40270918,13830
Jun-2026,40277730,13810
Jun-2026,40280412,13806
Jun-2026,40269274,13803
Jun-2026,40287368,13797
Jun-2026,40277220,13777
Jun-2026,40267104,13775
Jun-2026,40279423,13758
Jun-2026,40266432,13756
Jun-2026,40272716,13752
Jun-2026,40263062,13738
Jun-2026,40277318,13723
Jun-2026,40288650,13716
Jun-2026,40264432,13698
Jun-2026,40266467,13693
Jun-2026,40260849,13690
Jun-2026,40260155,13687
Jun-2026,40268652,13681
Jun-2026,40274848,13679
Jun-2026,40279354,13650
Jun-2026,40262003,13649
Jun-2026,40277487,13637
Jun-2026,40283581,13609
Jun-2026,40267882,13591
Jun-2026,40261469,13589
Jun-2026,40285580,13588
Jun-2026,40266114,13581
Jun-2026,40273710,13576
Jun-2026,40288106,13560
Jun-2026,40277193,13537
Jun-2026,40270396,13494
Jun-2026,40276906,13483
Jun-2026,40259852,13474
Jun-2026,40277954,13474
Jun-2026,40279328,13471
Jun-2026,40288532,13470
Jun-2026,40260948,13466
Jun-2026,40272860,13452
Jun-2026,40278083,13425
Jun-2026,30000581,13424
Jun-2026,40271790,13421
Jun-2026,30000567,13412
Jun-2026,40287007,13387
Jun-2026,40265631,13383
Jun-2026,40282319,13383
Jun-2026,40281272,13373
Jun-2026,40274892,13366
Jun-2026,40286262,13353
Jun-2026,40261568,13351
Jun-2026,40257706,13328
Jun-2026,40275417,13322
Jun-2026,40261261,13299
Jun-2026,40266710,13288
Jun-2026,40259088,13285
Jun-2026,40285452,13282
Jun-2026,40282176,13265
Jun-2026,40262890,13256
Jun-2026,40269645,13250
Jun-2026,40279299,13245
Jun-2026,40285700,13240
Jun-2026,40281449,13238
Jun-2026,40287471,13236
Jun-2026,40277341,13223
Jun-2026,40274118,13212
Jun-2026,40289271,13212
Jun-2026,40287611,13209
Jun-2026,40285744,13203
Jun-2026,40258699,13202
Jun-2026,40277819,13201
Jun-2026,40264789,13198
Jun-2026,40286023,13192
Jun-2026,40278911,13189
Jun-2026,40273378,13178
Jun-2026,40259169,13175
Jun-2026,40275338,13174
Jun-2026,40289295,13171
Jun-2026,40263325,13149
Jun-2026,40259174,13141
Jun-2026,40274938,13125
Jun-2026,40259707,13114
Jun-2026,40272965,13099
Jun-2026,40269046,13082
Jun-2026,40271175,13077
Jun-2026,40282548,13073
Jun-2026,40280911,13071
Jun-2026,40265756,13061
Jun-2026,40261175,13058
Jun-2026,40272222,13048
Jun-2026,40280855,13032
Jun-2026,40266864,13029
Jun-2026,40282267,13024
Jun-2026,40271181,13018
Jun-2026,40280194,13000
Jun-2026,40281558,12998
Jun-2026,40268192,12961
Jun-2026,40259571,12960
Jun-2026,40270124,12954
Jun-2026,40261737,12948
Jun-2026,40264362,12890
Jun-2026,40280126,12888
Jun-2026,40275432,12880
Jun-2026,40283994,12868
Jun-2026,40287643,12860
Jun-2026,40279381,12853
Jun-2026,40260840,12852
Jun-2026,40270715,12845
Jun-2026,40270357,12831
Jun-2026,40266839,12812
Jun-2026,40278559,12809
Jun-2026,40279731,12794
Jun-2026,40265737,12787
Jun-2026,40270676,12764
Jun-2026,40280740,12762
Jun-2026,40284280,12762
Jun-2026,40277176,12732
Jun-2026,40272409,12725
Jun-2026,40282851,12722
Jun-2026,40282058,12721
Jun-2026,40271989,12718
Jun-2026,40274819,12713
Jun-2026,40276683,12707
Jun-2026,40271803,12703
Jun-2026,40279448,12697
Jun-2026,40284527,12669
Jun-2026,40261270,12635
Jun-2026,40279143,12628
Jun-2026,40265112,12627
Jun-2026,40279627,12614
Jun-2026,40266865,12612
Jun-2026,40260019,12609
Jun-2026,40254910,12608
Jun-2026,40277145,12604
Jun-2026,40275966,12598
Jun-2026,40287258,12580
Jun-2026,40275477,12574
Jun-2026,40276692,12569
Jun-2026,40276897,12556
Jun-2026,40260823,12553
Jun-2026,40270418,12548
Jun-2026,40263548,12540
Jun-2026,40264015,12539
Jun-2026,40287377,12530
Jun-2026,40268181,12519
Jun-2026,40286750,12499
Jun-2026,40264621,12493
Jun-2026,40285879,12486
Jun-2026,40273913,12482
Jun-2026,40282782,12480
Jun-2026,40271111,12462
Jun-2026,40265516,12448
Jun-2026,40282864,12447
Jun-2026,40287430,12445
Jun-2026,40286831,12426
Jun-2026,30000585,12410
Jun-2026,40282546,12408
Jun-2026,40267928,12401
Jun-2026,40285472,12395
Jun-2026,40284286,12394
Jun-2026,40259363,12392
Jun-2026,40261800,12389
Jun-2026,40271621,12379
Jun-2026,40282799,12374
Jun-2026,40265233,12367
Jun-2026,40288648,12340
Jun-2026,40285704,12334
Jun-2026,40267172,12327
Jun-2026,40288610,12320
Jun-2026,40270826,12315
Jun-2026,40267514,12296
Jun-2026,40281767,12293
Jun-2026,40281904,12284
Jun-2026,40272566,12282
Jun-2026,40268004,12279
Jun-2026,40257929,12278
Jun-2026,40273313,12271
Jun-2026,40284893,12253
Jun-2026,40268876,12223
Jun-2026,40262205,12216
Jun-2026,40266183,12204
Jun-2026,40267294,12195
Jun-2026,40285094,12193
Jun-2026,40272650,12189
Jun-2026,40263447,12187
Jun-2026,40281937,12179
Jun-2026,40286903,12167
Jun-2026,40278934,12166
Jun-2026,40279137,12166
Jun-2026,40273809,12160
Jun-2026,40267803,12157
Jun-2026,40266073,12155
Jun-2026,40287206,12152
Jun-2026,40282111,12139
Jun-2026,40268022,12121
Jun-2026,40285397,12120
Jun-2026,40284055,12118
Jun-2026,40277884,12101
Jun-2026,40274059,12099
Jun-2026,40259307,12077
Jun-2026,40279116,12074
Jun-2026,40284327,12070
Jun-2026,40259745,12063
Jun-2026,40289740,12062
Jun-2026,40267390,12049
Jun-2026,40260134,12029
Jun-2026,40264728,12026
Jun-2026,40261841,12014
Jun-2026,40271315,12006
Jun-2026,40284784,11962
Jun-2026,40278451,11953
Jun-2026,40272251,11950
Jun-2026,40253671,11945
Jun-2026,40271228,11940
Jun-2026,40264218,11920
Jun-2026,40280478,11918
Jun-2026,40268908,11893
Jun-2026,40287818,11893
Jun-2026,40273786,11892
Jun-2026,40280118,11886
Jun-2026,40282364,11884
Jun-2026,40264662,11870
Jun-2026,40276351,11862
Jun-2026,40257430,11860
Jun-2026,40286910,11848
Jun-2026,40261600,11847
Jun-2026,40269768,11842
Jun-2026,40256470,11833
Jun-2026,30000592,11825
Jun-2026,40278406,11823
Jun-2026,40283548,11821
Jun-2026,40271238,11815
Jun-2026,40259047,11808
Jun-2026,40289875,11807
Jun-2026,40274422,11772
Jun-2026,40282658,11770
Jun-2026,40261341,11762
Jun-2026,40283979,11752
Jun-2026,40273223,11736
Jun-2026,40266636,11734
Jun-2026,40279442,11732
Jun-2026,40290380,11727
Jun-2026,40257828,11725
Jun-2026,40261259,11717
Jun-2026,40282222,11709
Jun-2026,40259900,11707
Jun-2026,40261750,11702
Jun-2026,40276587,11699
Jun-2026,40276607,11697
Jun-2026,40279847,11697
Jun-2026,40258511,11689
Jun-2026,40282159,11669
Jun-2026,40285127,11660
Jun-2026,40270999,11645
Jun-2026,40266930,11644
Jun-2026,40257650,11643
Jun-2026,40272522,11629
Jun-2026,40287923,11619
Jun-2026,40260093,11618
Jun-2026,40261159,11615
Jun-2026,40259398,11614
Jun-2026,40275339,11611
Jun-2026,40284202,11588
Jun-2026,40285694,11576
Jun-2026,40266795,11574
Jun-2026,40285029,11572
Jun-2026,40269937,11566
Jun-2026,40267253,11561
Jun-2026,40285500,11554
Jun-2026,40274466,11536
Jun-2026,40260075,11534
Jun-2026,40265127,11521
Jun-2026,40272900,11513
Jun-2026,40266210,11508
Jun-2026,40270302,11508
Jun-2026,40269816,11499
Jun-2026,40285261,11499
Jun-2026,40285939,11492
Jun-2026,40258733,11484
Jun-2026,40286813,11473
Jun-2026,40264629,11469
Jun-2026,40265926,11462
Jun-2026,40272578,11459
Jun-2026,40280805,11454
Jun-2026,40280741,11450
Jun-2026,40279983,11443
Jun-2026,40269854,11433
Jun-2026,40264751,11429
Jun-2026,40268976,11396
Jun-2026,40286348,11395
Jun-2026,40265374,11385
Jun-2026,40266417,11385
Jun-2026,40270310,11371
Jun-2026,40279324,11370
Jun-2026,40281383,11367
Jun-2026,40258147,11365
Jun-2026,40260167,11357
Jun-2026,40284217,11356
Jun-2026,40258995,11325
Jun-2026,40267673,11323
Jun-2026,40259657,11322
Jun-2026,40262276,11319
Jun-2026,40265443,11313
Jun-2026,40269960,11313
Jun-2026,40282870,11313
Jun-2026,30000610,11311
Jun-2026,40273830,11306
Jun-2026,40280879,11306
Jun-2026,40289854,11306
Jun-2026,40279205,11301
Jun-2026,40259076,11298
Jun-2026,40259446,11297
Jun-2026,40257608,11290
Jun-2026,40263277,11287
Jun-2026,40280685,11282
Jun-2026,40281458,11280
Jun-2026,40277794,11275
Jun-2026,40264953,11273
Jun-2026,40273389,11270
Jun-2026,40286179,11270
Jun-2026,40280698,11262
Jun-2026,40284496,11259
Jun-2026,40260032,11255
Jun-2026,40270806,11252
Jun-2026,40281896,11252
Jun-2026,40273946,11240
Jun-2026,40288403,11240
Jun-2026,40287751,11236
Jun-2026,40269959,11229
Jun-2026,40257016,11220
Jun-2026,40272380,11209
Jun-2026,40266329,11198
Jun-2026,40281320,11185
Jun-2026,40260535,11174
Jun-2026,40268785,11165
Jun-2026,40265935,11160
Jun-2026,40266528,11156
Jun-2026,40289422,11155
Jun-2026,30000611,11151
Jun-2026,40262040,11150
Jun-2026,40280121,11147
Jun-2026,40263671,11145
Jun-2026,40257338,11135
Jun-2026,40267277,11131
Jun-2026,40276354,11123
Jun-2026,40271650,11119
Jun-2026,40287371,11117
Jun-2026,40263497,11105
Jun-2026,40283257,11101
Jun-2026,40275505,11098
Jun-2026,40279894,11086
Jun-2026,40257860,11081
Jun-2026,40258963,11081
Jun-2026,40276374,11078
Jun-2026,40286138,11077
Jun-2026,40280339,11074
Jun-2026,40279166,11073
Jun-2026,40259746,11067
Jun-2026,40268829,11045
Jun-2026,40280795,11045
Jun-2026,40272405,11019
Jun-2026,40268067,11016
Jun-2026,40278718,11013
Jun-2026,40288198,11011
Jun-2026,40275181,11010
Jun-2026,40279128,11008
Jun-2026,40289619,11006
Jun-2026,40262882,10999
Jun-2026,40258447,10996
Jun-2026,40281451,10996
Jun-2026,40267503,10993
Jun-2026,40282281,10991
Jun-2026,40273435,10979
Jun-2026,40275045,10974
Jun-2026,40276276,10969
Jun-2026,40265642,10958
Jun-2026,40275707,10955
Jun-2026,40281300,10949
Jun-2026,40273139,10946
Jun-2026,40257920,10943
Jun-2026,40275714,10942
Jun-2026,40268981,10933
Jun-2026,40273816,10925
Jun-2026,40283981,10922
Jun-2026,40265346,10916
Jun-2026,40273569,10910
Jun-2026,40289534,10909
Jun-2026,40278015,10905
Jun-2026,40282275,10900
Jun-2026,40257654,10898
Jun-2026,40283193,10895
Jun-2026,40271243,10892
Jun-2026,40276297,10891
Jun-2026,40282316,10891
Jun-2026,40278521,10873
Jun-2026,40264573,10864
Jun-2026,40274022,10856
Jun-2026,40286185,10837
Jun-2026,40283314,10830
Jun-2026,40267549,10827
Jun-2026,40285353,10826
Jun-2026,40261656,10815
Jun-2026,40278130,10812
Jun-2026,40272855,10805
Jun-2026,40276381,10801
Jun-2026,40274646,10800
Jun-2026,40279277,10799
Jun-2026,40284422,10794
Jun-2026,40277155,10789
Jun-2026,40278161,10788
Jun-2026,40267590,10775
Jun-2026,40266990,10759
Jun-2026,40281679,10758
Jun-2026,40281292,10742
Jun-2026,40260807,10736
Jun-2026,40262069,10732
Jun-2026,40267925,10721
Jun-2026,40263705,10708
Jun-2026,40259725,10700
Jun-2026,40281600,10698
Jun-2026,40278541,10692
Jun-2026,40271119,10676
Jun-2026,40289675,10675
Jun-2026,40262861,10666
Jun-2026,40275890,10653
Jun-2026,40265014,10649
Jun-2026,40269241,10646
Jun-2026,40260686,10643
Jun-2026,40277892,10640
Jun-2026,40281459,10639
Jun-2026,40274470,10630
Jun-2026,40264668,10626
Jun-2026,40259686,10604
Jun-2026,40282672,10583
Jun-2026,40272945,10575
Jun-2026,40280340,10572
Jun-2026,40286183,10562
Jun-2026,40262739,10554
Jun-2026,40258198,10546
Jun-2026,40262967,10546
Jun-2026,40257121,10540
Jun-2026,40256983,10536
Jun-2026,40260919,10534
Jun-2026,40276054,10525
Jun-2026,40262766,10519
Jun-2026,40263143,10516
Jun-2026,40284695,10512
Jun-2026,40259701,10511
Jun-2026,40263232,10510
Jun-2026,40284806,10505
Jun-2026,40274328,10486
Jun-2026,40279714,10483
Jun-2026,40289616,10478
Jun-2026,40259789,10468
Jun-2026,40276407,10468
Jun-2026,40259406,10467
Jun-2026,40280534,10467
Jun-2026,40286040,10463
Jun-2026,40262679,10462
Jun-2026,40283148,10462
Jun-2026,40273477,10461
Jun-2026,40261948,10450
Jun-2026,40286383,10449
Jun-2026,40283217,10440
Jun-2026,40263139,10432
Jun-2026,40257242,10428
Jun-2026,40284179,10426
Jun-2026,40278293,10404
Jun-2026,40272156,10391
Jun-2026,40255821,10387
Jun-2026,40276933,10380
Jun-2026,40260574,10376
Jun-2026,40288870,10368
Jun-2026,40278314,10367
Jun-2026,40279993,10361
Jun-2026,40277790,10351
Jun-2026,40276713,10340
Jun-2026,40265258,10329
Jun-2026,40277717,10312
Jun-2026,40282739,10302
Jun-2026,40274109,10287
Jun-2026,40272959,10280
Jun-2026,40256808,10272
Jun-2026,40261219,10270
Jun-2026,40267224,10267
Jun-2026,40257652,10257
Jun-2026,40287785,10257
Jun-2026,40284032,10233
Jun-2026,40272996,10219
Jun-2026,40270849,10217
Jun-2026,40274902,10216
Jun-2026,40264771,10212
Jun-2026,40265888,10208
Jun-2026,40266698,10205
Jun-2026,40286312,10201
Jun-2026,40282639,10195
Jun-2026,40263290,10193
Jun-2026,40264997,10180
Jun-2026,40253908,10169
Jun-2026,40264601,10159
Jun-2026,40264534,10152
Jun-2026,40279776,10151
Jun-2026,40271204,10142
Jun-2026,40258587,10141
Jun-2026,40286021,10138
Jun-2026,40267730,10137
Jun-2026,40280236,10130
Jun-2026,40277009,10129
Jun-2026,40262036,10119
Jun-2026,40271086,10119
Jun-2026,40275146,10115
Jun-2026,40267346,10106
Jun-2026,40272666,10088
Jun-2026,40258612,10084
Jun-2026,40284445,10081
Jun-2026,40277843,10070
Jun-2026,40281527,10070
Jun-2026,40261903,10066
Jun-2026,40279038,10059
Jun-2026,40285339,10050
Jun-2026,40282869,10042
Jun-2026,40284089,10034
Jun-2026,40286954,10030
Jun-2026,30000577,10020
Jun-2026,40273391,10019
Jun-2026,40284102,10019
Jun-2026,40260947,10011
Jun-2026,40285335,10011
Jun-2026,40283737,10006
Jun-2026,40271597,9999
Jun-2026,40271972,9999
Jun-2026,40262116,9991
Jun-2026,40272030,9991
Jun-2026,40277055,9988
Jun-2026,40280305,9987
Jun-2026,40259989,9985
Jun-2026,40276356,9984
Jun-2026,40273037,9981
Jun-2026,40260942,9976
Jun-2026,40282451,9963
Jun-2026,40266600,9960
Jun-2026,40281163,9944
Jun-2026,40265676,9941
Jun-2026,40272250,9926
Jun-2026,40264155,9923
Jun-2026,40285015,9922
Jun-2026,40288821,9920
Jun-2026,40264358,9918
Jun-2026,40275874,9918
Jun-2026,40274099,9915
Jun-2026,40280442,9913
Jun-2026,40267036,9896
Jun-2026,40280630,9896
Jun-2026,40280461,9895
Jun-2026,40258717,9879
Jun-2026,40265531,9878
Jun-2026,40281553,9875
Jun-2026,40272638,9868
Jun-2026,40263028,9864
Jun-2026,40256898,9856
Jun-2026,40256897,9854
Jun-2026,40268393,9818
Jun-2026,40282089,9810
Jun-2026,40286286,9802
Jun-2026,40270314,9800
Jun-2026,40261528,9798
Jun-2026,40287678,9797
Jun-2026,40264881,9794
Jun-2026,40264588,9773
Jun-2026,40275555,9771
Jun-2026,40258179,9766
Jun-2026,40270577,9764
Jun-2026,40279007,9760
Jun-2026,40287121,9754
Jun-2026,40274644,9751
Jun-2026,40272039,9750
Jun-2026,40273948,9744
Jun-2026,40275019,9728
Jun-2026,40278414,9712
Jun-2026,40279334,9712
Jun-2026,40262304,9706
Jun-2026,40289704,9704
Jun-2026,40283731,9696
Jun-2026,40274108,9692
Jun-2026,40272859,9686
Jun-2026,40268775,9672
Jun-2026,40269150,9671
Jun-2026,40272795,9668
Jun-2026,40265781,9663
Jun-2026,40270593,9663
Jun-2026,40270451,9642
Jun-2026,40277163,9639
Jun-2026,40265197,9636
Jun-2026,40264513,9631
Jun-2026,40271392,9630
Jun-2026,40259042,9625
Jun-2026,40259806,9622
Jun-2026,40268749,9603
Jun-2026,40272179,9600
Jun-2026,40276199,9591
Jun-2026,40288537,9591
Jun-2026,40271644,9590
Jun-2026,40273845,9590
Jun-2026,40280625,9586
Jun-2026,40287158,9580
Jun-2026,40269354,9579
Jun-2026,40260079,9573
Jun-2026,40260952,9564
Jun-2026,40280773,9564
Jun-2026,40264399,9550
Jun-2026,40264422,9539
Jun-2026,40262219,9534
Jun-2026,40282049,9532
Jun-2026,40271833,9531
Jun-2026,40274104,9526
Jun-2026,40283905,9519
Jun-2026,40272185,9518
Jun-2026,40265500,9504
Jun-2026,40289247,9502
Jun-2026,40287705,9499
Jun-2026,40278148,9498
Jun-2026,40253968,9491
Jun-2026,40288737,9488
Jun-2026,40280782,9487
Jun-2026,40270741,9486
Jun-2026,40259023,9483
Jun-2026,40261059,9477
Jun-2026,40278738,9475
Jun-2026,40267727,9471
Jun-2026,40286602,9471
Jun-2026,40281575,9467
Jun-2026,40257940,9464
Jun-2026,40282686,9460
Jun-2026,40288489,9452
Jun-2026,40265740,9451
Jun-2026,30000566,9450
Jun-2026,40260368,9450
Jun-2026,40283858,9449
Jun-2026,40263967,9440
Jun-2026,40270282,9439
Jun-2026,40276936,9436
Jun-2026,40273782,9435
Jun-2026,40275583,9432
Jun-2026,40286722,9432
Jun-2026,40265950,9428
Jun-2026,40272797,9425
Jun-2026,40280535,9421
Jun-2026,40271419,9413
Jun-2026,40289545,9406
Jun-2026,40267290,9405
Jun-2026,40269070,9404
Jun-2026,40261803,9402
Jun-2026,40276963,9401
Jun-2026,40261689,9400
Jun-2026,40269762,9400
Jun-2026,40283542,9384
Jun-2026,40278164,9379
Jun-2026,40282679,9378
Jun-2026,40259031,9377
Jun-2026,40269580,9369
Jun-2026,40266411,9368
Jun-2026,40257135,9365
Jun-2026,40258059,9364
Jun-2026,40286014,9364
Jun-2026,40265360,9362
Jun-2026,40276560,9359
Jun-2026,40266739,9358
Jun-2026,40275575,9353
Jun-2026,40288062,9352
Jun-2026,40268518,9349
Jun-2026,40284611,9349
Jun-2026,40266357,9348
Jun-2026,40264255,9347
Jun-2026,40259593,9331
Jun-2026,40272334,9329
Jun-2026,40270772,9324
Jun-2026,40264730,9321
Jun-2026,40274188,9320
Jun-2026,40274820,9320
Jun-2026,40260151,9313
Jun-2026,40277779,9306
Jun-2026,40273326,9305
Jun-2026,40260410,9294
Jun-2026,40256579,9278
Jun-2026,40278538,9276
Jun-2026,40272660,9272
Jun-2026,40272313,9265
Jun-2026,40257094,9262
Jun-2026,40287826,9262
Jun-2026,40274526,9256
Jun-2026,40272056,9253
Jun-2026,40258223,9237
Jun-2026,40281668,9236
Jun-2026,40278103,9219
Jun-2026,40278202,9218
Jun-2026,40280763,9211
Jun-2026,40274069,9206
Jun-2026,40283632,9197
Jun-2026,40278080,9189
Jun-2026,40263397,9186
Jun-2026,40268728,9184
Jun-2026,40287257,9177
Jun-2026,40285457,9168
Jun-2026,40266863,9160
Jun-2026,40285036,9160
Jun-2026,40258725,9158
Jun-2026,40284058,9157
Jun-2026,40269139,9156
Jun-2026,40278612,9152
Jun-2026,40259357,9138
Jun-2026,40258826,9137
Jun-2026,40259676,9135
Jun-2026,40280553,9132
Jun-2026,40282269,9130
Jun-2026,40280786,9122
Jun-2026,40274077,9119
Jun-2026,40258943,9117
Jun-2026,40276529,9115
Jun-2026,40286186,9114
Jun-2026,40264248,9107
Jun-2026,40280512,9107
Jun-2026,40264669,9106
Jun-2026,40289401,9106
Jun-2026,40284227,9099
Jun-2026,40262384,9079
Jun-2026,40281372,9076
Jun-2026,40259413,9066
Jun-2026,40283443,9065
Jun-2026,40265857,9063
Jun-2026,40289249,9056
Jun-2026,40260023,9051
Jun-2026,40284875,9031
Jun-2026,40283797,9030
Jun-2026,40283910,9030
Jun-2026,40261704,9028
Jun-2026,40288526,9025
Jun-2026,40275086,9020
Jun-2026,40268640,9009
Jun-2026,40281768,9009
Jun-2026,40285995,9003
Jun-2026,40273340,9000
Jun-2026,40261618,8994
Jun-2026,40284447,8982
Jun-2026,40284500,8982
Jun-2026,40270064,8980
Jun-2026,40275968,8968
Jun-2026,40282715,8946
Jun-2026,40257889,8940
Jun-2026,40282211,8940
Jun-2026,40283365,8936
Jun-2026,40273504,8934
Jun-2026,40258874,8918
Jun-2026,40268437,8914
Jun-2026,40273057,8911
Jun-2026,40284565,8903
Jun-2026,40288972,8898
Jun-2026,40279948,8893
Jun-2026,40260877,8885
Jun-2026,40258141,8876
Jun-2026,40257160,8863
Jun-2026,40266192,8862
Jun-2026,40281088,8860
Jun-2026,40271377,8859
Jun-2026,40265804,8853
Jun-2026,40269327,8853
Jun-2026,40282817,8851
Jun-2026,40262511,8844
Jun-2026,40276067,8839
Jun-2026,40279511,8827
Jun-2026,40277219,8824
Jun-2026,40273008,8823
Jun-2026,40280038,8818
Jun-2026,40261416,8817
Jun-2026,40273685,8812
Jun-2026,40276450,8806
Jun-2026,40273322,8805
Jun-2026,40285229,8805
Jun-2026,40285779,8804
Jun-2026,40289191,8804
Jun-2026,40270392,8795
Jun-2026,40276620,8791
Jun-2026,40262670,8785
Jun-2026,40271634,8780
Jun-2026,40280072,8778
Jun-2026,40285022,8771
Jun-2026,40264553,8754
Jun-2026,40288586,8751
Jun-2026,40284731,8735
Jun-2026,40267102,8733
Jun-2026,40270600,8733
Jun-2026,40274257,8729
Jun-2026,40257878,8723
Jun-2026,40282238,8719
Jun-2026,40258750,8716
Jun-2026,40269548,8707
Jun-2026,40276230,8707
Jun-2026,40273623,8706
Jun-2026,40286594,8703
Jun-2026,40262848,8697
Jun-2026,40283785,8695
Jun-2026,40280589,8688
Jun-2026,40289315,8688
Jun-2026,40279544,8678
Jun-2026,40269566,8674
Jun-2026,40267683,8673
Jun-2026,40289638,8663
Jun-2026,40270406,8660
Jun-2026,40259246,8657
Jun-2026,40282229,8654
Jun-2026,40282778,8651
Jun-2026,40258344,8647
Jun-2026,40285831,8644
Jun-2026,40273123,8643
Jun-2026,40263683,8640
Jun-2026,40265383,8640
Jun-2026,40262106,8625
Jun-2026,40268118,8624
Jun-2026,40286725,8624
Jun-2026,40272082,8617
Jun-2026,40275300,8614
Jun-2026,40261945,8601
Jun-2026,40262074,8597
Jun-2026,40288581,8592
Jun-2026,40261868,8587
Jun-2026,40282522,8587
Jun-2026,40274074,8581
Jun-2026,40283606,8580
Jun-2026,40259444,8573
Jun-2026,40275595,8572
Jun-2026,40288278,8572
Jun-2026,40289998,8572
Jun-2026,40275236,8569
Jun-2026,40273656,8566
Jun-2026,40284361,8554
Jun-2026,40261584,8553
Jun-2026,40270192,8542
Jun-2026,40280134,8541
Jun-2026,40277175,8538
Jun-2026,40270846,8537
Jun-2026,40284200,8535
Jun-2026,40265450,8525
Jun-2026,40289884,8520
Jun-2026,40263097,8519
Jun-2026,40259330,8518
Jun-2026,40276553,8517
Jun-2026,40278923,8516
Jun-2026,40263795,8511
Jun-2026,40266435,8505
Jun-2026,40271576,8502
Jun-2026,40262048,8501
Jun-2026,40280909,8501
Jun-2026,40283225,8498
Jun-2026,40270203,8497
Jun-2026,40282214,8495
Jun-2026,40275451,8494
Jun-2026,40260646,8482
Jun-2026,40264574,8476
Jun-2026,40263584,8469
Jun-2026,40262233,8459
Jun-2026,40282173,8456
Jun-2026,40267609,8451
Jun-2026,40260577,8446
Jun-2026,40262805,8446
Jun-2026,40269473,8444
Jun-2026,40270361,8437
Jun-2026,40269039,8436
Jun-2026,40273367,8435
Jun-2026,40253648,8425
Jun-2026,40259730,8421
Jun-2026,40261576,8419
Jun-2026,40281965,8419
Jun-2026,40280821,8418
Jun-2026,40258042,8416
Jun-2026,40269441,8416
Jun-2026,40274339,8415
Jun-2026,40257744,8414
Jun-2026,40275319,8407
Jun-2026,40266282,8394
Jun-2026,40264349,8393
Jun-2026,15437059,8389
Jun-2026,40283511,8388
Jun-2026,40264160,8383
Jun-2026,40254468,8382
Jun-2026,40260946,8372
Jun-2026,40266822,8372
Jun-2026,40277940,8371
Jun-2026,40281943,8361
Jun-2026,40265471,8360
Jun-2026,40275250,8360
Jun-2026,40257743,8358
Jun-2026,40278029,8358
Jun-2026,40278270,8356
Jun-2026,40257149,8352
Jun-2026,40285240,8349
Jun-2026,40272208,8345
Jun-2026,40272464,8340
Jun-2026,40269248,8338
Jun-2026,40259146,8336
Jun-2026,40278176,8335
Jun-2026,40286768,8335
Jun-2026,40277439,8330
Jun-2026,40288867,8328
Jun-2026,40274373,8323
Jun-2026,40258277,8321
Jun-2026,40273742,8319
Jun-2026,40286685,8315
Jun-2026,40270590,8308
Jun-2026,40281463,8299
Jun-2026,40281076,8298
Jun-2026,40261727,8294
Jun-2026,40267350,8290
Jun-2026,40273512,8290
Jun-2026,40275185,8290
Jun-2026,40263169,8284
Jun-2026,40277885,8282
Jun-2026,40262544,8269
Jun-2026,40286563,8264
Jun-2026,40278858,8248
Jun-2026,40288182,8248
Jun-2026,40282981,8244
Jun-2026,40270543,8242
Jun-2026,40261041,8241
Jun-2026,40271259,8229
Jun-2026,40283377,8229
Jun-2026,40275659,8223
Jun-2026,40277666,8214
Jun-2026,40267760,8198
Jun-2026,40269542,8196
Jun-2026,40258858,8189
Jun-2026,40277815,8180
Jun-2026,40270965,8176
Jun-2026,40274955,8176
Jun-2026,40273145,8173
Jun-2026,40262528,8172
Jun-2026,40269823,8169
Jun-2026,40278687,8167
Jun-2026,40285489,8167
Jun-2026,40285976,8163
Jun-2026,40256285,8162
Jun-2026,40270348,8161
Jun-2026,40278089,8161
Jun-2026,30000583,8158
Jun-2026,40277977,8156
Jun-2026,40283137,8146
Jun-2026,40274199,8145
Jun-2026,40270895,8144
Jun-2026,40262454,8141
Jun-2026,40263388,8139
Jun-2026,40270169,8139
Jun-2026,40256862,8129
Jun-2026,40258680,8127
Jun-2026,40283094,8115
Jun-2026,40288464,8114
Jun-2026,40269009,8111
Jun-2026,40267457,8102
Jun-2026,40272825,8100
Jun-2026,40286634,8099
Jun-2026,40259137,8089
Jun-2026,40271227,8089
Jun-2026,40286512,8085
Jun-2026,40283938,8081
Jun-2026,40273263,8080
Jun-2026,40288173,8078
Jun-2026,40264809,8072
Jun-2026,40261927,8071
Jun-2026,40271167,8071
Jun-2026,40278850,8071
Jun-2026,40272471,8066
Jun-2026,40270444,8065
Jun-2026,40280215,8059
Jun-2026,40261759,8055
Jun-2026,40262843,8050
Jun-2026,40288531,8048
Jun-2026,40262360,8043
Jun-2026,40261392,8039
Jun-2026,40264922,8037
Jun-2026,40257936,8032
Jun-2026,40256564,8031
Jun-2026,40273907,8029
Jun-2026,40279560,8027
Jun-2026,40277973,8017
Jun-2026,40278403,8016
Jun-2026,40259340,8006
Jun-2026,40260098,8006
Jun-2026,40276495,8006
Jun-2026,40281107,8001
Jun-2026,40262306,7995
Jun-2026,40285358,7991
Jun-2026,40259149,7982
Jun-2026,40266148,7982
Jun-2026,40264124,7979
Jun-2026,40284469,7975
Jun-2026,40273740,7974
Jun-2026,40275942,7963
Jun-2026,30000604,7956
Jun-2026,40283561,7956
Jun-2026,40284748,7956
Jun-2026,40264743,7946
Jun-2026,40275456,7943
Jun-2026,40280967,7937
Jun-2026,40260350,7932
Jun-2026,40268204,7927
Jun-2026,40252483,7925
Jun-2026,40268415,7924
Jun-2026,40270027,7902
Jun-2026,40283093,7901
Jun-2026,40258764,7900
Jun-2026,40271683,7900
Jun-2026,40266419,7898
Jun-2026,40287209,7898
Jun-2026,40264327,7897
Jun-2026,40261913,7894
Jun-2026,40286118,7892
Jun-2026,40284761,7890
Jun-2026,40278563,7876
Jun-2026,40267674,7874
Jun-2026,40274225,7874
Jun-2026,40262706,7854
Jun-2026,40270175,7851
Jun-2026,40281542,7849
Jun-2026,40257829,7845
Jun-2026,40282671,7833
Jun-2026,40282352,7832
Jun-2026,40268162,7830
Jun-2026,40253728,7818
Jun-2026,40259601,7818
Jun-2026,40275894,7818
Jun-2026,40276764,7817
Jun-2026,40282056,7808
Jun-2026,40282118,7807
Jun-2026,40272074,7806
Jun-2026,40262551,7803
Jun-2026,40277864,7803
Jun-2026,40276060,7801
Jun-2026,40260022,7800
Jun-2026,40266854,7799
Jun-2026,40283857,7795
Jun-2026,40277910,7791
Jun-2026,40288394,7791
Jun-2026,40270608,7787
Jun-2026,40271441,7775
Jun-2026,40260258,7772
Jun-2026,40282371,7770
Jun-2026,40286389,7763
Jun-2026,40286490,7760
Jun-2026,40270927,7756
Jun-2026,40288188,7755
Jun-2026,40281038,7745
Jun-2026,40276631,7740
Jun-2026,40286811,7737
Jun-2026,40267471,7736
Jun-2026,40288669,7736
Jun-2026,40257060,7735
Jun-2026,40287828,7734
Jun-2026,40257010,7731
Jun-2026,40257337,7730
Jun-2026,40269833,7730
Jun-2026,40281471,7729
Jun-2026,40280351,7726
Jun-2026,40263267,7719
Jun-2026,40263594,7708
Jun-2026,40277000,7703
Jun-2026,40275087,7702
Jun-2026,40265514,7701
Jun-2026,40265694,7701
Jun-2026,40286473,7698
Jun-2026,40275225,7697
Jun-2026,40285248,7697
Jun-2026,40280223,7696
Jun-2026,40262258,7687
Jun-2026,40285030,7686
Jun-2026,40268519,7685
Jun-2026,40266151,7681
Jun-2026,40272426,7681
Jun-2026,40279204,7681
Jun-2026,40273811,7680
Jun-2026,40284482,7678
Jun-2026,40286609,7672
Jun-2026,40268274,7669
Jun-2026,40277231,7661
Jun-2026,40261996,7656
Jun-2026,40287664,7656
Jun-2026,40281236,7654
Jun-2026,40277460,7650
Jun-2026,40279563,7646
Jun-2026,40262157,7645
Jun-2026,40261385,7642
Jun-2026,40265472,7633
Jun-2026,40289444,7624
Jun-2026,40263944,7615
Jun-2026,40281229,7607
Jun-2026,40282388,7607
Jun-2026,40285367,7602
Jun-2026,40280426,7600
Jun-2026,40283090,7597
Jun-2026,40284297,7593
Jun-2026,40266415,7589
Jun-2026,40262377,7584
Jun-2026,40275293,7583
Jun-2026,40285026,7578
Jun-2026,40268219,7575
Jun-2026,40277338,7575
Jun-2026,40262893,7574
Jun-2026,40274334,7572
Jun-2026,40265862,7571
Jun-2026,40271105,7571
Jun-2026,40273744,7570
Jun-2026,40274057,7568
Jun-2026,40274580,7568
Jun-2026,40255507,7567
Jun-2026,40282052,7564
Jun-2026,40279825,7563
Jun-2026,40275474,7561
Jun-2026,40264087,7559
Jun-2026,40280116,7552
Jun-2026,40271201,7548
Jun-2026,40278086,7546
Jun-2026,40258332,7543
Jun-2026,40272768,7543
Jun-2026,40262938,7540
Jun-2026,40276533,7539
Jun-2026,40266966,7538
Jun-2026,40280073,7535
Jun-2026,40284702,7527
Jun-2026,40269821,7526
Jun-2026,40270948,7518
Jun-2026,40263996,7517
Jun-2026,40264476,7517
Jun-2026,40281647,7509
Jun-2026,40284620,7506
Jun-2026,40286800,7506
Jun-2026,40270641,7505
Jun-2026,40274971,7483
Jun-2026,40262947,7477
Jun-2026,40277309,7476
Jun-2026,40284746,7471
Jun-2026,40261062,7462
Jun-2026,40272526,7459
Jun-2026,40272377,7458
Jun-2026,40278178,7458
Jun-2026,40266440,7454
Jun-2026,40286049,7452
Jun-2026,40258582,7450
Jun-2026,40271182,7447
Jun-2026,40277109,7444
Jun-2026,40262435,7440
Jun-2026,40262686,7438
Jun-2026,40258300,7437
Jun-2026,40258403,7434
Jun-2026,40278430,7431
Jun-2026,40261623,7428
Jun-2026,40282547,7413
Jun-2026,40282860,7413
Jun-2026,40273690,7411
Jun-2026,40281511,7410
Jun-2026,40270423,7409
Jun-2026,40261879,7396
Jun-2026,40279265,7393
Jun-2026,40259590,7385
Jun-2026,40275224,7382
Jun-2026,40273023,7376
Jun-2026,40265671,7366
Jun-2026,40286480,7362
Jun-2026,40283224,7360
Jun-2026,40262849,7357
Jun-2026,40276327,7344
Jun-2026,40280546,7344
Jun-2026,40258463,7343
Jun-2026,40265323,7342
Jun-2026,40265504,7339
Jun-2026,40259869,7338
Jun-2026,40283729,7334
Jun-2026,40261101,7318
Jun-2026,40278774,7318
Jun-2026,40262753,7315
Jun-2026,40266599,7313
Jun-2026,40288466,7313
Jun-2026,40253840,7309
Jun-2026,40281665,7308
Jun-2026,40280932,7306
Jun-2026,40266774,7303
Jun-2026,40280432,7295
Jun-2026,40288132,7282
Jun-2026,40259795,7281
Jun-2026,40288572,7280
Jun-2026,40263116,7277
Jun-2026,40273075,7275
Jun-2026,40266827,7272
Jun-2026,40258902,7269
Jun-2026,40271399,7268
Jun-2026,40285830,7264
Jun-2026,40271483,7256
Jun-2026,40258010,7254
Jun-2026,40275721,7254
Jun-2026,40261454,7253
Jun-2026,40273488,7253
Jun-2026,40272794,7250
Jun-2026,40281030,7250
Jun-2026,40269474,7245
Jun-2026,40274447,7243
Jun-2026,40265458,7241
Jun-2026,40289950,7240
Jun-2026,40269614,7233
Jun-2026,40279906,7228
Jun-2026,40280984,7227
Jun-2026,40277551,7224
Jun-2026,40289174,7220
Jun-2026,40267706,7214
Jun-2026,40257948,7206
Jun-2026,40268445,7205
Jun-2026,40283580,7204
Jun-2026,40270228,7197
Jun-2026,40261768,7188
Jun-2026,40260934,7187
Jun-2026,40260751,7185
Jun-2026,40273861,7183
Jun-2026,40256903,7178
Jun-2026,40257957,7176
Jun-2026,40270998,7165
Jun-2026,40273644,7159
Jun-2026,40274691,7158
Jun-2026,40258449,7153
Jun-2026,40259217,7149
Jun-2026,40283775,7146
Jun-2026,40274018,7143
Jun-2026,40258083,7139
Jun-2026,40280356,7139
Jun-2026,40268188,7138
Jun-2026,40265245,7127
Jun-2026,40270939,7123
Jun-2026,40284275,7120
Jun-2026,40259990,7113
Jun-2026,40277068,7108
Jun-2026,40283186,7104
Jun-2026,40261410,7103
Jun-2026,40280330,7103
Jun-2026,40262393,7100
Jun-2026,40259599,7099
Jun-2026,40283102,7086
Jun-2026,40289754,7083
Jun-2026,40276488,7082
Jun-2026,40286971,7074
Jun-2026,40258354,7072
Jun-2026,40265854,7072
Jun-2026,40259284,7071
Jun-2026,40275036,7069
Jun-2026,40278421,7068
Jun-2026,40261957,7063
Jun-2026,40280445,7062
Jun-2026,40279279,7059
Jun-2026,40282442,7055
Jun-2026,40258497,7051
Jun-2026,40257846,7050
Jun-2026,40257088,7040
Jun-2026,40286555,7038
Jun-2026,40257938,7028
Jun-2026,40272386,7025
Jun-2026,40259453,7016
Jun-2026,40285324,7014
Jun-2026,40276564,6997
Jun-2026,40286426,6996
Jun-2026,40258106,6991
Jun-2026,40263017,6988
Jun-2026,40273912,6988
Jun-2026,40268412,6986
Jun-2026,40263271,6981
Jun-2026,40260194,6971
Jun-2026,40281358,6970
Jun-2026,40265766,6966
Jun-2026,40272154,6961
Jun-2026,40264240,6959
Jun-2026,40260708,6958
Jun-2026,40289168,6956
Jun-2026,40279148,6953
Jun-2026,40275510,6946
Jun-2026,40258330,6939
Jun-2026,40264201,6939
Jun-2026,40257112,6938
Jun-2026,40290038,6934
Jun-2026,40288031,6924
Jun-2026,40261408,6914
Jun-2026,40270922,6914
Jun-2026,40273748,6909
Jun-2026,40281101,6908
Jun-2026,40270488,6899
Jun-2026,40270208,6896
Jun-2026,40261040,6895
Jun-2026,40277284,6894
Jun-2026,40260661,6893
Jun-2026,40286540,6890
Jun-2026,40283643,6889
Jun-2026,40289886,6889
Jun-2026,40274815,6887
Jun-2026,40269482,6885
Jun-2026,40259547,6883
Jun-2026,40284120,6874
Jun-2026,40283639,6865
Jun-2026,40286059,6865
Jun-2026,40284764,6861
Jun-2026,40278154,6857
Jun-2026,40285002,6857
Jun-2026,40254923,6856
Jun-2026,40262124,6853
Jun-2026,40284095,6853
Jun-2026,40288281,6853
Jun-2026,40286887,6851
Jun-2026,40278655,6848
Jun-2026,40279516,6848
Jun-2026,40273787,6845
Jun-2026,40282965,6845
Jun-2026,40275147,6844
Jun-2026,40276520,6843
Jun-2026,40275233,6842
Jun-2026,40256326,6841
Jun-2026,40281157,6840
Jun-2026,40287129,6837
Jun-2026,40258323,6831
Jun-2026,40287997,6829
Jun-2026,40280802,6828
Jun-2026,40275957,6827
Jun-2026,40261552,6824
Jun-2026,40274837,6823
Jun-2026,40275748,6819
Jun-2026,40260726,6818
Jun-2026,40267573,6818
Jun-2026,40282649,6816
Jun-2026,40288175,6812
Jun-2026,40262337,6811
Jun-2026,40256225,6809
Jun-2026,40260914,6808
Jun-2026,40282619,6806
Jun-2026,40265155,6798
Jun-2026,40280479,6793
Jun-2026,40275507,6789
Jun-2026,40290100,6789
Jun-2026,40252705,6788
Jun-2026,40282519,6785
Jun-2026,40275868,6783
Jun-2026,40273800,6778
Jun-2026,40271034,6774
Jun-2026,40271985,6772
Jun-2026,40276396,6770
Jun-2026,40279967,6768
Jun-2026,40257159,6767
Jun-2026,40265433,6765
Jun-2026,40274612,6751
Jun-2026,40277261,6751
Jun-2026,40261626,6749
Jun-2026,40263978,6747
Jun-2026,40275001,6746
Jun-2026,40266136,6739
Jun-2026,40268929,6738
Jun-2026,40288047,6735
Jun-2026,40279674,6734
Jun-2026,40286611,6733
Jun-2026,40274952,6732
Jun-2026,40265255,6730
Jun-2026,40279547,6730
Jun-2026,40270246,6729
Jun-2026,40257848,6725
Jun-2026,40260694,6720
Jun-2026,40280540,6717
Jun-2026,40272551,6716
Jun-2026,40276598,6712
Jun-2026,40267753,6710
Jun-2026,40260733,6708
Jun-2026,40278918,6702
Jun-2026,40262556,6697
Jun-2026,40287726,6697
Jun-2026,40283590,6696
Jun-2026,40287719,6696
Jun-2026,40280828,6690
Jun-2026,40267376,6687
Jun-2026,40280420,6687
Jun-2026,40259433,6684
Jun-2026,40287775,6683
Jun-2026,40265178,6679
Jun-2026,40270147,6674
Jun-2026,40284945,6674
Jun-2026,40268701,6671
Jun-2026,40288257,6669
Jun-2026,40286536,6663
Jun-2026,40277083,6661
Jun-2026,40275652,6660
Jun-2026,40288385,6660
Jun-2026,40254850,6659
Jun-2026,40271282,6652
Jun-2026,40272935,6650
Jun-2026,40267643,6649
Jun-2026,40257696,6648
Jun-2026,40261563,6644
Jun-2026,40259764,6639
Jun-2026,40265630,6637
Jun-2026,40266634,6629
Jun-2026,40272036,6627
Jun-2026,40281501,6623
Jun-2026,40271169,6619
Jun-2026,40275272,6619
Jun-2026,40280334,6618
Jun-2026,40283628,6615
Jun-2026,40257951,6611
Jun-2026,40281661,6611
Jun-2026,40274175,6609
Jun-2026,40289500,6606
Jun-2026,40267865,6604
Jun-2026,40271443,6602
Jun-2026,40280631,6599
Jun-2026,30000593,6598
Jun-2026,40266347,6597
Jun-2026,40274792,6592
Jun-2026,40253658,6584
Jun-2026,40274773,6584
Jun-2026,40255359,6582
Jun-2026,40258529,6579
Jun-2026,40265321,6576
Jun-2026,40276114,6572
Jun-2026,40268522,6569
Jun-2026,40279804,6568
Jun-2026,40274126,6561
Jun-2026,40277360,6561
Jun-2026,40280558,6561
Jun-2026,40282606,6561
Jun-2026,40264682,6550
Jun-2026,40267320,6549
Jun-2026,40264312,6543
Jun-2026,40276405,6540
Jun-2026,40274920,6539
Jun-2026,40280656,6531
Jun-2026,40259322,6530
Jun-2026,40260975,6526
Jun-2026,40263350,6523
Jun-2026,40263817,6516
Jun-2026,40269662,6514
Jun-2026,40278568,6508
Jun-2026,40280453,6498
Jun-2026,40258810,6497
Jun-2026,40259365,6496
Jun-2026,40285435,6494
Jun-2026,40275139,6491
Jun-2026,40259893,6488
Jun-2026,40267434,6488
Jun-2026,40271610,6488
Jun-2026,40277714,6484
Jun-2026,40285863,6483
Jun-2026,40280751,6476
Jun-2026,40281497,6475
Jun-2026,40287143,6474
Jun-2026,40285390,6468
Jun-2026,40285875,6464
Jun-2026,40280667,6460
Jun-2026,40288005,6458
Jun-2026,40285693,6455
Jun-2026,40270460,6454
Jun-2026,40282252,6453
Jun-2026,40274539,6444
Jun-2026,40287109,6443
Jun-2026,40263052,6430
Jun-2026,40274923,6428
Jun-2026,40260147,6414
Jun-2026,40287049,6411
Jun-2026,40256941,6400
Jun-2026,40260729,6398
Jun-2026,40287187,6391
Jun-2026,40281023,6384
Jun-2026,40274934,6381
Jun-2026,40278536,6378
Jun-2026,40260163,6375
Jun-2026,40286793,6373
Jun-2026,40285233,6372
Jun-2026,40281792,6369
Jun-2026,40267135,6368
Jun-2026,40264181,6365
Jun-2026,40263293,6362
Jun-2026,40265320,6362
Jun-2026,40272790,6362
Jun-2026,40286737,6357
Jun-2026,40287483,6353
Jun-2026,40267903,6352
Jun-2026,40257689,6351
Jun-2026,40286730,6351
Jun-2026,40286195,6350
Jun-2026,40283574,6349
Jun-2026,40262051,6348
Jun-2026,40275857,6339
Jun-2026,40268629,6332
Jun-2026,40271912,6330
Jun-2026,40286182,6327
Jun-2026,40270434,6326
Jun-2026,40265406,6318
Jun-2026,40267646,6317
Jun-2026,40271865,6316
Jun-2026,40259611,6311
Jun-2026,40261199,6310
Jun-2026,40267190,6310
Jun-2026,40256328,6309
Jun-2026,40284312,6309
Jun-2026,40271479,6301
Jun-2026,40271487,6301
Jun-2026,40282431,6301
Jun-2026,40280395,6292
Jun-2026,40267322,6287
Jun-2026,40274559,6287
Jun-2026,40280956,6284
Jun-2026,40272302,6283
Jun-2026,40274874,6279
Jun-2026,40281133,6279
Jun-2026,40263559,6278
Jun-2026,40273079,6278
Jun-2026,40267653,6277
Jun-2026,40265973,6271
Jun-2026,40264884,6269
Jun-2026,40266370,6269
Jun-2026,40273967,6268
Jun-2026,40286799,6261
Jun-2026,40264819,6259
Jun-2026,40264522,6258
Jun-2026,40290328,6258
Jun-2026,40269524,6251
Jun-2026,40280947,6251
Jun-2026,40271679,6239
Jun-2026,40278667,6239
Jun-2026,40260130,6235
Jun-2026,40258457,6227
Jun-2026,40279434,6226
Jun-2026,40261248,6224
Jun-2026,40284377,6220
Jun-2026,40259573,6219
Jun-2026,40258921,6210
Jun-2026,40260700,6210
Jun-2026,40270115,6209
Jun-2026,40268527,6208
Jun-2026,40269215,6208
Jun-2026,40288299,6205
Jun-2026,40288743,6203
Jun-2026,40263794,6201
Jun-2026,40269113,6196
Jun-2026,40278657,6196
Jun-2026,40290165,6196
Jun-2026,40284588,6193
Jun-2026,40259360,6191
Jun-2026,40264207,6190
Jun-2026,40261450,6188
Jun-2026,40288955,6188
Jun-2026,40280936,6183
Jun-2026,40275092,6178
Jun-2026,40283872,6177
Jun-2026,40262437,6172
Jun-2026,40268048,6172
Jun-2026,40272276,6170
Jun-2026,40259897,6165
Jun-2026,40285285,6161
Jun-2026,40289205,6161
Jun-2026,40280469,6160
Jun-2026,40282237,6160
Jun-2026,40281779,6157
Jun-2026,40284191,6157
Jun-2026,40288053,6156
Jun-2026,40261585,6144
Jun-2026,40277477,6144
Jun-2026,40278310,6144
Jun-2026,40283811,6139
Jun-2026,40282110,6138
Jun-2026,40276866,6135
Jun-2026,40283537,6135
Jun-2026,40272974,6134
Jun-2026,40284466,6132
Jun-2026,40280401,6131
Jun-2026,40262305,6130
Jun-2026,40278915,6127
Jun-2026,40287804,6118
Jun-2026,40275452,6117
Jun-2026,40266921,6113
Jun-2026,40265243,6112
Jun-2026,40271240,6109
Jun-2026,40263362,6104
Jun-2026,40275072,6104
Jun-2026,40285445,6101
Jun-2026,40259906,6100
Jun-2026,40261009,6099
Jun-2026,40285114,6099
Jun-2026,40261914,6096
Jun-2026,40275392,6096
Jun-2026,40262990,6093
Jun-2026,40279594,6084
Jun-2026,40289968,6084
Jun-2026,40270091,6083
Jun-2026,40275403,6077
Jun-2026,30000601,6071
Jun-2026,40281007,6066
Jun-2026,40286375,6062
Jun-2026,40263623,6060
Jun-2026,40266555,6059
Jun-2026,40274572,6054
Jun-2026,40275298,6052
Jun-2026,40256967,6050
Jun-2026,40277499,6050
Jun-2026,40272906,6049
Jun-2026,40279829,6047
Jun-2026,40275993,6042
Jun-2026,40282961,6041
Jun-2026,40280003,6039
Jun-2026,40285111,6038
Jun-2026,40269837,6035
Jun-2026,40263275,6034
Jun-2026,40263421,6020
Jun-2026,40259243,6015
Jun-2026,40272731,6014
Jun-2026,40289475,6010
Jun-2026,23901215,6009
Jun-2026,40258362,6005
Jun-2026,40276026,6003
Jun-2026,40287369,6000
Jun-2026,40283116,5998
Jun-2026,40264694,5997
Jun-2026,40270100,5997
Jun-2026,40254897,5994
Jun-2026,40260175,5991
Jun-2026,40263991,5991
Jun-2026,40287075,5990
Jun-2026,40275071,5989
Jun-2026,40273333,5987
Jun-2026,40263711,5986
Jun-2026,40264704,5981
Jun-2026,40271037,5981
Jun-2026,40285575,5977
Jun-2026,40284637,5975
Jun-2026,40264112,5973
Jun-2026,40283529,5973
Jun-2026,40267423,5969
Jun-2026,40284035,5968
Jun-2026,40266568,5965
Jun-2026,40274725,5965
Jun-2026,40274189,5958
Jun-2026,40272534,5957
Jun-2026,40273687,5953
Jun-2026,40273309,5950
Jun-2026,40262563,5944
Jun-2026,40261571,5940
Jun-2026,40263492,5940
Jun-2026,40262373,5934
Jun-2026,40272343,5932
Jun-2026,40256113,5931
Jun-2026,40278809,5929
Jun-2026,40262557,5928
Jun-2026,40265131,5921
Jun-2026,40273780,5920
Jun-2026,40263656,5919
Jun-2026,40288345,5914
Jun-2026,40288512,5914
Jun-2026,40283408,5908
Jun-2026,40266246,5905
Jun-2026,40263299,5898
Jun-2026,40278395,5898
Jun-2026,40285177,5898
Jun-2026,40276166,5896
Jun-2026,40285003,5893
Jun-2026,40274346,5891
Jun-2026,40280484,5890
Jun-2026,40285176,5886
Jun-2026,40264036,5885
Jun-2026,40276443,5878
Jun-2026,40286686,5878
Jun-2026,40261028,5877
Jun-2026,40268224,5877
Jun-2026,40269148,5877
Jun-2026,40262483,5873
Jun-2026,40280577,5872
Jun-2026,40271701,5871
Jun-2026,40287744,5871
Jun-2026,40258716,5870
Jun-2026,23356930,5869
Jun-2026,40264373,5864
Jun-2026,40258356,5857
Jun-2026,40274213,5857
Jun-2026,40275598,5857
Jun-2026,40276885,5856
Jun-2026,40287052,5856
Jun-2026,40286669,5855
Jun-2026,40286025,5852
Jun-2026,40267508,5851
Jun-2026,40267942,5849
Jun-2026,40270435,5848
Jun-2026,40254613,5846
Jun-2026,40278894,5837
Jun-2026,40282060,5836
Jun-2026,40258478,5833
Jun-2026,40276496,5833
Jun-2026,40261977,5828
Jun-2026,40265267,5826
Jun-2026,40267714,5826
Jun-2026,40273388,5825
Jun-2026,40282132,5825
Jun-2026,40270478,5814
Jun-2026,40278433,5811
Jun-2026,40277980,5809
Jun-2026,40286717,5804
Jun-2026,40259345,5803
Jun-2026,40267783,5796
Jun-2026,40266998,5795
Jun-2026,40265577,5790
Jun-2026,40266610,5784
Jun-2026,40275545,5784
Jun-2026,40256578,5781
Jun-2026,40280329,5781
Jun-2026,40288547,5777
Jun-2026,40277628,5774
Jun-2026,40277312,5773
Jun-2026,40275650,5772
Jun-2026,40265021,5767
Jun-2026,40274368,5764
Jun-2026,40268056,5761
Jun-2026,40272458,5760
Jun-2026,40288554,5758
Jun-2026,40274293,5753
Jun-2026,40289417,5750
Jun-2026,40265108,5748
Jun-2026,40266520,5748
Jun-2026,40279562,5748
Jun-2026,40284850,5748
Jun-2026,40287622,5746
Jun-2026,40268443,5740
Jun-2026,40286636,5736
Jun-2026,40270774,5735
Jun-2026,40273307,5732
Jun-2026,40286882,5730
Jun-2026,40284172,5729
Jun-2026,40260437,5721
Jun-2026,40268052,5721
Jun-2026,40272327,5719
Jun-2026,40267297,5714
Jun-2026,30000568,5711
Jun-2026,40257800,5706
Jun-2026,40268835,5705
Jun-2026,40288100,5704
Jun-2026,40261963,5702
Jun-2026,40281915,5696
Jun-2026,40282044,5696
Jun-2026,40253363,5694
Jun-2026,40257797,5694
Jun-2026,40259117,5692
Jun-2026,40260905,5688
Jun-2026,40279988,5685
Jun-2026,40258345,5681
Jun-2026,40276143,5680
Jun-2026,40285204,5680
Jun-2026,40266560,5673
Jun-2026,40277111,5672
Jun-2026,40282558,5671
Jun-2026,40283929,5671
Jun-2026,40265192,5668
Jun-2026,40272020,5665
Jun-2026,40276997,5653
Jun-2026,40283085,5650
Jun-2026,40285620,5648
Jun-2026,40272902,5647
Jun-2026,40257048,5646
Jun-2026,40276809,5646
Jun-2026,40288126,5639
Jun-2026,40262208,5638
Jun-2026,40262221,5638
Jun-2026,40284293,5638
Jun-2026,40268058,5634
Jun-2026,40288701,5631
Jun-2026,40276268,5628
Jun-2026,40276265,5624
Jun-2026,40259235,5623
Jun-2026,40274102,5620
Jun-2026,40278939,5620
Jun-2026,40262362,5619
Jun-2026,40288504,5616
Jun-2026,40260970,5615
Jun-2026,40266022,5614
Jun-2026,40256205,5613
Jun-2026,40259975,5611
Jun-2026,40272683,5603
Jun-2026,40266276,5600
Jun-2026,40254852,5599
Jun-2026,40279679,5596
Jun-2026,40275436,5594
Jun-2026,40281312,5592
Jun-2026,40258903,5590
Jun-2026,40272571,5584
Jun-2026,40283329,5580
Jun-2026,40284582,5580
Jun-2026,40285473,5579
Jun-2026,40266414,5577
Jun-2026,40257871,5575
Jun-2026,40270748,5575
Jun-2026,40270807,5575
Jun-2026,40271196,5572
Jun-2026,40269081,5565
Jun-2026,40288540,5565
Jun-2026,40260804,5562
Jun-2026,40264606,5561
Jun-2026,40284533,5561
Jun-2026,40281791,5557
Jun-2026,40288838,5551
Jun-2026,40280252,5546
Jun-2026,40272081,5545
Jun-2026,40280348,5544
Jun-2026,40262700,5541
Jun-2026,40277822,5540
Jun-2026,40278636,5538
Jun-2026,40277836,5537
Jun-2026,40281114,5536
Jun-2026,40258999,5534
Jun-2026,40278592,5534
Jun-2026,40271555,5533
Jun-2026,40276153,5528
Jun-2026,40268212,5526
Jun-2026,40282255,5525
Jun-2026,40284536,5524
Jun-2026,40274787,5523
Jun-2026,40277538,5523
Jun-2026,40265561,5519
Jun-2026,40260089,5514
Jun-2026,40255367,5513
Jun-2026,40269032,5509
Jun-2026,40283783,5507
Jun-2026,40287271,5504
Jun-2026,40263047,5503
Jun-2026,40276898,5502
Jun-2026,40285265,5502
Jun-2026,40286260,5502
Jun-2026,40258861,5500
Jun-2026,40278741,5499
Jun-2026,40284014,5499
Jun-2026,40273892,5498
Jun-2026,40282562,5497
Jun-2026,40274708,5495
Jun-2026,40277229,5493
Jun-2026,40261685,5492
Jun-2026,40285197,5486
Jun-2026,40271501,5484
Jun-2026,40258732,5480
Jun-2026,40260844,5473
Jun-2026,40258791,5467
Jun-2026,40268466,5467
Jun-2026,40261654,5464
Jun-2026,40283867,5464
Jun-2026,40280572,5462
Jun-2026,40288851,5459
Jun-2026,40283988,5451
Jun-2026,40264136,5450
Jun-2026,40259929,5449
Jun-2026,40261930,5449
Jun-2026,40273572,5448
Jun-2026,40265196,5447
Jun-2026,40284018,5447
Jun-2026,40265077,5446
Jun-2026,40268245,5446
Jun-2026,40257836,5443
Jun-2026,40272824,5443
Jun-2026,40267251,5442
Jun-2026,40257086,5440
Jun-2026,30000612,5438
Jun-2026,40259946,5435
Jun-2026,40277949,5431
Jun-2026,40276880,5430
Jun-2026,40288174,5430
Jun-2026,40264231,5425
Jun-2026,40280621,5422
Jun-2026,40279694,5420
Jun-2026,40284667,5418
Jun-2026,40281774,5411
Jun-2026,40286252,5409
Jun-2026,40266312,5408
Jun-2026,40290087,5408
Jun-2026,40281288,5403
Jun-2026,40289717,5403
Jun-2026,40271930,5385
Jun-2026,40257686,5380
Jun-2026,40282497,5379
Jun-2026,40273840,5377
Jun-2026,40283807,5377
Jun-2026,40257435,5372
Jun-2026,40265536,5371
Jun-2026,40255271,5369
Jun-2026,40274980,5366
Jun-2026,40284144,5357
Jun-2026,40278910,5356
Jun-2026,40284871,5356
Jun-2026,40269530,5355
Jun-2026,40275740,5352
Jun-2026,40277479,5352
Jun-2026,40283946,5352
Jun-2026,40259760,5350
Jun-2026,40275228,5338
Jun-2026,40261377,5337
Jun-2026,40278167,5337
Jun-2026,40286166,5337
Jun-2026,40261433,5324
Jun-2026,40287549,5324
Jun-2026,40255993,5323
Jun-2026,40258067,5322
Jun-2026,40265338,5321
Jun-2026,40287712,5320
Jun-2026,40274205,5315
Jun-2026,40263838,5313
Jun-2026,40272924,5312
Jun-2026,40260238,5311
Jun-2026,40277994,5306
Jun-2026,40268890,5305
Jun-2026,40286714,5305
Jun-2026,40275002,5304
Jun-2026,40262695,5302
Jun-2026,40278213,5298
Jun-2026,40281599,5297
Jun-2026,40271526,5294
Jun-2026,40272246,5292
Jun-2026,40289130,5292
Jun-2026,40283907,5287
Jun-2026,40286946,5287
Jun-2026,40282751,5282
Jun-2026,40261349,5277
Jun-2026,40281807,5274
Jun-2026,40286981,5271
Jun-2026,40262752,5268
Jun-2026,40269353,5268
Jun-2026,40255826,5261
Jun-2026,40278679,5261
Jun-2026,40269880,5256
Jun-2026,40277358,5255
Jun-2026,40272207,5246
Jun-2026,40275520,5242
Jun-2026,40264753,5240
Jun-2026,40288573,5240
Jun-2026,40258320,5238
Jun-2026,40274960,5238
Jun-2026,40276527,5238
Jun-2026,40284273,5237
Jun-2026,40259054,5232
Jun-2026,40259094,5232
Jun-2026,40274250,5230
Jun-2026,40285699,5227
Jun-2026,40263077,5226
Jun-2026,40261181,5225
Jun-2026,40279628,5225
Jun-2026,40278651,5223
Jun-2026,40286678,5223
Jun-2026,40269477,5217
Jun-2026,40287995,5217
Jun-2026,40274097,5216
Jun-2026,40280986,5215
Jun-2026,40259177,5214
Jun-2026,40276302,5212
Jun-2026,40278495,5210
Jun-2026,40288035,5208
Jun-2026,40281922,5205
Jun-2026,40270661,5203
Jun-2026,40275423,5202
Jun-2026,40282069,5202
Jun-2026,40274164,5199
Jun-2026,40268107,5197
Jun-2026,40258205,5194
Jun-2026,40271696,5194
Jun-2026,40262025,5191
Jun-2026,40274353,5191
Jun-2026,40289641,5187
Jun-2026,40266348,5182
Jun-2026,40271867,5180
Jun-2026,40283141,5177
Jun-2026,40285848,5177
Jun-2026,40270510,5175
Jun-2026,40286738,5171
Jun-2026,40265457,5167
Jun-2026,40282035,5167
Jun-2026,40287558,5163
Jun-2026,40266622,5158
Jun-2026,40268666,5158
Jun-2026,40278542,5158
Jun-2026,40286842,5153
Jun-2026,40272102,5152
Jun-2026,40283735,5151
Jun-2026,40283802,5151
Jun-2026,40277249,5147
Jun-2026,40287742,5139
Jun-2026,40277223,5137
Jun-2026,40265526,5131
Jun-2026,40285583,5130
Jun-2026,40273556,5129
Jun-2026,40278258,5128
Jun-2026,40283060,5128
Jun-2026,40278439,5127
Jun-2026,40266434,5125
Jun-2026,40270614,5125
Jun-2026,40285546,5124
Jun-2026,40267529,5123
Jun-2026,40285838,5121
Jun-2026,40262726,5120
Jun-2026,40287728,5112
Jun-2026,40264650,5109
Jun-2026,40281419,5108
Jun-2026,40287474,5107
Jun-2026,40284961,5105
Jun-2026,40266688,5104
Jun-2026,40283800,5104
Jun-2026,40277204,5103
Jun-2026,40285790,5103
Jun-2026,40262345,5101
Jun-2026,40265846,5099
Jun-2026,40287027,5098
Jun-2026,40281819,5093
Jun-2026,40271874,5092
Jun-2026,40260221,5091
Jun-2026,40264541,5091
Jun-2026,40280175,5086
Jun-2026,40285568,5085
Jun-2026,40261615,5083
Jun-2026,40271558,5082
Jun-2026,40279613,5082
Jun-2026,40267737,5078
Jun-2026,40275741,5076
Jun-2026,40261965,5074
Jun-2026,40272008,5073
Jun-2026,40268125,5069
Jun-2026,40272410,5067
Jun-2026,40262220,5065
Jun-2026,40279793,5063
Jun-2026,40278747,5062
Jun-2026,40288518,5058
Jun-2026,40261197,5056
Jun-2026,40272376,5056
Jun-2026,40255946,5053
Jun-2026,40259069,5053
Jun-2026,40271577,5053
Jun-2026,40255217,5052
Jun-2026,40287973,5051
Jun-2026,40285171,5048
Jun-2026,40263694,5042
Jun-2026,40285494,5039
Jun-2026,40282609,5036
Jun-2026,40287603,5035
Jun-2026,40260344,5034
Jun-2026,40261278,5033
Jun-2026,40267734,5032
Jun-2026,40267788,5031
Jun-2026,40264720,5029
Jun-2026,40260316,5024
Jun-2026,40269504,5024
Jun-2026,40275941,5020
Jun-2026,40268259,5019
Jun-2026,40264624,5016
Jun-2026,40272592,5013
Jun-2026,40289024,5013
Jun-2026,40284416,5012
Jun-2026,40283767,5010
Jun-2026,40269257,5009
Jun-2026,40275809,5007
Jun-2026,40273881,5006
Jun-2026,40274023,5004
Jun-2026,40259662,5002
Jun-2026,40264653,5000
Jun-2026,40262653,4996
Jun-2026,40259449,4995
Jun-2026,40260516,4995
Jun-2026,40274782,4995
Jun-2026,40263121,4992
Jun-2026,40265263,4992
Jun-2026,40271293,4991
Jun-2026,40285366,4990
Jun-2026,40263591,4989
Jun-2026,40275195,4988
Jun-2026,40264313,4986
Jun-2026,40278804,4985
Jun-2026,40259751,4982
Jun-2026,40264014,4982
Jun-2026,40283339,4981
Jun-2026,40260673,4977
Jun-2026,40273773,4977
Jun-2026,40282741,4977
Jun-2026,40275407,4971
Jun-2026,40283106,4971
Jun-2026,40286057,4970
Jun-2026,40282436,4969
Jun-2026,40265898,4967
Jun-2026,40269921,4964
Jun-2026,40279646,4963
Jun-2026,40259440,4956
Jun-2026,40267093,4956
Jun-2026,40259606,4954
Jun-2026,40269230,4954
Jun-2026,40267966,4952
Jun-2026,40283666,4951
Jun-2026,40270864,4945
Jun-2026,40259071,4943
Jun-2026,40256335,4940
Jun-2026,40283649,4939
Jun-2026,40282164,4934
Jun-2026,40258872,4930
Jun-2026,40284399,4929
Jun-2026,40270276,4928
Jun-2026,40274061,4927
Jun-2026,40274323,4925
Jun-2026,40264551,4924
Jun-2026,40273728,4924
Jun-2026,40276063,4924
Jun-2026,40269579,4922
Jun-2026,40287884,4922
Jun-2026,40266508,4918
Jun-2026,40260926,4916
Jun-2026,40276822,4915
Jun-2026,40289733,4915
Jun-2026,40259188,4914
Jun-2026,40263869,4910
Jun-2026,40265440,4910
Jun-2026,40268398,4908
Jun-2026,40274963,4907
Jun-2026,40278252,4907
Jun-2026,40264654,4906
Jun-2026,40264079,4904
Jun-2026,40289781,4902
Jun-2026,40274265,4900
Jun-2026,40262997,4899
Jun-2026,40280521,4895
Jun-2026,40272786,4891
Jun-2026,40282818,4887
Jun-2026,40267984,4886
Jun-2026,40266908,4885
Jun-2026,40261649,4884
Jun-2026,23462073,4881
Jun-2026,40276632,4880
Jun-2026,40289725,4877
Jun-2026,40275940,4876
Jun-2026,40281479,4875
Jun-2026,40288807,4872
Jun-2026,40261981,4870
Jun-2026,40262111,4868
Jun-2026,40274222,4868
Jun-2026,40282083,4868
Jun-2026,40285914,4862
Jun-2026,40287076,4860
Jun-2026,40279213,4857
Jun-2026,40257647,4856
Jun-2026,40267242,4853
Jun-2026,40267370,4852
Jun-2026,40286417,4852
Jun-2026,40279555,4840
Jun-2026,40268532,4839
Jun-2026,40272495,4832
Jun-2026,30000605,4831
Jun-2026,40288455,4831
Jun-2026,40259106,4830
Jun-2026,40280325,4828
Jun-2026,40266879,4827
Jun-2026,40286236,4827
Jun-2026,40270272,4824
Jun-2026,40283591,4822
Jun-2026,40285191,4822
Jun-2026,40265392,4821
Jun-2026,40283235,4815
Jun-2026,40283473,4814
Jun-2026,40288109,4813
Jun-2026,40287182,4812
Jun-2026,40266558,4810
Jun-2026,40283953,4810
Jun-2026,40274921,4809
Jun-2026,40270716,4807
Jun-2026,40277562,4807
Jun-2026,40282887,4807
Jun-2026,40285039,4800
Jun-2026,40286047,4799
Jun-2026,40267919,4796
Jun-2026,40268228,4796
Jun-2026,40257852,4795
Jun-2026,40271424,4793
Jun-2026,40261124,4792
Jun-2026,40257295,4791
Jun-2026,40284700,4791
Jun-2026,40285624,4791
Jun-2026,40263288,4788
Jun-2026,40286374,4787
Jun-2026,40261232,4781
Jun-2026,40285898,4779
Jun-2026,40271234,4775
Jun-2026,40270723,4774
Jun-2026,40273826,4772
Jun-2026,40288692,4771
Jun-2026,40281008,4767
Jun-2026,40263728,4766
Jun-2026,40285290,4766
Jun-2026,40260833,4765
Jun-2026,40277925,4765
Jun-2026,40264703,4764
Jun-2026,40283105,4763
Jun-2026,40260771,4759
Jun-2026,40275343,4759
Jun-2026,40264324,4758
Jun-2026,40272085,4756
Jun-2026,40279103,4755
Jun-2026,40264965,4754
Jun-2026,40265276,4752
Jun-2026,40258384,4750
Jun-2026,40263690,4749
Jun-2026,40265613,4748
Jun-2026,40259303,4747
Jun-2026,40265850,4746
Jun-2026,40264053,4743
Jun-2026,40262951,4741
Jun-2026,40282903,4740
Jun-2026,40288140,4739
Jun-2026,40280224,4738
Jun-2026,40278070,4736
Jun-2026,40282579,4735
Jun-2026,40276838,4732
Jun-2026,40278440,4731
Jun-2026,40283062,4727
Jun-2026,40289823,4727
Jun-2026,40259885,4719
Jun-2026,40268810,4718
Jun-2026,40279671,4716
Jun-2026,40269686,4715
Jun-2026,40281687,4715
Jun-2026,40276596,4714
Jun-2026,40261688,4711
Jun-2026,40262254,4711
Jun-2026,40263488,4707
Jun-2026,40282879,4707
Jun-2026,40259868,4706
Jun-2026,40288813,4704
Jun-2026,40277134,4703
Jun-2026,40264390,4701
Jun-2026,40270131,4698
Jun-2026,40287745,4698
Jun-2026,40261985,4692
Jun-2026,40265863,4690
Jun-2026,40273929,4688
Jun-2026,40254564,4685
Jun-2026,40283724,4684
Jun-2026,40262463,4683
Jun-2026,40264348,4675
Jun-2026,40269484,4671
Jun-2026,40273817,4667
Jun-2026,40269999,4665
Jun-2026,40271820,4665
Jun-2026,40283005,4664
Jun-2026,40286727,4664
Jun-2026,40272099,4662
Jun-2026,40284675,4662
Jun-2026,40258958,4661
Jun-2026,40258892,4659
Jun-2026,40268742,4657
Jun-2026,40283882,4657
Jun-2026,40274143,4653
Jun-2026,40282116,4653
Jun-2026,40266462,4652
Jun-2026,40278174,4652
Jun-2026,40266127,4651
Jun-2026,40288802,4649
Jun-2026,40277390,4646
Jun-2026,40276597,4645
Jun-2026,40279845,4645
Jun-2026,40268529,4643
Jun-2026,40266269,4642
Jun-2026,40278037,4641
Jun-2026,40282555,4641
Jun-2026,40269455,4640
Jun-2026,40272676,4636
Jun-2026,40286731,4636
Jun-2026,40282994,4634
Jun-2026,40274038,4631
Jun-2026,40262891,4628
Jun-2026,40287889,4628
Jun-2026,40263652,4626
Jun-2026,40273247,4620
Jun-2026,40285067,4620
Jun-2026,40263718,4618
Jun-2026,40270083,4617
Jun-2026,40259325,4616
Jun-2026,40266198,4616
Jun-2026,40285289,4613
Jun-2026,40276617,4612
Jun-2026,40257685,4611
Jun-2026,40261253,4610
Jun-2026,40289237,4609
Jun-2026,40287967,4601
Jun-2026,40287832,4600
Jun-2026,40282219,4597
Jun-2026,40281065,4594
Jun-2026,40282631,4590
Jun-2026,40278272,4589
Jun-2026,40267926,4585
Jun-2026,40288722,4585
Jun-2026,40266281,4582
Jun-2026,40278974,4582
Jun-2026,40286687,4582
Jun-2026,40277334,4579
Jun-2026,40274833,4576
Jun-2026,40282768,4576
Jun-2026,40271024,4572
Jun-2026,40271875,4571
Jun-2026,40281243,4568
Jun-2026,40256139,4567
Jun-2026,40289434,4565
Jun-2026,40258597,4559
Jun-2026,40283578,4559
Jun-2026,40268733,4555
Jun-2026,40271068,4555
Jun-2026,40269464,4554
Jun-2026,40273652,4553
Jun-2026,40282180,4553
Jun-2026,40262131,4549
Jun-2026,40268275,4548
Jun-2026,40268528,4548
Jun-2026,40287140,4544
Jun-2026,40274177,4538
Jun-2026,40284152,4538
Jun-2026,40277257,4536
Jun-2026,40278995,4535
Jun-2026,40287046,4534
Jun-2026,40263846,4529
Jun-2026,40288894,4529
Jun-2026,40285944,4528
Jun-2026,40283430,4523
Jun-2026,40276447,4521
Jun-2026,40257254,4520
Jun-2026,40274224,4520
Jun-2026,40263499,4519
Jun-2026,40261587,4515
Jun-2026,40266011,4514
Jun-2026,40287244,4514
Jun-2026,40259620,4513
Jun-2026,40286663,4513
Jun-2026,40258664,4511
Jun-2026,40275925,4511
Jun-2026,40289028,4506
Jun-2026,40262749,4505
Jun-2026,40258276,4504
Jun-2026,40283966,4502
Jun-2026,40266266,4496
Jun-2026,40266345,4496
Jun-2026,40269457,4493
Jun-2026,40261471,4492
Jun-2026,40282740,4492
Jun-2026,40261453,4488
Jun-2026,40267542,4487
Jun-2026,40269494,4487
Jun-2026,40272642,4482
Jun-2026,40278641,4482
Jun-2026,40279378,4477
Jun-2026,40275624,4476
Jun-2026,40284218,4475
Jun-2026,40282150,4473
Jun-2026,40269059,4472
Jun-2026,40286631,4472
Jun-2026,40289822,4471
Jun-2026,40267415,4467
Jun-2026,40289804,4466
Jun-2026,40287945,4463
Jun-2026,40285076,4462
Jun-2026,40261055,4459
Jun-2026,40265913,4459
Jun-2026,40277167,4459
Jun-2026,40263990,4456
Jun-2026,40281846,4456
Jun-2026,40262646,4454
Jun-2026,40262886,4453
Jun-2026,40277118,4453
Jun-2026,40285293,4453
Jun-2026,40261245,4452
Jun-2026,40272086,4451
Jun-2026,40260133,4448
Jun-2026,40259423,4446
Jun-2026,40285581,4446
Jun-2026,40268293,4441
Jun-2026,40280284,4440
Jun-2026,40274856,4439
Jun-2026,40274701,4432
Jun-2026,40286515,4431
Jun-2026,40275258,4430
Jun-2026,40281732,4430
Jun-2026,30000572,4429
Jun-2026,40280881,4429
Jun-2026,40282835,4429
Jun-2026,40264907,4428
Jun-2026,40279072,4428
Jun-2026,40262147,4427
Jun-2026,40257792,4426
Jun-2026,40270232,4421
Jun-2026,40284929,4420
Jun-2026,40274381,4419
Jun-2026,40267540,4416
Jun-2026,40267400,4413
Jun-2026,40284861,4413
Jun-2026,40275263,4411
Jun-2026,40286193,4411
Jun-2026,40264075,4410
Jun-2026,40288259,4410
Jun-2026,40257699,4408
Jun-2026,40272066,4406
Jun-2026,40272842,4405
Jun-2026,40276350,4405
Jun-2026,40290190,4404
Jun-2026,40287472,4403
Jun-2026,40286265,4402
Jun-2026,40279680,4401
Jun-2026,40280992,4400
Jun-2026,40288117,4400
Jun-2026,40288381,4397
Jun-2026,40258116,4396
Jun-2026,40260850,4396
Jun-2026,40268346,4396
Jun-2026,40266557,4395
Jun-2026,40270664,4395
Jun-2026,40274894,4395
Jun-2026,40289221,4395
Jun-2026,40270356,4394
Jun-2026,40285964,4394
Jun-2026,40280002,4393
Jun-2026,40277955,4392
Jun-2026,40258274,4389
Jun-2026,40267859,4389
Jun-2026,40272180,4387
Jun-2026,40275368,4386
Jun-2026,40277720,4384
Jun-2026,40282564,4382
Jun-2026,40289450,4381
Jun-2026,40283099,4379
Jun-2026,40276577,4378
Jun-2026,40287028,4378
Jun-2026,40289412,4378
Jun-2026,40283920,4376
Jun-2026,40266938,4375
Jun-2026,40267877,4372
Jun-2026,40278461,4371
Jun-2026,40264615,4370
Jun-2026,40282810,4370
Jun-2026,40259641,4368
Jun-2026,40274730,4367
Jun-2026,40268984,4366
Jun-2026,40276705,4366
Jun-2026,40288588,4366
Jun-2026,40262640,4365
Jun-2026,40289059,4365
Jun-2026,40285917,4364
Jun-2026,40270609,4363
Jun-2026,40287414,4360
Jun-2026,40264605,4359
Jun-2026,40279246,4359
Jun-2026,40284441,4359
Jun-2026,40277463,4354
Jun-2026,40267449,4351
Jun-2026,40265741,4348
Jun-2026,40267156,4348
Jun-2026,40263811,4345
Jun-2026,40263509,4342
Jun-2026,40266963,4341
Jun-2026,40289994,4340
Jun-2026,40275712,4337
Jun-2026,40277564,4337
Jun-2026,40271914,4334
Jun-2026,40273457,4334
Jun-2026,40272879,4333
Jun-2026,40284687,4333
Jun-2026,40285297,4331
Jun-2026,40288468,4327
Jun-2026,40270545,4326
Jun-2026,40268713,4321
Jun-2026,40261193,4316
Jun-2026,40263099,4316
Jun-2026,40267553,4312
Jun-2026,40257054,4311
Jun-2026,40288021,4311
Jun-2026,40280876,4309
Jun-2026,40280125,4308
Jun-2026,40267629,4307
Jun-2026,40283317,4306
Jun-2026,40262389,4305
Jun-2026,40261083,4302
Jun-2026,40264587,4299
Jun-2026,40266241,4299
Jun-2026,40270410,4296
Jun-2026,40275910,4296
Jun-2026,40272709,4294
Jun-2026,40273130,4293
Jun-2026,40257611,4291
Jun-2026,40279304,4288
Jun-2026,40285340,4287
Jun-2026,40262750,4286
Jun-2026,40283990,4269
Jun-2026,40266769,4268
Jun-2026,40287400,4267
Jun-2026,40272653,4266
Jun-2026,40262290,4262
Jun-2026,40258741,4256
Jun-2026,40271110,4256
Jun-2026,40271351,4256
Jun-2026,40284283,4255
Jun-2026,40271246,4254
Jun-2026,40260087,4253
Jun-2026,40284535,4253
Jun-2026,40267938,4252
Jun-2026,40285708,4252
Jun-2026,40261395,4249
Jun-2026,40279954,4247
Jun-2026,40254635,4245
Jun-2026,40277446,4245
Jun-2026,40279786,4245
Jun-2026,40264224,4244
Jun-2026,40261005,4241
Jun-2026,40262613,4239
Jun-2026,40263503,4239
Jun-2026,40269640,4237
Jun-2026,40288315,4236
Jun-2026,40261300,4232
Jun-2026,40283675,4232
Jun-2026,40282239,4231
Jun-2026,40269245,4229
Jun-2026,40258561,4226
Jun-2026,40283112,4226
Jun-2026,40261534,4223
Jun-2026,40260895,4222
Jun-2026,40258629,4221
Jun-2026,40262943,4219
Jun-2026,40265479,4219
Jun-2026,40264816,4217
Jun-2026,40272781,4217
Jun-2026,40272136,4214
Jun-2026,40279041,4214
Jun-2026,40285959,4214
Jun-2026,40259970,4210
Jun-2026,40277143,4210
Jun-2026,40259834,4208
Jun-2026,40260532,4208
Jun-2026,40271415,4208
Jun-2026,40263894,4207
Jun-2026,40261683,4205
Jun-2026,40278887,4205
Jun-2026,40281309,4205
Jun-2026,40282502,4204
Jun-2026,40261287,4203
Jun-2026,40274365,4202
Jun-2026,40239823,4199
Jun-2026,40282326,4199
Jun-2026,40284625,4198
Jun-2026,40285438,4198
Jun-2026,40266802,4197
Jun-2026,40276938,4196
Jun-2026,40283799,4195
Jun-2026,40281734,4194
Jun-2026,40275197,4193
Jun-2026,40261989,4192
Jun-2026,40272629,4192
Jun-2026,40290199,4187
Jun-2026,40259041,4186
Jun-2026,40261864,4185
Jun-2026,40260848,4183
Jun-2026,40265005,4183
Jun-2026,40278757,4183
Jun-2026,40272856,4178
Jun-2026,40286132,4178
Jun-2026,40262385,4174
Jun-2026,40271806,4174
Jun-2026,40261515,4173
Jun-2026,40284047,4173
Jun-2026,40263662,4172
Jun-2026,40274499,4171
Jun-2026,40282612,4171
Jun-2026,40278378,4170
Jun-2026,40277692,4168
Jun-2026,40275497,4167
Jun-2026,40262168,4165
Jun-2026,40264333,4163
Jun-2026,40267809,4163
Jun-2026,40258470,4161
Jun-2026,40258702,4161
Jun-2026,40266236,4159
Jun-2026,40288048,4159
Jun-2026,40281371,4158
Jun-2026,40283297,4156
Jun-2026,40266177,4155
Jun-2026,40262572,4154
Jun-2026,40283367,4154
Jun-2026,40262347,4153
Jun-2026,40273384,4152
Jun-2026,40287662,4152
Jun-2026,40259024,4149
Jun-2026,40284436,4146
Jun-2026,40276868,4145
Jun-2026,40265244,4144
Jun-2026,40282403,4144
Jun-2026,40269704,4143
Jun-2026,40278434,4143
Jun-2026,40263934,4141
Jun-2026,40269456,4140
Jun-2026,40277526,4139
Jun-2026,40280197,4139
Jun-2026,40280107,4138
Jun-2026,40288318,4138
Jun-2026,40262986,4137
Jun-2026,40267462,4137
Jun-2026,40256207,4136
Jun-2026,40265675,4136
Jun-2026,40281864,4135
Jun-2026,40260777,4134
Jun-2026,40274075,4134
Jun-2026,40266932,4133
Jun-2026,40274942,4132
Jun-2026,40272630,4129
Jun-2026,40260685,4128
Jun-2026,40285654,4128
Jun-2026,40289858,4126
Jun-2026,40279564,4125
Jun-2026,40259200,4124
Jun-2026,40277731,4123
Jun-2026,40257477,4121
Jun-2026,30000563,4120
Jun-2026,40274594,4118
Jun-2026,40268491,4117
Jun-2026,40286796,4117
Jun-2026,40288989,4115
Jun-2026,40263940,4114
Jun-2026,40257192,4109
Jun-2026,40266868,4109
Jun-2026,40271265,4108
Jun-2026,40273596,4108
Jun-2026,40283176,4107
Jun-2026,40260859,4104
Jun-2026,40289556,4104
Jun-2026,40285725,4103
Jun-2026,40262837,4102
Jun-2026,40264191,4101
Jun-2026,40270515,4100
Jun-2026,40272352,4100
Jun-2026,40271731,4099
Jun-2026,40268238,4096
Jun-2026,40286825,4093
Jun-2026,40257882,4091
Jun-2026,40277693,4091
Jun-2026,40284222,4090
Jun-2026,40256465,4088
Jun-2026,40272979,4087
Jun-2026,40287636,4086
Jun-2026,40286746,4081
Jun-2026,40288061,4081
Jun-2026,40263908,4080
Jun-2026,40275896,4078
Jun-2026,40283789,4077
Jun-2026,40263633,4076
Jun-2026,40262227,4073
Jun-2026,40270564,4069
Jun-2026,40257169,4068
Jun-2026,40260834,4068
Jun-2026,40258104,4063
Jun-2026,40285208,4063
Jun-2026,40258535,4062
Jun-2026,40262443,4062
Jun-2026,40260441,4061
Jun-2026,40262311,4060
Jun-2026,40285716,4053
Jun-2026,40277461,4047
Jun-2026,40283688,4047
Jun-2026,40258955,4046
Jun-2026,40274798,4046
Jun-2026,40261034,4045
Jun-2026,40285207,4043
Jun-2026,40261836,4037
Jun-2026,40258089,4035
Jun-2026,40273671,4035
Jun-2026,40257816,4029
Jun-2026,40276742,4028
Jun-2026,40266187,4026
Jun-2026,40276684,4025
Jun-2026,40278496,4025
Jun-2026,40278077,4023
Jun-2026,40282526,4023
Jun-2026,40273693,4022
Jun-2026,40262465,4016
Jun-2026,40272070,4016
Jun-2026,40288243,4016
Jun-2026,40279974,4015
Jun-2026,40258607,4012
Jun-2026,40279004,4011
Jun-2026,40281702,4011
Jun-2026,40286105,4008
Jun-2026,40261773,4007
Jun-2026,40276254,4001
Jun-2026,40285475,4001
Jun-2026,40282394,3997
Jun-2026,40258160,3996
Jun-2026,40266392,3995
Jun-2026,40266615,3994
Jun-2026,40280245,3992
Jun-2026,40269740,3991
Jun-2026,40261230,3990
Jun-2026,40279322,3990
Jun-2026,40285268,3990
Jun-2026,40286416,3987
Jun-2026,40277893,3984
Jun-2026,40266039,3983
Jun-2026,40289583,3977
Jun-2026,40288216,3975
Jun-2026,40255618,3973
Jun-2026,40264482,3973
Jun-2026,40287750,3973
Jun-2026,40284042,3972
Jun-2026,40284721,3971
Jun-2026,40283381,3970
Jun-2026,40287943,3967
Jun-2026,40282997,3965
Jun-2026,40263384,3961
Jun-2026,40264919,3959
Jun-2026,40274435,3959
Jun-2026,40264801,3958
Jun-2026,40276373,3958
Jun-2026,40272335,3955
Jun-2026,40226714,3953
Jun-2026,40258909,3953
Jun-2026,40263891,3953
Jun-2026,40281379,3952
Jun-2026,40262948,3951
Jun-2026,40267101,3951
Jun-2026,40277904,3950
Jun-2026,40273102,3948
Jun-2026,40269463,3947
Jun-2026,40274049,3947
Jun-2026,40274529,3947
Jun-2026,40256775,3945
Jun-2026,40280647,3945
Jun-2026,40282346,3942
Jun-2026,40282970,3942
Jun-2026,40283774,3942
Jun-2026,40281747,3935
Jun-2026,40269060,3934
Jun-2026,40277129,3933
Jun-2026,40277612,3933
Jun-2026,40274932,3926
Jun-2026,40279402,3926
Jun-2026,40282632,3926
Jun-2026,40277115,3925
Jun-2026,40266464,3924
Jun-2026,40285997,3924
Jun-2026,40259252,3923
Jun-2026,40269826,3922
Jun-2026,40289494,3922
Jun-2026,40287218,3921
Jun-2026,40273991,3920
Jun-2026,40261990,3916
Jun-2026,40278362,3915
Jun-2026,40255824,3914
Jun-2026,40280221,3913
Jun-2026,40262774,3912
Jun-2026,40261063,3911
Jun-2026,40283864,3911
Jun-2026,40265234,3908
Jun-2026,40258003,3905
Jun-2026,40264493,3905
Jun-2026,30000564,3904
Jun-2026,40258632,3903
Jun-2026,40264307,3899
Jun-2026,40269591,3898
Jun-2026,40278352,3897
Jun-2026,40288337,3896
Jun-2026,40263760,3895
Jun-2026,40258894,3894
Jun-2026,40282866,3894
Jun-2026,40259791,3888
Jun-2026,40269205,3888
Jun-2026,40269726,3888
Jun-2026,40261620,3885
Jun-2026,40276961,3885
Jun-2026,40280721,3884
Jun-2026,40281275,3884
Jun-2026,40268114,3881
Jun-2026,40289119,3879
Jun-2026,40272468,3877
Jun-2026,40253632,3873
Jun-2026,40260603,3873
Jun-2026,40261345,3873
Jun-2026,40265941,3872
Jun-2026,40281564,3870
Jun-2026,40278183,3869
Jun-2026,40257473,3867
Jun-2026,40267855,3867
Jun-2026,40258161,3863
Jun-2026,40260086,3862
Jun-2026,40285327,3862
Jun-2026,40281836,3861
Jun-2026,40271971,3859
Jun-2026,40278285,3858
Jun-2026,40267328,3857
Jun-2026,40269030,3857
Jun-2026,40269487,3857
Jun-2026,40289000,3855
Jun-2026,40260980,3854
Jun-2026,40262827,3853
Jun-2026,40254493,3852
Jun-2026,40256984,3852
Jun-2026,40281177,3852
Jun-2026,40283713,3851
Jun-2026,23473990,3850
Jun-2026,40274628,3849
Jun-2026,40259703,3848
Jun-2026,40264254,3846
Jun-2026,40267248,3846
Jun-2026,40266724,3844
Jun-2026,40273342,3844
Jun-2026,40280377,3844
Jun-2026,40284439,3843
Jun-2026,40289236,3843
Jun-2026,40254501,3842
Jun-2026,40265375,3842
Jun-2026,40269281,3842
Jun-2026,40273874,3842
Jun-2026,40287565,3842
Jun-2026,40286561,3841
Jun-2026,40272633,3840
Jun-2026,40279230,3839
Jun-2026,40287701,3839
Jun-2026,40259265,3837
Jun-2026,40282637,3831
Jun-2026,40264986,3830
Jun-2026,30000607,3829
Jun-2026,40268394,3829
Jun-2026,40277800,3825
Jun-2026,40257915,3824
Jun-2026,40272419,3822
Jun-2026,40285157,3822
Jun-2026,40265376,3821
Jun-2026,40277441,3819
Jun-2026,40280708,3819
Jun-2026,40289075,3818
Jun-2026,40264130,3814
Jun-2026,40268154,3813
Jun-2026,40263519,3810
Jun-2026,40283922,3810
Jun-2026,40263474,3808
Jun-2026,40264531,3808
Jun-2026,40279994,3805
Jun-2026,40273954,3804
Jun-2026,40281120,3802
Jun-2026,40268611,3801
Jun-2026,40264048,3799
Jun-2026,40289454,3797
Jun-2026,40264578,3794
Jun-2026,40277896,3792
Jun-2026,40266356,3791
Jun-2026,23362163,3789
Jun-2026,40269656,3789
Jun-2026,40275062,3788
Jun-2026,40260247,3786
Jun-2026,40275787,3784
Jun-2026,40265118,3782
Jun-2026,40260205,3779
Jun-2026,40255120,3778
Jun-2026,40260466,3777
Jun-2026,40270587,3777
Jun-2026,40278576,3775
Jun-2026,40260886,3773
Jun-2026,40281340,3773
Jun-2026,40267291,3772
Jun-2026,40268338,3771
Jun-2026,40261065,3769
Jun-2026,40266652,3768
Jun-2026,40279174,3768
Jun-2026,40259594,3766
Jun-2026,40280946,3766
Jun-2026,40266378,3765
Jun-2026,40287516,3765
Jun-2026,40268998,3764
Jun-2026,40283052,3763
Jun-2026,40258855,3762
Jun-2026,40255977,3759
Jun-2026,40260576,3758
Jun-2026,40279900,3758
Jun-2026,40263433,3757
Jun-2026,40276105,3757
Jun-2026,40258490,3756
Jun-2026,40286412,3755
Jun-2026,40258522,3754
Jun-2026,40275897,3753
Jun-2026,40267169,3749
Jun-2026,40274534,3748
Jun-2026,40281838,3748
Jun-2026,40277566,3747
Jun-2026,40144974,3743
Jun-2026,40285188,3742
Jun-2026,40267569,3741
Jun-2026,40285621,3739
Jun-2026,40283281,3737
Jun-2026,40285455,3737
Jun-2026,40265279,3736
Jun-2026,40280704,3736
Jun-2026,40276664,3735
Jun-2026,40278066,3735
Jun-2026,40258386,3733
Jun-2026,40260566,3733
Jun-2026,40277541,3732
Jun-2026,40260922,3731
Jun-2026,40283098,3731
Jun-2026,40257332,3730
Jun-2026,40266672,3730
Jun-2026,40279559,3730
Jun-2026,40278443,3728
Jun-2026,40285009,3728
Jun-2026,40288295,3728
Jun-2026,40259770,3723
Jun-2026,40270933,3721
Jun-2026,40287698,3721
Jun-2026,40281462,3720
Jun-2026,40278175,3719
Jun-2026,40275431,3718
Jun-2026,40281295,3718
Jun-2026,40283138,3717
Jun-2026,40287956,3716
Jun-2026,40278761,3714
Jun-2026,40275554,3711
Jun-2026,40278969,3711
Jun-2026,40276907,3709
Jun-2026,40258550,3704
Jun-2026,40278845,3704
Jun-2026,40256390,3703
Jun-2026,40266972,3703
Jun-2026,40285467,3703
Jun-2026,40264364,3702
Jun-2026,40276204,3702
Jun-2026,40267402,3700
Jun-2026,40255791,3698
Jun-2026,40286347,3698
Jun-2026,40269318,3696
Jun-2026,40282260,3696
Jun-2026,40279111,3695
Jun-2026,40258931,3694
Jun-2026,40279881,3694
Jun-2026,40277034,3693
Jun-2026,40281607,3692
Jun-2026,40285934,3692
Jun-2026,40267103,3691
Jun-2026,40288906,3690
Jun-2026,40286550,3688
Jun-2026,40276243,3687
Jun-2026,40263727,3686
Jun-2026,40268844,3686
Jun-2026,40280064,3685
Jun-2026,40264681,3684
Jun-2026,40262735,3683
Jun-2026,40273171,3683
Jun-2026,40273961,3683
Jun-2026,40277326,3683
Jun-2026,40284673,3683
Jun-2026,40268798,3681
Jun-2026,40266907,3679
Jun-2026,40280208,3678
Jun-2026,40284154,3678
Jun-2026,40288404,3676
Jun-2026,40271101,3667
Jun-2026,40280766,3667
Jun-2026,40283422,3667
Jun-2026,40264855,3665
Jun-2026,40285974,3664
Jun-2026,40267269,3662
Jun-2026,40275138,3662
Jun-2026,40260349,3661
Jun-2026,40265445,3661
Jun-2026,40273883,3661
Jun-2026,40285183,3660
Jun-2026,40264731,3659
Jun-2026,40278580,3659
Jun-2026,40286573,3659
Jun-2026,40270197,3658
Jun-2026,40266754,3657
Jun-2026,40277398,3656
Jun-2026,40270803,3654
Jun-2026,40272021,3654
Jun-2026,40257208,3653
Jun-2026,40257303,3653
Jun-2026,40261787,3653
Jun-2026,40266092,3653
Jun-2026,40262495,3651
Jun-2026,40262259,3650
Jun-2026,40282303,3647
Jun-2026,40270578,3645
Jun-2026,40275100,3645
Jun-2026,40275247,3645
Jun-2026,40280993,3644
Jun-2026,40265161,3643
Jun-2026,40287443,3642
Jun-2026,40284711,3640
Jun-2026,40287311,3637
Jun-2026,40272918,3636
Jun-2026,40273255,3636
Jun-2026,40255543,3635
Jun-2026,40266054,3635
Jun-2026,40289316,3635
Jun-2026,40258096,3634
Jun-2026,40264817,3634
Jun-2026,40274261,3632
Jun-2026,40287528,3632
Jun-2026,40288183,3631
Jun-2026,40275869,3628
Jun-2026,40282409,3628
Jun-2026,40286818,3628
Jun-2026,40285929,3627
Jun-2026,40270362,3626
Jun-2026,40271146,3626
Jun-2026,40271837,3625
Jun-2026,40260438,3623
Jun-2026,40280394,3621
Jun-2026,40257544,3617
Jun-2026,40263501,3616
Jun-2026,40266503,3616
Jun-2026,40285650,3614
Jun-2026,40279952,3612
Jun-2026,40283575,3612
Jun-2026,40252837,3611
Jun-2026,40282187,3611
Jun-2026,40262715,3610
Jun-2026,40263608,3610
Jun-2026,40287878,3609
Jun-2026,40281427,3607
Jun-2026,40284481,3607
Jun-2026,40261992,3606
Jun-2026,40281566,3606
Jun-2026,40258933,3605
Jun-2026,40288620,3603
Jun-2026,40261335,3600
Jun-2026,40281085,3600
Jun-2026,40268055,3599
Jun-2026,40275563,3599
Jun-2026,40269840,3597
Jun-2026,40262076,3595
Jun-2026,40289570,3595
Jun-2026,40286517,3593
Jun-2026,40278254,3592
Jun-2026,40261854,3590
Jun-2026,40258246,3589
Jun-2026,40257181,3587
Jun-2026,40259794,3586
Jun-2026,40284118,3585
Jun-2026,40267338,3584
Jun-2026,40286063,3584
Jun-2026,40283830,3581
Jun-2026,40271271,3580
Jun-2026,40262394,3579
Jun-2026,40275114,3578
Jun-2026,40286042,3578
Jun-2026,40264336,3577
Jun-2026,40263413,3574
Jun-2026,40273474,3574
Jun-2026,40276441,3574
Jun-2026,40256453,3573
Jun-2026,40280818,3572
Jun-2026,40260501,3571
Jun-2026,40278313,3569
Jun-2026,40262913,3568
Jun-2026,40260861,3567
Jun-2026,40265521,3567
Jun-2026,40268050,3567
Jun-2026,40274704,3564
Jun-2026,40259562,3563
Jun-2026,40277558,3556
Jun-2026,40290080,3555
Jun-2026,40288718,3553
Jun-2026,40283315,3551
Jun-2026,40286613,3548
Jun-2026,40281128,3544
Jun-2026,40289159,3543
Jun-2026,40269638,3541
Jun-2026,40279593,3541
Jun-2026,40285125,3541
Jun-2026,40263094,3540
Jun-2026,40272814,3539
Jun-2026,40270707,3533
Jun-2026,40278888,3532
Jun-2026,40255768,3531
Jun-2026,40282104,3531
Jun-2026,40255474,3530
Jun-2026,40283404,3529
Jun-2026,40271906,3528
Jun-2026,40273591,3527
Jun-2026,40282154,3527
Jun-2026,40259964,3525
Jun-2026,40287305,3525
Jun-2026,40289195,3524
Jun-2026,40272320,3523
Jun-2026,40275075,3522
Jun-2026,40281485,3522
Jun-2026,40280965,3521
Jun-2026,40261177,3520
Jun-2026,40286316,3519
Jun-2026,40264659,3518
Jun-2026,40269739,3518
Jun-2026,40273523,3518
Jun-2026,40280052,3518
Jun-2026,40286619,3516
Jun-2026,40272173,3513
Jun-2026,40264548,3511
Jun-2026,40272837,3510
Jun-2026,40287131,3510
Jun-2026,40287867,3510
Jun-2026,40282951,3506
Jun-2026,40270935,3505
Jun-2026,40266384,3503
Jun-2026,40268407,3501
Jun-2026,40286819,3501
Jun-2026,40270867,3500
Jun-2026,40275249,3498
Jun-2026,40279916,3498
Jun-2026,40277456,3496
Jun-2026,40270172,3494
Jun-2026,40272590,3493
Jun-2026,40276908,3493
Jun-2026,40284590,3493
Jun-2026,40262280,3492
Jun-2026,40271151,3491
Jun-2026,40264474,3490
Jun-2026,40269763,3490
Jun-2026,40268106,3489
Jun-2026,40268361,3489
Jun-2026,40284980,3489
Jun-2026,40261207,3488
Jun-2026,40275068,3487
Jun-2026,40276096,3487
Jun-2026,40285519,3487
Jun-2026,40279169,3486
Jun-2026,40273705,3485
Jun-2026,40280991,3485
Jun-2026,40263114,3484
Jun-2026,40274851,3484
Jun-2026,40263236,3483
Jun-2026,40272788,3482
Jun-2026,40276672,3481
Jun-2026,40253559,3480
Jun-2026,40280987,3479
Jun-2026,40275067,3478
Jun-2026,40286937,3476
Jun-2026,40279398,3475
Jun-2026,40278483,3474
Jun-2026,40267475,3473
Jun-2026,40283468,3472
Jun-2026,40282357,3471
Jun-2026,40281318,3470
Jun-2026,40283154,3470
Jun-2026,40287306,3470
Jun-2026,40275678,3469
Jun-2026,40287667,3465
Jun-2026,40263326,3463
Jun-2026,40281754,3462
Jun-2026,40270860,3460
Jun-2026,40286476,3456
Jun-2026,40266970,3455
Jun-2026,40266208,3454
Jun-2026,40271382,3454
Jun-2026,40267430,3449
Jun-2026,40275764,3449
Jun-2026,40267421,3448
Jun-2026,40268945,3448
Jun-2026,40276837,3448
Jun-2026,40288229,3448
Jun-2026,40289381,3446
Jun-2026,40289622,3445
Jun-2026,40266702,3444
Jun-2026,30000609,3443
Jun-2026,40287782,3442
Jun-2026,40260400,3435
Jun-2026,40270693,3435
Jun-2026,40276536,3435
Jun-2026,40264068,3434
Jun-2026,40264252,3434
Jun-2026,40273168,3433
Jun-2026,40260008,3431
Jun-2026,40274563,3430
Jun-2026,40282396,3430
Jun-2026,40260645,3428
Jun-2026,40282617,3428
Jun-2026,40259098,3427
Jun-2026,40267951,3427
Jun-2026,40276843,3426
Jun-2026,40285302,3426
Jun-2026,40287621,3426
Jun-2026,40276798,3425
Jun-2026,40269648,3424
Jun-2026,40275615,3423
Jun-2026,40280012,3423
Jun-2026,40281921,3423
Jun-2026,40285370,3421
Jun-2026,40269529,3420
Jun-2026,40283518,3420
Jun-2026,40259481,3415
Jun-2026,40263430,3415
Jun-2026,40272767,3412
Jun-2026,40265796,3411
Jun-2026,40272168,3410
Jun-2026,40282402,3409
Jun-2026,40266453,3408
Jun-2026,40285305,3407
Jun-2026,40261187,3406
Jun-2026,40269092,3403
Jun-2026,40274216,3402
Jun-2026,40283441,3402
Jun-2026,40263464,3401
Jun-2026,40270685,3401
Jun-2026,40282339,3401
Jun-2026,40282103,3400
Jun-2026,40286963,3399
Jun-2026,40264954,3398
Jun-2026,40283764,3398
Jun-2026,40283622,3396
Jun-2026,40258724,3395
Jun-2026,40284125,3395
Jun-2026,40268643,3394
Jun-2026,40285532,3392
Jun-2026,11749183,3389
Jun-2026,40273479,3389
Jun-2026,40261932,3388
Jun-2026,40260036,3387
Jun-2026,40277871,3387
Jun-2026,40261543,3386
Jun-2026,40272756,3385
Jun-2026,40281346,3385
Jun-2026,40260904,3384
Jun-2026,40286197,3383
Jun-2026,40287117,3382
Jun-2026,40267112,3381
Jun-2026,40285819,3381
Jun-2026,40279080,3380
Jun-2026,40286695,3380
Jun-2026,40256260,3379
Jun-2026,40260754,3379
Jun-2026,40263637,3379
Jun-2026,40274050,3379
Jun-2026,40280219,3379
Jun-2026,40260076,3377
Jun-2026,40273062,3375
Jun-2026,40270191,3373
Jun-2026,40283841,3373
Jun-2026,40258753,3371
Jun-2026,40267409,3370
Jun-2026,40277799,3370
Jun-2026,40275821,3369
Jun-2026,40283535,3369
Jun-2026,40271102,3364
Jun-2026,40288625,3364
Jun-2026,40274873,3362
Jun-2026,40285826,3360
Jun-2026,40282429,3359
Jun-2026,40288171,3359
Jun-2026,30000613,3358
Jun-2026,40287966,3357
Jun-2026,40279557,3354
Jun-2026,40287504,3353
Jun-2026,40262104,3352
Jun-2026,40285563,3352
Jun-2026,40287249,3352
Jun-2026,40259876,3351
Jun-2026,40273647,3350
Jun-2026,40261860,3349
Jun-2026,40288207,3347
Jun-2026,40275190,3346
Jun-2026,40287324,3344
Jun-2026,40269238,3343
Jun-2026,40264567,3342
Jun-2026,40271861,3339
Jun-2026,40275756,3338
Jun-2026,40264718,3337
Jun-2026,40280920,3336
Jun-2026,40265296,3335
Jun-2026,40269035,3335
Jun-2026,40238883,3333
Jun-2026,40265042,3330
Jun-2026,40283170,3330
Jun-2026,40273463,3325
Jun-2026,40287822,3322
Jun-2026,40284592,3320
Jun-2026,40262672,3318
Jun-2026,40277074,3318
Jun-2026,40257649,3316
Jun-2026,40279529,3316
Jun-2026,40264193,3315
Jun-2026,40275613,3313
Jun-2026,40275892,3313
Jun-2026,40281092,3310
Jun-2026,40284301,3310
Jun-2026,40287788,3310
Jun-2026,40258441,3308
Jun-2026,40277199,3308
Jun-2026,40261229,3305
Jun-2026,40270859,3304
Jun-2026,40260390,3302
Jun-2026,40282919,3302
Jun-2026,40284718,3301
Jun-2026,40270898,3299
Jun-2026,40278402,3299
Jun-2026,40271112,3294
Jun-2026,40277501,3294
Jun-2026,40277786,3294
Jun-2026,40272953,3291
Jun-2026,40284198,3291
Jun-2026,40283387,3290
Jun-2026,40289215,3289
Jun-2026,40260691,3288
Jun-2026,40285061,3288
Jun-2026,40271924,3285
Jun-2026,40275193,3285
Jun-2026,40280151,3284
Jun-2026,40262643,3283
Jun-2026,40288370,3283
Jun-2026,40269243,3282
Jun-2026,40260578,3281
Jun-2026,40262615,3281
Jun-2026,40271437,3277
Jun-2026,40275217,3277
Jun-2026,40281441,3277
Jun-2026,40286067,3276
Jun-2026,40277960,3275
Jun-2026,40269068,3274
Jun-2026,40272373,3274
Jun-2026,40258849,3273
Jun-2026,40285572,3273
Jun-2026,40286349,3273
Jun-2026,40289153,3271
Jun-2026,40286534,3269
Jun-2026,40269037,3266
Jun-2026,40272253,3264
Jun-2026,40273827,3264
Jun-2026,40278603,3262
Jun-2026,40289934,3262
Jun-2026,40268223,3260
Jun-2026,40254510,3259
Jun-2026,40261122,3258
Jun-2026,40264154,3258
Jun-2026,40270761,3258
Jun-2026,40281289,3258
Jun-2026,40252842,3257
Jun-2026,40282384,3257
Jun-2026,40288765,3253
Jun-2026,40278666,3252
Jun-2026,40276780,3250
Jun-2026,40289033,3250
Jun-2026,40286233,3248
Jun-2026,40256966,3247
Jun-2026,40281673,3247
Jun-2026,40271774,3246
Jun-2026,40281530,3246
Jun-2026,40278707,3245
Jun-2026,40280499,3244
Jun-2026,40289307,3244
Jun-2026,40272971,3243
Jun-2026,40265977,3242
Jun-2026,40266950,3242
Jun-2026,40288644,3242
Jun-2026,40289506,3242
Jun-2026,40261925,3241
Jun-2026,40265707,3241
Jun-2026,40270431,3241
Jun-2026,40273637,3241
Jun-2026,40288029,3241
Jun-2026,40262535,3238
Jun-2026,40285687,3237
Jun-2026,40286897,3237
Jun-2026,40263572,3233
Jun-2026,40266228,3232
Jun-2026,40274016,3232
Jun-2026,40262870,3231
Jun-2026,40270243,3229
Jun-2026,40258218,3226
Jun-2026,40269111,3223
Jun-2026,40261936,3222
Jun-2026,40288210,3222
Jun-2026,40272470,3221
Jun-2026,40277810,3221
Jun-2026,40289624,3221
Jun-2026,40268090,3219
Jun-2026,40288094,3219
Jun-2026,40275370,3218
Jun-2026,40274366,3217
Jun-2026,40270002,3213
Jun-2026,40288449,3212
Jun-2026,40268335,3209
Jun-2026,40276258,3209
Jun-2026,40257811,3205
Jun-2026,40262033,3205
Jun-2026,40281306,3205
Jun-2026,40268645,3204
Jun-2026,40261008,3202
Jun-2026,40275280,3202
Jun-2026,40284298,3202
Jun-2026,40286104,3202
Jun-2026,40267687,3201
Jun-2026,40272140,3200
Jun-2026,40288673,3199
Jun-2026,40271990,3198
Jun-2026,40265703,3197
Jun-2026,40257967,3196
Jun-2026,40263988,3196
Jun-2026,40281064,3196
Jun-2026,40264159,3195
Jun-2026,40273696,3194
Jun-2026,40274911,3194
Jun-2026,40287839,3194
Jun-2026,40271048,3193
Jun-2026,40276770,3193
Jun-2026,40277117,3192
Jun-2026,40287582,3192
Jun-2026,40264095,3189
Jun-2026,40276535,3189
Jun-2026,40280053,3189
Jun-2026,40284714,3188
Jun-2026,40271359,3185
Jun-2026,40289796,3185
Jun-2026,40264968,3183
Jun-2026,40276022,3183
Jun-2026,40262504,3181
Jun-2026,40271402,3181
Jun-2026,40272671,3181
Jun-2026,40256486,3180
Jun-2026,40265269,3179
Jun-2026,40275347,3179
Jun-2026,40283265,3179
Jun-2026,40255988,3176
Jun-2026,40266890,3176
Jun-2026,40287499,3174
Jun-2026,40266366,3169
Jun-2026,40277540,3167
Jun-2026,40273131,3165
Jun-2026,40283358,3163
Jun-2026,40265322,3161
Jun-2026,40281835,3161
Jun-2026,40271937,3160
Jun-2026,40269051,3158
Jun-2026,40285770,3158
Jun-2026,40277988,3157
Jun-2026,40278633,3155
Jun-2026,40264685,3154
Jun-2026,40259815,3153
Jun-2026,40276777,3153
Jun-2026,40276763,3152
Jun-2026,40281561,3151
Jun-2026,40286359,3150
Jun-2026,40269677,3149
Jun-2026,40284316,3148
Jun-2026,40272820,3147
Jun-2026,40283902,3146
Jun-2026,40252951,3145
Jun-2026,40252211,3144
Jun-2026,40287929,3144
Jun-2026,40261106,3141
Jun-2026,40281265,3141
Jun-2026,40276013,3137
Jun-2026,40281856,3135
Jun-2026,40266083,3134
Jun-2026,40271664,3132
Jun-2026,40258053,3131
Jun-2026,40259470,3130
Jun-2026,40270209,3125
Jun-2026,40270437,3124
Jun-2026,40288039,3124
Jun-2026,40289596,3121
Jun-2026,40264230,3120
Jun-2026,40277920,3119
Jun-2026,40253299,3118
Jun-2026,40277230,3118
Jun-2026,40268678,3112
Jun-2026,40285468,3112
Jun-2026,40289072,3112
Jun-2026,40263793,3110
Jun-2026,40277283,3110
Jun-2026,40288487,3109
Jun-2026,40285932,3108
Jun-2026,40284593,3107
Jun-2026,40264413,3106
Jun-2026,40286824,3106
Jun-2026,40262862,3105
Jun-2026,40272174,3104
Jun-2026,40285849,3104
Jun-2026,40288587,3104
Jun-2026,40288413,3103
Jun-2026,40269663,3102
Jun-2026,40269397,3100
Jun-2026,40282500,3099
Jun-2026,40274779,3098
Jun-2026,40266629,3097
Jun-2026,40282811,3097
Jun-2026,40282824,3097
Jun-2026,40261414,3096
Jun-2026,40276575,3096
Jun-2026,40287085,3096
Jun-2026,40256611,3095
Jun-2026,40272009,3095
Jun-2026,40284532,3095
Jun-2026,40264202,3094
Jun-2026,40279944,3094
Jun-2026,40280200,3094
Jun-2026,40263184,3093
Jun-2026,40263392,3093
Jun-2026,40266851,3091
Jun-2026,40277546,3091
Jun-2026,40272474,3089
Jun-2026,40277818,3087
Jun-2026,40270776,3086
Jun-2026,40264911,3085
Jun-2026,40286810,3084
Jun-2026,40282717,3083
Jun-2026,40260274,3082
Jun-2026,40269539,3081
Jun-2026,40271903,3081
Jun-2026,40287858,3080
Jun-2026,40287553,3077
Jun-2026,40265686,3076
Jun-2026,40287541,3076
Jun-2026,40273182,3074
Jun-2026,40280292,3074
Jun-2026,40268555,3073
Jun-2026,40282265,3072
Jun-2026,40266264,3071
Jun-2026,40283031,3071
Jun-2026,40270531,3070
Jun-2026,40280736,3070
Jun-2026,40277919,3069
Jun-2026,40258860,3067
Jun-2026,40260875,3067
Jun-2026,40269586,3066
Jun-2026,40262599,3065
Jun-2026,40262944,3065
Jun-2026,40263406,3064
Jun-2026,40261774,3062
Jun-2026,40273599,3062
Jun-2026,40284132,3062
Jun-2026,40270853,3060
Jun-2026,40267654,3059
Jun-2026,40274248,3059
Jun-2026,40267177,3058
Jun-2026,40272018,3057
Jun-2026,40278361,3057
Jun-2026,40280055,3056
Jun-2026,40286303,3056
Jun-2026,40279667,3053
Jun-2026,40260277,3052
Jun-2026,40265940,3052
Jun-2026,40266204,3050
Jun-2026,40269697,3050
Jun-2026,40261742,3049
Jun-2026,40277905,3049
Jun-2026,40266238,3048
Jun-2026,40280029,3048
Jun-2026,40266564,3047
Jun-2026,40258951,3045
Jun-2026,40272821,3045
Jun-2026,40263777,3044
Jun-2026,40277036,3044
Jun-2026,40286478,3044
Jun-2026,40265831,3042
Jun-2026,40285334,3041
Jun-2026,40254017,3038
Jun-2026,40274207,3037
Jun-2026,40282995,3037
Jun-2026,40287577,3036
Jun-2026,40259695,3035
Jun-2026,40288951,3034
Jun-2026,40262037,3033
Jun-2026,40263365,3033
Jun-2026,40261636,3032
Jun-2026,40269444,3029
Jun-2026,40273275,3029
Jun-2026,40265605,3027
Jun-2026,40260428,3026
Jun-2026,40286172,3024
Jun-2026,40289212,3024
Jun-2026,40263731,3023
Jun-2026,40276694,3023
Jun-2026,40273134,3022
Jun-2026,40283685,3022
Jun-2026,40277190,3019
Jun-2026,40265224,3017
Jun-2026,40274137,3017
Jun-2026,40275210,3017
Jun-2026,40289069,3017
Jun-2026,40261859,3016
Jun-2026,40273853,3016
Jun-2026,40276900,3015
Jun-2026,40278594,3009
Jun-2026,40277259,3008
Jun-2026,40259948,3007
Jun-2026,40289185,3006
Jun-2026,40262691,3005
Jun-2026,40267679,3005
Jun-2026,40287199,3004
Jun-2026,40266935,3002
Jun-2026,40278711,3002
Jun-2026,40286313,3001
Jun-2026,40278799,3000
Jun-2026,40277330,2999
Jun-2026,40276539,2997
Jun-2026,40286719,2995
Jun-2026,40270601,2994
Jun-2026,40258469,2993
Jun-2026,40269949,2993
Jun-2026,40283863,2992
Jun-2026,40274632,2989
Jun-2026,40281628,2989
Jun-2026,40272281,2988
Jun-2026,40262262,2987
Jun-2026,40282625,2987
Jun-2026,40259007,2986
Jun-2026,40281617,2986
Jun-2026,40259394,2984
Jun-2026,40284220,2984
Jun-2026,40286180,2983
Jun-2026,40276361,2981
Jun-2026,40280562,2981
Jun-2026,40287286,2981
Jun-2026,40288283,2981
Jun-2026,40275818,2978
Jun-2026,40260172,2977
Jun-2026,40263631,2977
Jun-2026,40284444,2976
Jun-2026,40260784,2975
Jun-2026,40266189,2975
Jun-2026,40258492,2974
Jun-2026,40265110,2974
Jun-2026,40282477,2973
Jun-2026,40284331,2973
Jun-2026,40252901,2972
Jun-2026,40279224,2971
Jun-2026,40267412,2970
Jun-2026,40259874,2968
Jun-2026,40266602,2968
Jun-2026,40259696,2966
Jun-2026,40260951,2966
Jun-2026,40285821,2966
Jun-2026,40262405,2965
Jun-2026,40259114,2964
Jun-2026,40279715,2963
Jun-2026,40263736,2962
Jun-2026,40282867,2962
Jun-2026,40273767,2961
Jun-2026,40284024,2957
Jun-2026,40270753,2955
Jun-2026,40273515,2955
Jun-2026,40279791,2955
Jun-2026,40268983,2954
Jun-2026,40280689,2954
Jun-2026,40272670,2953
Jun-2026,40289201,2952
Jun-2026,40254083,2951
Jun-2026,40281832,2950
Jun-2026,40284873,2950
Jun-2026,40269043,2948
Jun-2026,40269973,2948
Jun-2026,40273434,2948
Jun-2026,40279480,2948
Jun-2026,40260464,2946
Jun-2026,40261111,2946
Jun-2026,40269232,2946
Jun-2026,40281669,2945
Jun-2026,40263822,2944
Jun-2026,40286496,2943
Jun-2026,40274796,2938
Jun-2026,40268392,2937
Jun-2026,40256276,2936
Jun-2026,40278298,2936
Jun-2026,40278929,2935
Jun-2026,40254194,2933
Jun-2026,40265554,2933
Jun-2026,40282378,2933
Jun-2026,40285993,2933
Jun-2026,40262480,2932
Jun-2026,40283509,2932
Jun-2026,40282552,2931
Jun-2026,40284187,2931
Jun-2026,40263053,2929
Jun-2026,40263441,2929
Jun-2026,40277442,2929
Jun-2026,40289769,2928
Jun-2026,40288000,2927
Jun-2026,40263654,2926
Jun-2026,40274743,2926
Jun-2026,40275070,2926
Jun-2026,40277089,2926
Jun-2026,40278787,2926
Jun-2026,40261394,2924
Jun-2026,40269661,2924
Jun-2026,40260874,2922
Jun-2026,40266144,2920
Jun-2026,40269519,2919
Jun-2026,40252552,2918
Jun-2026,40282207,2918
Jun-2026,40287210,2917
Jun-2026,40267191,2914
Jun-2026,40268690,2913
Jun-2026,40288805,2913
Jun-2026,40260779,2911
Jun-2026,40279923,2909
Jun-2026,23485893,2908
Jun-2026,40257773,2907
Jun-2026,40267232,2906
Jun-2026,40279977,2906
Jun-2026,40288618,2906
Jun-2026,40254936,2905
Jun-2026,40282825,2905
Jun-2026,40265474,2904
Jun-2026,40279595,2903
Jun-2026,40287114,2903
Jun-2026,40263532,2902
Jun-2026,40271763,2902
Jun-2026,40258736,2901
Jun-2026,40284918,2900
Jun-2026,40264116,2897
Jun-2026,40287427,2896
Jun-2026,40290069,2896
Jun-2026,40257950,2895
Jun-2026,40275372,2895
Jun-2026,40287827,2895
Jun-2026,40282236,2894
Jun-2026,40276622,2893
Jun-2026,40265082,2892
Jun-2026,40275690,2892
Jun-2026,40283438,2891
Jun-2026,40284158,2891
Jun-2026,40289978,2890
Jun-2026,40271485,2887
Jun-2026,40280959,2886
Jun-2026,40257129,2884
Jun-2026,40269091,2883
Jun-2026,40281377,2883
Jun-2026,40259113,2882
Jun-2026,40285216,2882
Jun-2026,40289605,2882
Jun-2026,40278526,2879
Jun-2026,40254289,2878
Jun-2026,40276019,2878
Jun-2026,40262154,2876
Jun-2026,40286840,2875
Jun-2026,40264151,2874
Jun-2026,40277509,2874
Jun-2026,40287536,2872
Jun-2026,40289113,2870
Jun-2026,40256101,2869
Jun-2026,40284208,2868
Jun-2026,40265585,2865
Jun-2026,40263110,2863
Jun-2026,40276349,2862
Jun-2026,40273956,2860
Jun-2026,40283167,2860
Jun-2026,40275061,2859
Jun-2026,40286585,2859
Jun-2026,40261216,2858
Jun-2026,40263286,2858
Jun-2026,40269667,2858
Jun-2026,40270745,2858
Jun-2026,40279497,2858
Jun-2026,40257554,2856
Jun-2026,40262359,2856
Jun-2026,40276075,2855
Jun-2026,40251102,2854
Jun-2026,40268377,2853
Jun-2026,40277279,2853
Jun-2026,40279373,2853
Jun-2026,40270585,2852
Jun-2026,40266849,2851
Jun-2026,40278585,2851
Jun-2026,40276337,2850
Jun-2026,40256114,2849
Jun-2026,40273657,2847
Jun-2026,40274877,2847
Jun-2026,40288205,2847
Jun-2026,40287631,2846
Jun-2026,40268832,2845
Jun-2026,40272779,2845
Jun-2026,40261888,2844
Jun-2026,40283814,2843
Jun-2026,40286384,2843
Jun-2026,40273566,2842
Jun-2026,40273979,2842
Jun-2026,40279056,2842
Jun-2026,40269282,2841
Jun-2026,40273343,2841
Jun-2026,40275039,2841
Jun-2026,40286484,2841
Jun-2026,40261157,2838
Jun-2026,40258152,2837
Jun-2026,40258433,2837
Jun-2026,40283635,2837
Jun-2026,40289488,2834
Jun-2026,40278381,2832
Jun-2026,40273437,2830
Jun-2026,40278327,2830
Jun-2026,40273349,2829
Jun-2026,40273405,2828
Jun-2026,40268133,2827
Jun-2026,40271183,2826
Jun-2026,40276547,2826
Jun-2026,40259797,2825
Jun-2026,40287653,2824
Jun-2026,40264473,2823
Jun-2026,40276167,2823
Jun-2026,40283437,2823
Jun-2026,40264120,2822
Jun-2026,40289077,2822
Jun-2026,40266256,2821
Jun-2026,40284062,2821
Jun-2026,40267539,2820
Jun-2026,40270973,2820
Jun-2026,40252810,2818
Jun-2026,40258852,2818
Jun-2026,40282114,2817
Jun-2026,40288794,2817
Jun-2026,40269497,2816
Jun-2026,40281052,2815
Jun-2026,40283391,2813
Jun-2026,40269284,2812
Jun-2026,40269578,2812
Jun-2026,40280260,2810
Jun-2026,40284709,2810
Jun-2026,40275622,2809
Jun-2026,40270080,2807
Jun-2026,40270307,2805
Jun-2026,40287111,2805
Jun-2026,40278492,2801
Jun-2026,40270379,2800
Jun-2026,40282327,2799
Jun-2026,40282343,2799
Jun-2026,40277397,2798
Jun-2026,40287201,2798
Jun-2026,40269298,2797
Jun-2026,40255954,2795
Jun-2026,40272087,2795
Jun-2026,40266551,2794
Jun-2026,40279620,2794
Jun-2026,40287429,2794
Jun-2026,40277290,2793
Jun-2026,40284234,2793
Jun-2026,40281840,2792
Jun-2026,40269185,2789
Jun-2026,40274700,2789
Jun-2026,40270981,2788
Jun-2026,40261500,2787
Jun-2026,40274556,2787
Jun-2026,40266631,2786
Jun-2026,40265745,2785
Jun-2026,40258944,2784
Jun-2026,40260717,2784
Jun-2026,40278418,2784
Jun-2026,40269414,2782
Jun-2026,40276061,2782
Jun-2026,40273683,2779
Jun-2026,40258226,2775
Jun-2026,40264415,2774
Jun-2026,40279054,2774
Jun-2026,40270063,2773
Jun-2026,40274532,2773
Jun-2026,40281556,2771
Jun-2026,40282623,2771
Jun-2026,40287183,2769
Jun-2026,40270097,2768
Jun-2026,40276858,2768
Jun-2026,40272101,2766
Jun-2026,40287014,2765
Jun-2026,40260693,2762
Jun-2026,40275028,2762
Jun-2026,40279719,2762
Jun-2026,40281247,2762
Jun-2026,40275226,2760
Jun-2026,40270526,2758
Jun-2026,40288783,2758
Jun-2026,40260254,2757
Jun-2026,40270941,2757
Jun-2026,40255193,2756
Jun-2026,40263106,2756
Jun-2026,40271613,2756
Jun-2026,40284704,2756
Jun-2026,40290173,2756
Jun-2026,40281744,2752
Jun-2026,40258822,2751
Jun-2026,40287872,2750
Jun-2026,40263260,2749
Jun-2026,40275378,2749
Jun-2026,40270436,2748
Jun-2026,40284730,2745
Jun-2026,40258950,2744
Jun-2026,40258079,2743
Jun-2026,40280238,2743
Jun-2026,40258842,2741
Jun-2026,40286576,2741
Jun-2026,40262489,2740
Jun-2026,40265046,2740
Jun-2026,40266146,2740
Jun-2026,40260519,2739
Jun-2026,40273431,2738
Jun-2026,40266703,2737
Jun-2026,40269905,2737
Jun-2026,40276148,2736
Jun-2026,40287193,2735
Jun-2026,40266945,2734
Jun-2026,40270650,2734
Jun-2026,40259709,2733
Jun-2026,40288677,2733
Jun-2026,40284392,2732
Jun-2026,40266418,2731
Jun-2026,40269888,2730
Jun-2026,40289431,2730
Jun-2026,40277813,2729
Jun-2026,40260419,2727
Jun-2026,40261140,2727
Jun-2026,40261422,2723
Jun-2026,40279226,2723
Jun-2026,40269716,2721
Jun-2026,40284221,2721
Jun-2026,40288729,2721
Jun-2026,40279655,2720
Jun-2026,40255447,2719
Jun-2026,40256220,2719
Jun-2026,40269446,2719
Jun-2026,40278628,2719
Jun-2026,40282690,2719
Jun-2026,40284516,2719
Jun-2026,40264276,2717
Jun-2026,40267069,2717
Jun-2026,40284773,2716
Jun-2026,40260011,2715
Jun-2026,40264960,2715
Jun-2026,40279333,2715
Jun-2026,40284426,2715
Jun-2026,40274710,2713
Jun-2026,40276287,2713
Jun-2026,40258865,2711
Jun-2026,40257058,2709
Jun-2026,40278088,2709
Jun-2026,40270718,2707
Jun-2026,40271862,2707
Jun-2026,40273585,2707
Jun-2026,40252542,2706
Jun-2026,40269772,2706
Jun-2026,40270367,2706
Jun-2026,40272693,2704
Jun-2026,40287051,2704
Jun-2026,40277351,2702
Jun-2026,40285097,2701
Jun-2026,40288380,2700
Jun-2026,40259172,2699
Jun-2026,40286205,2698
Jun-2026,40276394,2697
Jun-2026,40254692,2696
Jun-2026,40281204,2696
Jun-2026,40289338,2696
Jun-2026,40281576,2695
Jun-2026,40263175,2694
Jun-2026,40273930,2692
Jun-2026,40263361,2691
Jun-2026,40269087,2691
Jun-2026,40259434,2690
Jun-2026,40273034,2690
Jun-2026,40278769,2688
Jun-2026,40281831,2688
Jun-2026,40262839,2687
Jun-2026,40283230,2687
Jun-2026,40261210,2686
Jun-2026,40265414,2683
Jun-2026,40267307,2679
Jun-2026,40277823,2679
Jun-2026,40257622,2678
Jun-2026,40275717,2678
Jun-2026,40261807,2677
Jun-2026,40265596,2677
Jun-2026,40261975,2676
Jun-2026,40273718,2676
Jun-2026,40263738,2674
Jun-2026,40283868,2674
Jun-2026,40270967,2673
Jun-2026,40254652,2672
Jun-2026,40269752,2671
Jun-2026,40263833,2670
Jun-2026,40275531,2670
Jun-2026,40278715,2670
Jun-2026,40285505,2670
Jun-2026,40260304,2668
Jun-2026,40275752,2667
Jun-2026,40277022,2665
Jun-2026,40256704,2664
Jun-2026,40283004,2664
Jun-2026,40272340,2663
Jun-2026,40279877,2662
Jun-2026,40281439,2662
Jun-2026,40270247,2661
Jun-2026,40278242,2659
Jun-2026,40282398,2659
Jun-2026,40286365,2659
Jun-2026,40286984,2659
Jun-2026,40289610,2658
Jun-2026,40289739,2657
Jun-2026,40265901,2656
Jun-2026,40258165,2655
Jun-2026,40269651,2653
Jun-2026,40277795,2653
Jun-2026,40281036,2653
Jun-2026,40260612,2652
Jun-2026,40286835,2652
Jun-2026,40255529,2651
Jun-2026,40277647,2649
Jun-2026,40285812,2649
Jun-2026,40258912,2648
Jun-2026,40259338,2648
Jun-2026,40276122,2646
Jun-2026,40272836,2645
Jun-2026,40274147,2645
Jun-2026,40280265,2645
Jun-2026,40285345,2645
Jun-2026,23692255,2642
Jun-2026,40269742,2642
Jun-2026,40284285,2642
Jun-2026,40280079,2640
Jun-2026,40276464,2637
Jun-2026,40286020,2637
Jun-2026,40275428,2636
Jun-2026,40264842,2635
Jun-2026,40265289,2635
Jun-2026,40261805,2633
Jun-2026,40287806,2633
Jun-2026,40272150,2632
Jun-2026,40256436,2630
Jun-2026,40269093,2629
Jun-2026,40262434,2628
Jun-2026,40264463,2627
Jun-2026,40277457,2627
Jun-2026,40271713,2626
Jun-2026,40275153,2626
Jun-2026,40263442,2624
Jun-2026,40275235,2624
Jun-2026,40273231,2623
Jun-2026,40269019,2622
Jun-2026,40271617,2622
Jun-2026,40270285,2621
Jun-2026,40262438,2620
Jun-2026,40269604,2620
Jun-2026,40272279,2620
Jun-2026,40272349,2620
Jun-2026,40262934,2619
Jun-2026,40273390,2619
Jun-2026,40278306,2619
Jun-2026,40274319,2618
Jun-2026,40257662,2616
Jun-2026,40271956,2615
Jun-2026,40283156,2615
Jun-2026,40283708,2615
Jun-2026,40273965,2614
Jun-2026,40275098,2614
Jun-2026,40281940,2614
Jun-2026,40284906,2613
Jun-2026,40267914,2611
Jun-2026,40260059,2610
Jun-2026,40274546,2610
Jun-2026,40281068,2609
Jun-2026,40270129,2607
Jun-2026,40273040,2607
Jun-2026,40268526,2606
Jun-2026,40277228,2606
Jun-2026,40284329,2606
Jun-2026,40261156,2604
Jun-2026,40263113,2604
Jun-2026,40285535,2604
Jun-2026,40256700,2603
Jun-2026,40260542,2603
Jun-2026,40261405,2603
Jun-2026,40261844,2603
Jun-2026,40268070,2603
Jun-2026,40274966,2603
Jun-2026,40287264,2603
Jun-2026,40274322,2602
Jun-2026,40284168,2602
Jun-2026,40270657,2601
Jun-2026,40277366,2601
Jun-2026,40286194,2601
Jun-2026,40274967,2600
Jun-2026,40277636,2599
Jun-2026,40277709,2599
Jun-2026,40260794,2598
Jun-2026,40260272,2597
Jun-2026,40271470,2597
Jun-2026,40257993,2596
Jun-2026,40265031,2595
Jun-2026,40279153,2595
Jun-2026,40262926,2593
Jun-2026,40279939,2593
Jun-2026,40286901,2593
Jun-2026,40255970,2592
Jun-2026,40258673,2592
Jun-2026,40273026,2591
Jun-2026,40254997,2589
Jun-2026,40267501,2589
Jun-2026,40271126,2588
Jun-2026,40266511,2587
Jun-2026,40279406,2587
Jun-2026,40290113,2587
Jun-2026,40272455,2586
Jun-2026,40262516,2585
Jun-2026,40277563,2584
Jun-2026,40275519,2583
Jun-2026,40277615,2582
Jun-2026,40282065,2582
Jun-2026,40257526,2581
Jun-2026,40278259,2581
Jun-2026,40283305,2581
Jun-2026,40283009,2580
Jun-2026,40254272,2578
Jun-2026,40268102,2577
Jun-2026,40265436,2576
Jun-2026,40267599,2576
Jun-2026,40280393,2576
Jun-2026,40280791,2576
Jun-2026,40287498,2575
Jun-2026,40266502,2574
Jun-2026,40263316,2573
Jun-2026,40266893,2573
Jun-2026,40288617,2573
Jun-2026,40265098,2571
Jun-2026,40288228,2571
Jun-2026,40274736,2568
Jun-2026,40257009,2567
Jun-2026,40275315,2566
Jun-2026,40289681,2566
Jun-2026,40266147,2565
Jun-2026,40260211,2564
Jun-2026,40260302,2564
Jun-2026,40265692,2564
Jun-2026,40267822,2564
Jun-2026,40258711,2563
Jun-2026,40259771,2562
Jun-2026,40279348,2562
Jun-2026,40265828,2561
Jun-2026,40265966,2561
Jun-2026,40266740,2560
Jun-2026,40269140,2560
Jun-2026,40287725,2560
Jun-2026,40266478,2557
Jun-2026,40280449,2557
Jun-2026,40262487,2554
Jun-2026,40279142,2554
Jun-2026,40266647,2553
Jun-2026,40267007,2553
Jun-2026,40275157,2550
Jun-2026,40284733,2550
Jun-2026,40285610,2549
Jun-2026,40258718,2547
Jun-2026,40276876,2545
Jun-2026,40269437,2544
Jun-2026,40272388,2544
Jun-2026,40274941,2544
Jun-2026,40274694,2543
Jun-2026,40287278,2543
Jun-2026,40267717,2541
Jun-2026,40283925,2540
Jun-2026,40265860,2539
Jun-2026,40278404,2539
Jun-2026,40266554,2538
Jun-2026,40258237,2536
Jun-2026,40270256,2535
Jun-2026,40251432,2534
Jun-2026,40264611,2534
Jun-2026,40269365,2534
Jun-2026,40289576,2534
Jun-2026,40260050,2533
Jun-2026,40267165,2532
Jun-2026,40273854,2529
Jun-2026,40279717,2528
Jun-2026,40283927,2525
Jun-2026,40269533,2524
Jun-2026,40273938,2524
Jun-2026,40274674,2522
Jun-2026,40281167,2522
Jun-2026,40283035,2522
Jun-2026,40285855,2521
Jun-2026,40263621,2520
Jun-2026,40286060,2520
Jun-2026,40275691,2517
Jun-2026,40279727,2517
Jun-2026,40257576,2516
Jun-2026,40264080,2516
Jun-2026,40273402,2513
Jun-2026,40278901,2513
Jun-2026,40273063,2512
Jun-2026,40275995,2512
Jun-2026,40281579,2511
Jun-2026,40261292,2510
Jun-2026,40267247,2510
Jun-2026,40264537,2509
Jun-2026,40266685,2509
Jun-2026,40278165,2509
Jun-2026,40279165,2507
Jun-2026,40282541,2507
Jun-2026,40269538,2503
Jun-2026,40281482,2503
Jun-2026,40269608,2502
Jun-2026,40267587,2501
Jun-2026,40260977,2500
Jun-2026,40266742,2500
Jun-2026,40263234,2499
Jun-2026,40269600,2499
Jun-2026,40270514,2499
Jun-2026,40280289,2499
Jun-2026,40283765,2499
Jun-2026,40270893,2498
Jun-2026,40274119,2498
Jun-2026,40276743,2498
Jun-2026,40284997,2498
Jun-2026,40263716,2497
Jun-2026,40273175,2496
Jun-2026,40281676,2496
Jun-2026,40284548,2496
Jun-2026,40271981,2495
Jun-2026,40274823,2495
Jun-2026,40271507,2494
Jun-2026,40287734,2494
Jun-2026,40273957,2493
Jun-2026,40280687,2493
Jun-2026,40287455,2493
Jun-2026,40261699,2492
Jun-2026,40270667,2492
Jun-2026,40271215,2491
Jun-2026,40258654,2490
Jun-2026,40275318,2490
Jun-2026,40276927,2490
Jun-2026,40261521,2489
Jun-2026,40260517,2488
Jun-2026,40278624,2488
Jun-2026,40274750,2487
Jun-2026,40276364,2487
Jun-2026,40288699,2486
Jun-2026,40271192,2485
Jun-2026,40275671,2485
Jun-2026,40266922,2483
Jun-2026,40278072,2483
Jun-2026,40278727,2481
Jun-2026,40264899,2478
Jun-2026,40259776,2477
Jun-2026,40273218,2477
Jun-2026,40280344,2477
Jun-2026,40283428,2477
Jun-2026,40261947,2476
Jun-2026,40261969,2476
Jun-2026,40265073,2476
Jun-2026,40267490,2476
Jun-2026,40264319,2475
Jun-2026,40273188,2475
Jun-2026,40279654,2475
Jun-2026,40264862,2474
Jun-2026,40266224,2474
Jun-2026,40270842,2474
Jun-2026,40268436,2473
Jun-2026,40266704,2472
Jun-2026,40271446,2471
Jun-2026,40285702,2470
Jun-2026,40260341,2466
Jun-2026,40260364,2466
Jun-2026,40286017,2466
Jun-2026,40284756,2465
Jun-2026,40287632,2465
Jun-2026,40269468,2464
Jun-2026,40263761,2463
Jun-2026,40263929,2463
Jun-2026,40270349,2463
Jun-2026,40282015,2463
Jun-2026,40287613,2463
Jun-2026,40261642,2462
Jun-2026,40284395,2462
Jun-2026,40260793,2461
Jun-2026,40270908,2460
Jun-2026,40264308,2459
Jun-2026,40267363,2458
Jun-2026,40276077,2458
Jun-2026,40284824,2458
Jun-2026,40282660,2456
Jun-2026,40287214,2456
Jun-2026,40288728,2456
Jun-2026,40264486,2455
Jun-2026,40290402,2455
Jun-2026,40270118,2454
Jun-2026,40270708,2453
Jun-2026,40275746,2452
Jun-2026,40285599,2452
Jun-2026,40263610,2450
Jun-2026,40268047,2450
Jun-2026,40257506,2449
Jun-2026,40257514,2449
Jun-2026,40269031,2449
Jun-2026,40257855,2448
Jun-2026,40271206,2448
Jun-2026,40274649,2448
Jun-2026,40270294,2447
Jun-2026,40276703,2447
Jun-2026,40287602,2447
Jun-2026,40261328,2446
Jun-2026,40264069,2446
Jun-2026,40264869,2446
Jun-2026,40279660,2446
Jun-2026,40279960,2446
Jun-2026,40258558,2443
Jun-2026,40268310,2443
Jun-2026,40269602,2443
Jun-2026,40268130,2441
Jun-2026,40272929,2439
Jun-2026,40255414,2437
Jun-2026,40258065,2437
Jun-2026,40265313,2437
Jun-2026,40266743,2437
Jun-2026,40278501,2437
Jun-2026,40276207,2436
Jun-2026,40267898,2435
Jun-2026,40285025,2435
Jun-2026,40270651,2433
Jun-2026,40258176,2432
Jun-2026,40288361,2432
Jun-2026,40272310,2430
Jun-2026,40281630,2430
Jun-2026,40285850,2430
Jun-2026,40289498,2430
Jun-2026,40286308,2429
Jun-2026,40275719,2428
Jun-2026,40284344,2428
Jun-2026,40262457,2427
Jun-2026,40275050,2427
Jun-2026,40259820,2426
Jun-2026,40272704,2426
Jun-2026,40274746,2425
Jun-2026,40281724,2425
Jun-2026,40280228,2424
Jun-2026,40287588,2424
Jun-2026,40260248,2423
Jun-2026,40281541,2423
Jun-2026,40271602,2422
Jun-2026,40276922,2421
Jun-2026,40287500,2421
Jun-2026,40265821,2420
Jun-2026,40279102,2420
Jun-2026,40282046,2420
Jun-2026,40270778,2419
Jun-2026,40270932,2419
Jun-2026,40276433,2419
Jun-2026,40266936,2418
Jun-2026,40275692,2417
Jun-2026,40262201,2415
Jun-2026,40273658,2415
Jun-2026,40268427,2414
Jun-2026,40276960,2414
Jun-2026,40279094,2414
Jun-2026,40270248,2413
Jun-2026,40261321,2412
Jun-2026,40274720,2412
Jun-2026,40260742,2411
Jun-2026,40278500,2411
Jun-2026,40264223,2410
Jun-2026,40271520,2410
Jun-2026,40271842,2410
Jun-2026,40281872,2409
Jun-2026,40263699,2408
Jun-2026,40274727,2408
Jun-2026,40278458,2408
Jun-2026,40282201,2408
Jun-2026,40285263,2408
Jun-2026,40277849,2407
Jun-2026,40286208,2407
Jun-2026,40260152,2406
Jun-2026,40261290,2406
Jun-2026,40274307,2406
Jun-2026,40275048,2406
Jun-2026,40287459,2406
Jun-2026,40288091,2406
Jun-2026,40281808,2405
Jun-2026,40263994,2403
Jun-2026,40278055,2403
Jun-2026,40281992,2403
Jun-2026,40270694,2402
Jun-2026,40260811,2400
Jun-2026,40266895,2400
Jun-2026,40262055,2399
Jun-2026,40261814,2398
Jun-2026,40287457,2397
Jun-2026,40275476,2396
Jun-2026,40271459,2395
Jun-2026,40260864,2393
Jun-2026,40260964,2393
Jun-2026,40261767,2392
Jun-2026,40273583,2392
Jun-2026,40286356,2390
Jun-2026,40254686,2389
Jun-2026,40270286,2388
Jun-2026,40289847,2388
Jun-2026,40271448,2387
Jun-2026,40280028,2386
Jun-2026,40259386,2385
Jun-2026,40264866,2385
Jun-2026,40268484,2385
Jun-2026,40265708,2384
Jun-2026,40261006,2383
Jun-2026,40288123,2382
Jun-2026,40288350,2381
Jun-2026,40281338,2380
Jun-2026,40283323,2380
Jun-2026,40265598,2379
Jun-2026,40283373,2379
Jun-2026,40266255,2378
Jun-2026,40271216,2378
Jun-2026,40285185,2377
Jun-2026,40262189,2376
Jun-2026,40267618,2376
Jun-2026,40269636,2376
Jun-2026,40283266,2375
Jun-2026,40283718,2375
Jun-2026,40267561,2373
Jun-2026,40273216,2372
Jun-2026,40261364,2371
Jun-2026,40271690,2371
Jun-2026,40279737,2371
Jun-2026,40270293,2370
Jun-2026,40277170,2370
Jun-2026,40273642,2369
Jun-2026,40271754,2368
Jun-2026,40259653,2367
Jun-2026,40262388,2367
Jun-2026,40288199,2367
Jun-2026,40278907,2366
Jun-2026,40281968,2366
Jun-2026,40287743,2366
Jun-2026,40276747,2365
Jun-2026,40262972,2363
Jun-2026,40271846,2363
Jun-2026,40281769,2363
Jun-2026,40282399,2363
Jun-2026,40270802,2362
Jun-2026,40273529,2362
Jun-2026,40269340,2361
Jun-2026,40287329,2361
Jun-2026,23749455,2360
Jun-2026,40264188,2359
Jun-2026,40270308,2359
Jun-2026,40277764,2358
Jun-2026,40257238,2354
Jun-2026,40258519,2354
Jun-2026,40265896,2354
Jun-2026,40270360,2354
Jun-2026,40286741,2354
Jun-2026,40285589,2353
Jun-2026,40271362,2351
Jun-2026,40277937,2351
Jun-2026,40286281,2351
Jun-2026,40262322,2350
Jun-2026,40261630,2349
Jun-2026,40264600,2349
Jun-2026,40255951,2347
Jun-2026,40271205,2347
Jun-2026,40266349,2345
Jun-2026,40268609,2345
Jun-2026,40261435,2344
Jun-2026,40286740,2344
Jun-2026,40275099,2343
Jun-2026,40286444,2343
Jun-2026,40282936,2341
Jun-2026,40287020,2341
Jun-2026,40258645,2340
Jun-2026,40288050,2339
Jun-2026,40281827,2338
Jun-2026,40261336,2337
Jun-2026,40269907,2337
Jun-2026,40272694,2337
Jun-2026,40260424,2336
Jun-2026,40288250,2336
Jun-2026,40275948,2335
Jun-2026,40261315,2334
Jun-2026,40284689,2334
Jun-2026,40277879,2333
Jun-2026,40278650,2332
Jun-2026,40274583,2330
Jun-2026,40283869,2330
Jun-2026,40263478,2329
Jun-2026,40284038,2329
Jun-2026,40262772,2328
Jun-2026,40270839,2328
Jun-2026,40257977,2326
Jun-2026,40262167,2326
Jun-2026,40260832,2325
Jun-2026,40274954,2325
Jun-2026,40277239,2324
Jun-2026,40279410,2324
Jun-2026,40289283,2324
Jun-2026,40279647,2323
Jun-2026,40284201,2323
Jun-2026,40262479,2322
Jun-2026,40278390,2322
Jun-2026,40262357,2321
Jun-2026,40258588,2320
Jun-2026,40266170,2320
Jun-2026,40257484,2319
Jun-2026,40257313,2318
Jun-2026,40271075,2318
Jun-2026,40271078,2317
Jun-2026,40271667,2317
Jun-2026,40269598,2316
Jun-2026,40263342,2315
Jun-2026,40258233,2313
Jun-2026,40277262,2313
Jun-2026,40281103,2313
Jun-2026,40286751,2313
Jun-2026,40259421,2312
Jun-2026,40268763,2312
Jun-2026,40279860,2312
Jun-2026,40255177,2310
Jun-2026,40272981,2310
Jun-2026,40285054,2310
Jun-2026,40286849,2310
Jun-2026,40255805,2309
Jun-2026,40267829,2309
Jun-2026,40288666,2308
Jun-2026,40284175,2307
Jun-2026,40288071,2307
Jun-2026,40267024,2306
Jun-2026,40280599,2306
Jun-2026,40258996,2305
Jun-2026,40258168,2304
Jun-2026,40265549,2304
Jun-2026,40285329,2304
Jun-2026,40287526,2303
Jun-2026,40277698,2302
Jun-2026,40263129,2301
Jun-2026,40269300,2301
Jun-2026,40284228,2301
Jun-2026,40288946,2301
Jun-2026,40272461,2299
Jun-2026,40272535,2299
Jun-2026,40286918,2297
Jun-2026,40289598,2297
Jun-2026,40259768,2296
Jun-2026,40276873,2296
Jun-2026,40236494,2295
Jun-2026,40257838,2295
Jun-2026,40259511,2295
Jun-2026,40266584,2295
Jun-2026,40272612,2295
Jun-2026,40281319,2295
Jun-2026,40265732,2294
Jun-2026,40271170,2294
Jun-2026,40261895,2293
Jun-2026,40265498,2293
Jun-2026,40267469,2293
Jun-2026,40276479,2293
Jun-2026,40269500,2292
Jun-2026,40272292,2292
Jun-2026,40258573,2291
Jun-2026,40272617,2291
Jun-2026,40284164,2291
Jun-2026,40261051,2290
Jun-2026,40266813,2290
Jun-2026,40269793,2289
Jun-2026,40236306,2287
Jun-2026,40267994,2287
Jun-2026,40274770,2287
Jun-2026,40277363,2287
Jun-2026,40287192,2287
Jun-2026,40269791,2285
Jun-2026,40273997,2285
Jun-2026,40275541,2285
Jun-2026,40259698,2283
Jun-2026,40269623,2283
Jun-2026,40278649,2282
Jun-2026,40263363,2281
Jun-2026,40289742,2281
Jun-2026,40251571,2280
Jun-2026,40262014,2279
Jun-2026,40275873,2279
Jun-2026,40254364,2276
Jun-2026,40266760,2276
Jun-2026,40271334,2276
Jun-2026,40258636,2274
Jun-2026,40272213,2274
Jun-2026,40274113,2274
Jun-2026,40285842,2274
Jun-2026,40279913,2273
Jun-2026,40251376,2271
Jun-2026,40264401,2270
Jun-2026,40265467,2270
Jun-2026,40267619,2269
Jun-2026,40274044,2269
Jun-2026,40269224,2268
Jun-2026,40278375,2268
Jun-2026,40280347,2268
Jun-2026,40285663,2267
Jun-2026,40257570,2266
Jun-2026,40273549,2266
Jun-2026,40282096,2266
Jun-2026,40285362,2265
Jun-2026,40264921,2264
Jun-2026,40282588,2263
Jun-2026,40274469,2262
Jun-2026,40285310,2262
Jun-2026,40289523,2262
Jun-2026,40259422,2260
Jun-2026,40265529,2258
Jun-2026,40280974,2258
Jun-2026,40283715,2258
Jun-2026,40258978,2257
Jun-2026,40261747,2257
Jun-2026,40278653,2257
Jun-2026,40272769,2255
Jun-2026,40275172,2255
Jun-2026,40280774,2255
Jun-2026,40264800,2253
Jun-2026,40268956,2253
Jun-2026,40282884,2253
Jun-2026,40283133,2252
Jun-2026,40258583,2250
Jun-2026,40279538,2250
Jun-2026,40280994,2249
Jun-2026,40272885,2248
Jun-2026,40278928,2248
Jun-2026,40256791,2247
Jun-2026,40283280,2247
Jun-2026,40287157,2247
Jun-2026,40282014,2245
Jun-2026,40277158,2244
Jun-2026,40254100,2243
Jun-2026,40259835,2243
Jun-2026,40264262,2243
Jun-2026,40266605,2243
Jun-2026,40271135,2243
Jun-2026,40281975,2243
Jun-2026,40282302,2243
Jun-2026,40283945,2243
Jun-2026,40276833,2241
Jun-2026,40285325,2241
Jun-2026,40288270,2241
Jun-2026,40277907,2240
Jun-2026,40280501,2240
Jun-2026,40255048,2239
Jun-2026,40283562,2239
Jun-2026,40285803,2239
Jun-2026,40259335,2238
Jun-2026,40267745,2238
Jun-2026,40288307,2238
Jun-2026,40267034,2237
Jun-2026,40287680,2237
Jun-2026,40264429,2236
Jun-2026,40273356,2236
Jun-2026,40277425,2235
Jun-2026,40281737,2234
Jun-2026,40262748,2233
Jun-2026,40264250,2233
Jun-2026,40274762,2233
Jun-2026,40274288,2232
Jun-2026,40262470,2230
Jun-2026,40285257,2230
Jun-2026,40260812,2229
Jun-2026,40262169,2229
Jun-2026,40281184,2229
Jun-2026,40249971,2228
Jun-2026,40258836,2228
Jun-2026,40280319,2228
Jun-2026,40286401,2228
Jun-2026,40265937,2227
Jun-2026,40280542,2227
Jun-2026,23896310,2226
Jun-2026,40272772,2226
Jun-2026,40285502,2225
Jun-2026,40257876,2224
Jun-2026,40282542,2224
Jun-2026,40282980,2224
Jun-2026,40266643,2223
Jun-2026,40267878,2221
Jun-2026,40269735,2221
Jun-2026,40285082,2220
Jun-2026,40260393,2219
Jun-2026,40266132,2218
Jun-2026,40286287,2218
Jun-2026,40274259,2217
Jun-2026,40280145,2216
Jun-2026,40254057,2215
Jun-2026,40288456,2215
Jun-2026,40262041,2214
Jun-2026,40268439,2214
Jun-2026,40271821,2214
Jun-2026,40286171,2214
Jun-2026,40271765,2212
Jun-2026,40258153,2211
Jun-2026,40271694,2211
Jun-2026,40277357,2209
Jun-2026,40281473,2209
Jun-2026,40262228,2206
Jun-2026,40275573,2206
Jun-2026,40276754,2206
Jun-2026,40272759,2205
Jun-2026,40281970,2205
Jun-2026,40260285,2204
Jun-2026,40259981,2203
Jun-2026,40262831,2203
Jun-2026,40267287,2203
Jun-2026,40262514,2200
Jun-2026,40280066,2200
Jun-2026,40286328,2200
Jun-2026,40287829,2200
Jun-2026,40274304,2199
Jun-2026,40274687,2198
Jun-2026,40259005,2197
Jun-2026,40278539,2197
Jun-2026,40290253,2197
Jun-2026,40257000,2196
Jun-2026,40263953,2195
Jun-2026,40281002,2195
Jun-2026,40283491,2194
Jun-2026,40264172,2193
Jun-2026,40281796,2193
Jun-2026,40257883,2192
Jun-2026,40279221,2192
Jun-2026,40277675,2191
Jun-2026,40275772,2190
Jun-2026,40282070,2190
Jun-2026,40267105,2189
Jun-2026,40272427,2188
Jun-2026,40263287,2187
Jun-2026,40265712,2187
Jun-2026,40266716,2185
Jun-2026,40265533,2184
Jun-2026,40274217,2184
Jun-2026,40283409,2184
Jun-2026,40258247,2182
Jun-2026,40287618,2182
Jun-2026,40257452,2181
Jun-2026,40269583,2181
Jun-2026,40279438,2181
Jun-2026,40289449,2181
Jun-2026,40289184,2180
Jun-2026,40263021,2179
Jun-2026,40264487,2179
Jun-2026,40270972,2179
Jun-2026,40285199,2178
Jun-2026,40287710,2178
Jun-2026,40252231,2177
Jun-2026,40268225,2177
Jun-2026,40287115,2177
Jun-2026,40273935,2176
Jun-2026,40286754,2176
Jun-2026,40286896,2176
Jun-2026,40267348,2175
Jun-2026,40277844,2174
Jun-2026,40273909,2173
Jun-2026,40282853,2173
Jun-2026,40262242,2172
Jun-2026,40282972,2172
Jun-2026,40284719,2171
Jun-2026,40263800,2170
Jun-2026,40264828,2170
Jun-2026,40270371,2170
Jun-2026,40282464,2170
Jun-2026,40286959,2170
Jun-2026,40255566,2169
Jun-2026,40275846,2169
Jun-2026,40278512,2169
Jun-2026,40259043,2168
Jun-2026,40277127,2168
Jun-2026,40283540,2168
Jun-2026,40272448,2167
Jun-2026,40289245,2167
Jun-2026,40260588,2165
Jun-2026,40277620,2163
Jun-2026,40278806,2163
Jun-2026,40286420,2163
Jun-2026,40271020,2162
Jun-2026,40253963,2161
Jun-2026,40260898,2161
Jun-2026,40270896,2161
Jun-2026,40285374,2161
Jun-2026,40271536,2160
Jun-2026,40280754,2160
Jun-2026,40265761,2159
Jun-2026,40260480,2158
Jun-2026,40258630,2157
Jun-2026,40269759,2157
Jun-2026,40258952,2155
Jun-2026,40267121,2155
Jun-2026,40278357,2155
Jun-2026,40274300,2154
Jun-2026,40274314,2154
Jun-2026,40265048,2153
Jun-2026,40285269,2153
Jun-2026,40272950,2152
Jun-2026,40274939,2152
Jun-2026,40273160,2151
Jun-2026,40282665,2150
Jun-2026,40260862,2149
Jun-2026,40274455,2148
Jun-2026,40258800,2147
Jun-2026,40284029,2146
Jun-2026,40289306,2146
Jun-2026,40265939,2145
Jun-2026,40288535,2145
Jun-2026,40262713,2144
Jun-2026,40281618,2143
Jun-2026,40266874,2142
Jun-2026,40273084,2142
Jun-2026,40276314,2142
Jun-2026,40277308,2142
Jun-2026,40283579,2142
Jun-2026,40264923,2141
Jun-2026,40270415,2141
Jun-2026,40269995,2140
Jun-2026,40140489,2139
Jun-2026,40256682,2139
Jun-2026,40274089,2139
Jun-2026,40278935,2139
Jun-2026,40285372,2139
Jun-2026,40276481,2137
Jun-2026,40283302,2137
Jun-2026,40283476,2137
Jun-2026,40264330,2136
Jun-2026,40284007,2136
Jun-2026,40276554,2135
Jun-2026,40276671,2135
Jun-2026,40278137,2133
Jun-2026,40282517,2133
Jun-2026,40259101,2132
Jun-2026,40275974,2130
Jun-2026,40265848,2129
Jun-2026,40269478,2129
Jun-2026,40276145,2129
Jun-2026,40274668,2127
Jun-2026,40283909,2127
Jun-2026,40264346,2126
Jun-2026,40257520,2124
Jun-2026,40271277,2124
Jun-2026,40274827,2123
Jun-2026,40260252,2122
Jun-2026,40271951,2122
Jun-2026,40275811,2122
Jun-2026,40281426,2122
Jun-2026,40283776,2122
Jun-2026,40259549,2121
Jun-2026,40287245,2121
Jun-2026,40284491,2120
Jun-2026,40275073,2119
Jun-2026,40263958,2118
Jun-2026,40266540,2118
Jun-2026,40268667,2118
Jun-2026,40274987,2118
Jun-2026,40283798,2118
Jun-2026,40271028,2117
Jun-2026,40276181,2117
Jun-2026,40266450,2116
Jun-2026,40269786,2116
Jun-2026,40280132,2116
Jun-2026,40286980,2116
Jun-2026,40278673,2114
Jun-2026,40260856,2113
Jun-2026,40266867,2113
Jun-2026,40273806,2113
Jun-2026,40275444,2113
Jun-2026,40255575,2112
Jun-2026,40261643,2112
Jun-2026,40267614,2112
Jun-2026,40289687,2111
Jun-2026,40268786,2110
Jun-2026,40274854,2110
Jun-2026,40269730,2108
Jun-2026,40289629,2108
Jun-2026,40259829,2107
Jun-2026,40263420,2106
Jun-2026,40285059,2106
Jun-2026,40258601,2105
Jun-2026,40260803,2105
Jun-2026,40274574,2105
Jun-2026,40274358,2103
Jun-2026,40276087,2103
Jun-2026,40287540,2102
Jun-2026,40269650,2101
Jun-2026,40288707,2101
Jun-2026,40258049,2099
Jun-2026,40284729,2098
Jun-2026,40259215,2097
Jun-2026,40261322,2097
Jun-2026,40264272,2097
Jun-2026,40265906,2097
Jun-2026,40274658,2097
Jun-2026,40272711,2096
Jun-2026,40282191,2096
Jun-2026,40268980,2094
Jun-2026,40289707,2094
Jun-2026,40273679,2093
Jun-2026,40269026,2091
Jun-2026,40272333,2090
Jun-2026,40277071,2090
Jun-2026,40277044,2089
Jun-2026,40279254,2089
Jun-2026,40263657,2088
Jun-2026,40274681,2087
Jun-2026,40280049,2086
Jun-2026,40286658,2086
Jun-2026,40267640,2085
Jun-2026,40278632,2085
Jun-2026,40263778,2084
Jun-2026,40287172,2084
Jun-2026,40268467,2083
Jun-2026,40265617,2082
Jun-2026,40288040,2082
Jun-2026,40260308,2081
Jun-2026,40267861,2081
Jun-2026,40279550,2081
Jun-2026,40285144,2081
Jun-2026,40262365,2080
Jun-2026,40269322,2078
Jun-2026,40264844,2077
Jun-2026,40282937,2077
Jun-2026,40265949,2076
Jun-2026,40268912,2075
Jun-2026,40285923,2075
Jun-2026,40274416,2073
Jun-2026,40281713,2073
Jun-2026,40270493,2072
Jun-2026,40272445,2072
Jun-2026,40286451,2072
Jun-2026,40266245,2071
Jun-2026,40270548,2071
Jun-2026,40272389,2070
Jun-2026,40277040,2070
Jun-2026,40282031,2069
Jun-2026,40284648,2069
Jun-2026,40259886,2067
Jun-2026,40261327,2067
Jun-2026,40273620,2067
Jun-2026,40273675,2067
Jun-2026,40275687,2066
Jun-2026,40261639,2065
Jun-2026,40264264,2065
Jun-2026,40273070,2062
Jun-2026,40274335,2062
Jun-2026,40279286,2061
Jun-2026,40283014,2061
Jun-2026,40260923,2060
Jun-2026,40263767,2060
Jun-2026,40269790,2060
Jun-2026,40281550,2060
Jun-2026,40261428,2057
Jun-2026,40279962,2057
Jun-2026,40281994,2057
Jun-2026,40288226,2057
Jun-2026,40261778,2056
Jun-2026,40266161,2056
Jun-2026,40277311,2056
Jun-2026,40259039,2055
Jun-2026,40268909,2055
Jun-2026,40269799,2054
Jun-2026,40277991,2051
Jun-2026,40282195,2051
Jun-2026,40284749,2049
Jun-2026,40278192,2048
Jun-2026,40284874,2048
Jun-2026,40259233,2046
Jun-2026,40282982,2046
Jun-2026,40267312,2045
Jun-2026,40263445,2043
Jun-2026,40277313,2043
Jun-2026,40255657,2042
Jun-2026,40267990,2042
Jun-2026,40264167,2041
Jun-2026,40269125,2041
Jun-2026,40277010,2041
Jun-2026,40289919,2041
Jun-2026,40272750,2038
Jun-2026,40284973,2038
Jun-2026,40256012,2037
Jun-2026,40265907,2037
Jun-2026,40282438,2037
Jun-2026,40288732,2037
Jun-2026,40274011,2036
Jun-2026,40280600,2036
Jun-2026,40262494,2034
Jun-2026,40281903,2033
Jun-2026,40259991,2030
Jun-2026,40269910,2029
Jun-2026,40280311,2029
Jun-2026,40281321,2029
Jun-2026,40283843,2029
Jun-2026,40285837,2028
Jun-2026,13970819,2027
Jun-2026,40265328,2027
Jun-2026,40278846,2027
Jun-2026,40285286,2027
Jun-2026,40269745,2026
Jun-2026,40280373,2026
Jun-2026,40271274,2025
Jun-2026,40274775,2025
Jun-2026,40263574,2024
Jun-2026,40262734,2023
Jun-2026,40266059,2023
Jun-2026,40269426,2023
Jun-2026,40274214,2023
Jun-2026,40289241,2023
Jun-2026,40278533,2022
Jun-2026,40281056,2022
Jun-2026,23296942,2021
Jun-2026,40269120,2020
Jun-2026,40256270,2019
Jun-2026,40264321,2019
Jun-2026,40270006,2019
Jun-2026,40285193,2019
Jun-2026,40273984,2018
Jun-2026,40271863,2017
Jun-2026,40267202,2016
Jun-2026,40269946,2016
Jun-2026,40232954,2015
Jun-2026,40267388,2015
Jun-2026,40273484,2015
Jun-2026,40278315,2015
Jun-2026,40260944,2014
Jun-2026,40274131,2014
Jun-2026,40286010,2014
Jun-2026,40281135,2013
Jun-2026,40287228,2013
Jun-2026,40266577,2012
Jun-2026,40270139,2012
Jun-2026,40286099,2012
Jun-2026,40260963,2011
Jun-2026,40267323,2011
Jun-2026,40274994,2011
Jun-2026,40281014,2011
Jun-2026,40261223,2010
Jun-2026,40272897,2010
Jun-2026,40270903,2009
Jun-2026,40259739,2008
Jun-2026,40264194,2008
Jun-2026,40273076,2008
Jun-2026,40279106,2007
Jun-2026,40264713,2006
Jun-2026,40267615,2006
Jun-2026,40284903,2006
Jun-2026,40274127,2004
Jun-2026,40258076,2003
Jun-2026,40258761,2003
Jun-2026,40266676,2003
Jun-2026,40265744,2002
Jun-2026,40264691,2001
Jun-2026,40282790,2001
Jun-2026,40274276,2000
Jun-2026,40278871,2000
Jun-2026,40283017,2000
Jun-2026,40258149,1998
Jun-2026,40262952,1998
Jun-2026,40264904,1998
Jun-2026,40265861,1998
Jun-2026,40272093,1998
Jun-2026,40278903,1998
Jun-2026,40260264,1997
Jun-2026,40277629,1997
Jun-2026,40281350,1997
Jun-2026,40287358,1997
Jun-2026,40268736,1995
Jun-2026,40278717,1995
Jun-2026,40288892,1995
Jun-2026,40264011,1994
Jun-2026,40270161,1994
Jun-2026,40277533,1994
Jun-2026,40263067,1993
Jun-2026,40288506,1993
Jun-2026,40264714,1992
Jun-2026,40277534,1992
Jun-2026,40263480,1991
Jun-2026,40266985,1991
Jun-2026,40277696,1991
Jun-2026,40284668,1991
Jun-2026,40260527,1989
Jun-2026,40264045,1989
Jun-2026,40268084,1989
Jun-2026,40270222,1989
Jun-2026,40274211,1989
Jun-2026,40284791,1989
Jun-2026,40285383,1988
Jun-2026,40276748,1987
Jun-2026,40281261,1987
Jun-2026,40269020,1986
Jun-2026,40271685,1986
Jun-2026,40273654,1986
Jun-2026,40277458,1986
Jun-2026,40283209,1986
Jun-2026,40261941,1985
Jun-2026,40282601,1985
Jun-2026,40276081,1984
Jun-2026,40281477,1984
Jun-2026,40266372,1983
Jun-2026,40268159,1983
Jun-2026,40283403,1983
Jun-2026,40288013,1983
Jun-2026,40290007,1983
Jun-2026,40258271,1982
Jun-2026,40282610,1981
Jun-2026,40285117,1980
Jun-2026,40285707,1979
Jun-2026,40266814,1978
Jun-2026,40256974,1977
Jun-2026,40262478,1977
Jun-2026,40253435,1976
Jun-2026,40259203,1975
Jun-2026,40276358,1975
Jun-2026,40259968,1974
Jun-2026,40262451,1974
Jun-2026,40281390,1974
Jun-2026,40289138,1974
Jun-2026,40260233,1970
Jun-2026,40267087,1969
Jun-2026,40261943,1968
Jun-2026,40287714,1967
Jun-2026,40260085,1966
Jun-2026,40263757,1966
Jun-2026,40288178,1964
Jun-2026,40264259,1963
Jun-2026,40265904,1963
Jun-2026,40266621,1963
Jun-2026,40278363,1963
Jun-2026,40266172,1962
Jun-2026,40271313,1962
Jun-2026,40287142,1962
Jun-2026,40284656,1961
Jun-2026,40278509,1960
Jun-2026,40285151,1960
Jun-2026,40285318,1959
Jun-2026,40261686,1958
Jun-2026,40259165,1956
Jun-2026,40264931,1956
Jun-2026,40286437,1956
Jun-2026,40259504,1955
Jun-2026,40276313,1955
Jun-2026,40261311,1954
Jun-2026,40258638,1953
Jun-2026,40260814,1953
Jun-2026,40277769,1953
Jun-2026,40282137,1953
Jun-2026,40264488,1952
Jun-2026,40257785,1951
Jun-2026,40264756,1951
Jun-2026,40280154,1951
Jun-2026,40279773,1950
Jun-2026,40257947,1949
Jun-2026,40269817,1949
Jun-2026,40272221,1949
Jun-2026,40273066,1949
Jun-2026,40261904,1948
Jun-2026,40273858,1948
Jun-2026,40289786,1948
Jun-2026,40287969,1947
Jun-2026,40261608,1946
Jun-2026,40262334,1946
Jun-2026,40277926,1944
Jun-2026,40257292,1943
Jun-2026,40260289,1943
Jun-2026,40267739,1943
Jun-2026,40286995,1943
Jun-2026,40288231,1943
Jun-2026,40275675,1941
Jun-2026,40277760,1941
Jun-2026,40271374,1940
Jun-2026,40275753,1940
Jun-2026,40283955,1940
Jun-2026,40277286,1938
Jun-2026,40268379,1935
Jun-2026,40281740,1935
Jun-2026,40281823,1935
Jun-2026,40284435,1935
Jun-2026,40284779,1935
Jun-2026,40260290,1934
Jun-2026,40282072,1934
Jun-2026,40280713,1933
Jun-2026,40287895,1933
Jun-2026,40263516,1932
Jun-2026,40268663,1932
Jun-2026,40274036,1932
Jun-2026,40284347,1932
Jun-2026,40270402,1931
Jun-2026,40259411,1930
Jun-2026,40279385,1930
Jun-2026,40280568,1930
Jun-2026,40283782,1930
Jun-2026,40270521,1929
Jun-2026,40274511,1929
Jun-2026,40289034,1929
Jun-2026,30000600,1928
Jun-2026,40263647,1928
Jun-2026,40265120,1928
Jun-2026,40288128,1928
Jun-2026,40269855,1926
Jun-2026,40274524,1926
Jun-2026,40274555,1925
Jun-2026,40277728,1925
Jun-2026,40271946,1924
Jun-2026,40278780,1924
Jun-2026,40267941,1922
Jun-2026,40275793,1922
Jun-2026,40289539,1921
Jun-2026,40257294,1920
Jun-2026,40266214,1920
Jun-2026,40282075,1920
Jun-2026,40283530,1920
Jun-2026,40257534,1919
Jun-2026,40271345,1919
Jun-2026,40289603,1919
Jun-2026,40272430,1918
Jun-2026,40275855,1918
Jun-2026,40276021,1918
Jun-2026,40282710,1918
Jun-2026,40283143,1917
Jun-2026,40267200,1916
Jun-2026,40267451,1916
Jun-2026,40289788,1916
Jun-2026,40263383,1915
Jun-2026,40272192,1915
Jun-2026,40284463,1909
Jun-2026,40285320,1908
Jun-2026,40266131,1907
Jun-2026,40270061,1907
Jun-2026,40264544,1906
Jun-2026,40262416,1905
Jun-2026,40282336,1905
Jun-2026,40260925,1903
Jun-2026,40271637,1903
Jun-2026,40280574,1903
Jun-2026,40261567,1901
Jun-2026,40287126,1901
Jun-2026,40258537,1900
Jun-2026,40277816,1900
Jun-2026,40290178,1900
Jun-2026,40268359,1899
Jun-2026,40267045,1898
Jun-2026,40278889,1896
Jun-2026,40256709,1895
Jun-2026,40259916,1895
Jun-2026,40275128,1895
Jun-2026,23860690,1894
Jun-2026,40283244,1894
Jun-2026,40265331,1893
Jun-2026,40266426,1892
Jun-2026,40259548,1891
Jun-2026,40278712,1891
Jun-2026,40279058,1891
Jun-2026,23717595,1890
Jun-2026,40261988,1890
Jun-2026,40260653,1889
Jun-2026,40270380,1889
Jun-2026,40285112,1889
Jun-2026,40285858,1889
Jun-2026,40287738,1889
Jun-2026,40264164,1888
Jun-2026,40271746,1888
Jun-2026,40282574,1888
Jun-2026,40263041,1887
Jun-2026,40264566,1887
Jun-2026,40264689,1887
Jun-2026,40267499,1887
Jun-2026,40271319,1887
Jun-2026,40274640,1887
Jun-2026,40287964,1887
Jun-2026,40271066,1886
Jun-2026,40280554,1886
Jun-2026,40280940,1885
Jun-2026,40266393,1884
Jun-2026,40258899,1883
Jun-2026,40288999,1883
Jun-2026,40276768,1882
Jun-2026,40285633,1882
Jun-2026,40261325,1880
Jun-2026,40287639,1880
Jun-2026,40287888,1880
Jun-2026,40254799,1879
Jun-2026,40265219,1879
Jun-2026,40266661,1879
Jun-2026,40272976,1879
Jun-2026,40281108,1879
Jun-2026,40264229,1878
Jun-2026,40269839,1878
Jun-2026,40274752,1877
Jun-2026,40289902,1877
Jun-2026,40256325,1876
Jun-2026,40266160,1876
Jun-2026,40272719,1876
Jun-2026,40280872,1876
Jun-2026,40286345,1876
Jun-2026,40268913,1875
Jun-2026,40269386,1875
Jun-2026,40288083,1875
Jun-2026,40276250,1874
Jun-2026,40278109,1873
Jun-2026,40257210,1872
Jun-2026,40268501,1872
Jun-2026,40277142,1871
Jun-2026,40283340,1871
Jun-2026,40266978,1870
Jun-2026,40270646,1870
Jun-2026,40276521,1870
Jun-2026,40286936,1870
Jun-2026,40276994,1869
Jun-2026,40265304,1868
Jun-2026,40284148,1868
Jun-2026,40288242,1868
Jun-2026,40271450,1866
Jun-2026,40267493,1865
Jun-2026,40274228,1865
Jun-2026,40263008,1864
Jun-2026,40280371,1864
Jun-2026,40286400,1864
Jun-2026,40260444,1863
Jun-2026,40270496,1863
Jun-2026,40281748,1863
Jun-2026,40269858,1862
Jun-2026,40283508,1862
Jun-2026,40285404,1862
Jun-2026,40269720,1861
Jun-2026,40276721,1861
Jun-2026,40289653,1861
Jun-2026,40273478,1860
Jun-2026,40276732,1860
Jun-2026,40280803,1859
Jun-2026,40281804,1859
Jun-2026,40282826,1859
Jun-2026,40256779,1858
Jun-2026,40258553,1858
Jun-2026,40272970,1858
Jun-2026,40280952,1858
Jun-2026,40282155,1858
Jun-2026,40279117,1857
Jun-2026,40282051,1857
Jun-2026,40257746,1856
Jun-2026,40265282,1856
Jun-2026,40266755,1856
Jun-2026,40283855,1856
Jun-2026,40286992,1856
Jun-2026,40254553,1855
Jun-2026,40275140,1855
Jun-2026,40257347,1854
Jun-2026,40260442,1854
Jun-2026,40275564,1853
Jun-2026,40290097,1853
Jun-2026,40263899,1852
Jun-2026,40268066,1852
Jun-2026,40276779,1852
Jun-2026,40279318,1852
Jun-2026,40245253,1851
Jun-2026,40258489,1850
Jun-2026,40273581,1850
Jun-2026,40266787,1848
Jun-2026,40271809,1848
Jun-2026,40277719,1848
Jun-2026,40283258,1848
Jun-2026,40282756,1847
Jun-2026,40277184,1846
Jun-2026,40279344,1846
Jun-2026,40268481,1845
Jun-2026,40279294,1845
Jun-2026,40281015,1845
Jun-2026,40264292,1844
Jun-2026,40261495,1843
Jun-2026,40276852,1843
Jun-2026,40270366,1842
Jun-2026,40260599,1840
Jun-2026,40273600,1840
Jun-2026,40289095,1840
Jun-2026,40257821,1839
Jun-2026,40271554,1839
Jun-2026,40271730,1839
Jun-2026,40265280,1838
Jun-2026,40287531,1838
Jun-2026,40267703,1837
Jun-2026,40263992,1835
Jun-2026,40265825,1835
Jun-2026,40275998,1835
Jun-2026,40269652,1833
Jun-2026,40282641,1833
Jun-2026,40265189,1831
Jun-2026,40269391,1831
Jun-2026,40260246,1830
Jun-2026,40262836,1830
Jun-2026,40280020,1827
Jun-2026,40240808,1826
Jun-2026,40269270,1826
Jun-2026,40283261,1826
Jun-2026,40284603,1826
Jun-2026,40260078,1824
Jun-2026,40275705,1824
Jun-2026,40289643,1824
Jun-2026,40269296,1823
Jun-2026,40277210,1823
Jun-2026,40284147,1822
Jun-2026,40287560,1822
Jun-2026,40262491,1821
Jun-2026,40276251,1821
Jun-2026,40282723,1820
Jun-2026,40254991,1819
Jun-2026,40273630,1819
Jun-2026,40275279,1819
Jun-2026,40283918,1819
Jun-2026,40272057,1818
Jun-2026,40282677,1818
Jun-2026,40282545,1817
Jun-2026,40284420,1817
Jun-2026,40275419,1816
Jun-2026,40284699,1816
Jun-2026,40287161,1816
Jun-2026,40274479,1814
Jun-2026,40258333,1813
Jun-2026,40278591,1813
Jun-2026,40287789,1813
Jun-2026,40269462,1812
Jun-2026,40289360,1812
Jun-2026,40259274,1811
Jun-2026,40268999,1811
Jun-2026,40263600,1810
Jun-2026,40268958,1810
Jun-2026,40270961,1810
Jun-2026,40264889,1808
Jun-2026,40279222,1808
Jun-2026,40267410,1807
Jun-2026,40261687,1806
Jun-2026,40265569,1806
Jun-2026,40285591,1806
Jun-2026,40261976,1805
Jun-2026,40271872,1805
Jun-2026,40281623,1805
Jun-2026,40256823,1804
Jun-2026,40265109,1803
Jun-2026,40278924,1803
Jun-2026,40284464,1803
Jun-2026,40284480,1803
Jun-2026,40286115,1803
Jun-2026,40266812,1802
Jun-2026,40277056,1802
Jun-2026,40274919,1801
Jun-2026,40278031,1801
Jun-2026,40283286,1801
Jun-2026,40286246,1801
Jun-2026,40268279,1800
Jun-2026,40279856,1800
Jun-2026,40283744,1800
Jun-2026,40259452,1799
Jun-2026,40276188,1799
Jun-2026,40276881,1799
Jun-2026,40287931,1799
Jun-2026,40265486,1798
Jun-2026,40284170,1798
Jun-2026,40259670,1797
Jun-2026,40265921,1796
Jun-2026,40270909,1796
Jun-2026,40271414,1796
Jun-2026,40271456,1794
Jun-2026,40277606,1793
Jun-2026,40278618,1793
Jun-2026,40281986,1793
Jun-2026,40259493,1791
Jun-2026,40265169,1791
Jun-2026,40287166,1791
Jun-2026,40261592,1790
Jun-2026,40262172,1790
Jun-2026,40263490,1790
Jun-2026,40276541,1790
Jun-2026,40287170,1790
Jun-2026,40262867,1789
Jun-2026,40267397,1787
Jun-2026,40267176,1786
Jun-2026,40288043,1784
Jun-2026,40258085,1782
Jun-2026,40262759,1782
Jun-2026,40272997,1782
Jun-2026,40277673,1781
Jun-2026,40281699,1781
Jun-2026,40282885,1781
Jun-2026,40288101,1781
Jun-2026,40269304,1780
Jun-2026,40260780,1777
Jun-2026,40273695,1777
Jun-2026,40262634,1776
Jun-2026,40277469,1776
Jun-2026,40283545,1776
Jun-2026,40283761,1776
Jun-2026,40284244,1776
Jun-2026,40266830,1775
Jun-2026,40285303,1775
Jun-2026,40264502,1774
Jun-2026,40270721,1774
Jun-2026,40274979,1774
Jun-2026,40278644,1774
Jun-2026,40265170,1773
Jun-2026,40268432,1773
Jun-2026,40270897,1773
Jun-2026,40272877,1773
Jun-2026,40277938,1773
Jun-2026,40280531,1773
Jun-2026,40271671,1772
Jun-2026,40272654,1772
Jun-2026,40275908,1772
Jun-2026,40283236,1772
Jun-2026,40279503,1771
Jun-2026,40258155,1770
Jun-2026,40279293,1768
Jun-2026,40254773,1767
Jun-2026,40259999,1767
Jun-2026,40278218,1767
Jun-2026,40260126,1766
Jun-2026,40271792,1766
Jun-2026,40278676,1766
Jun-2026,40282073,1766
Jun-2026,40243354,1765
Jun-2026,40256155,1765
Jun-2026,40286497,1765
Jun-2026,40262761,1764
Jun-2026,40263708,1764
Jun-2026,40268164,1764
Jun-2026,40269305,1764
Jun-2026,40240206,1763
Jun-2026,40273438,1763
Jun-2026,40260471,1762
Jun-2026,40262065,1762
Jun-2026,40288203,1762
Jun-2026,40264286,1761
Jun-2026,40285576,1761
Jun-2026,40281547,1760
Jun-2026,40263355,1759
Jun-2026,40265714,1759
Jun-2026,40289362,1759
Jun-2026,40261215,1758
Jun-2026,40285299,1758
Jun-2026,40271194,1757
Jun-2026,40274195,1757
Jun-2026,40287573,1757
Jun-2026,40268525,1755
Jun-2026,40286460,1755
Jun-2026,40265801,1754
Jun-2026,40274324,1754
Jun-2026,40286001,1754
Jun-2026,40267510,1752
Jun-2026,40286161,1752
Jun-2026,40264305,1751
Jun-2026,40274448,1751
Jun-2026,40278714,1751
Jun-2026,40282389,1750
Jun-2026,40259185,1749
Jun-2026,40275328,1748
Jun-2026,40276185,1748
Jun-2026,40283653,1748
Jun-2026,40262846,1746
Jun-2026,40256937,1744
Jun-2026,40275700,1744
Jun-2026,40287706,1744
Jun-2026,40289790,1744
Jun-2026,40276426,1743
Jun-2026,40274764,1742
Jun-2026,40276750,1742
Jun-2026,40287625,1742
Jun-2026,40258710,1741
Jun-2026,40279752,1741
Jun-2026,40260657,1740
Jun-2026,40267691,1740
Jun-2026,40279287,1740
Jun-2026,22700212,1739
Jun-2026,40274178,1739
Jun-2026,40284219,1739
Jun-2026,40266475,1738
Jun-2026,40266638,1738
Jun-2026,40258604,1737
Jun-2026,40266729,1737
Jun-2026,40268928,1737
Jun-2026,40270339,1737
Jun-2026,40271120,1736
Jun-2026,40283397,1736
Jun-2026,40288433,1736
Jun-2026,40278033,1735
Jun-2026,40255294,1734
Jun-2026,40280293,1734
Jun-2026,40280857,1733
Jun-2026,40284766,1733
Jun-2026,40284825,1733
Jun-2026,40268387,1732
Jun-2026,40276760,1732
Jun-2026,40260083,1730
Jun-2026,40264966,1730
Jun-2026,40257063,1729
Jun-2026,40263704,1729
Jun-2026,40287495,1728
Jun-2026,40261666,1726
Jun-2026,40270207,1726
Jun-2026,40260413,1725
Jun-2026,40266026,1725
Jun-2026,40285491,1725
Jun-2026,40260636,1724
Jun-2026,40261274,1724
Jun-2026,40262355,1724
Jun-2026,40270649,1724
Jun-2026,40275445,1724
Jun-2026,40277200,1724
Jun-2026,40262982,1723
Jun-2026,40267149,1723
Jun-2026,40283253,1723
Jun-2026,40254735,1722
Jun-2026,40266523,1722
Jun-2026,40258086,1721
Jun-2026,40264281,1721
Jun-2026,40282543,1720
Jun-2026,40258190,1719
Jun-2026,40259223,1719
Jun-2026,40269368,1718
Jun-2026,40288639,1718
Jun-2026,40259068,1717
Jun-2026,40270180,1717
Jun-2026,40274487,1717
Jun-2026,40282002,1717
Jun-2026,40284103,1717
Jun-2026,40265407,1716
Jun-2026,40287677,1716
Jun-2026,40257211,1715
Jun-2026,40276638,1715
Jun-2026,40283007,1715
Jun-2026,40286199,1715
Jun-2026,40276513,1714
Jun-2026,40278482,1714
Jun-2026,40285924,1711
Jun-2026,40267097,1710
Jun-2026,40283211,1710
Jun-2026,40274395,1709
Jun-2026,40284370,1708
Jun-2026,40262093,1707
Jun-2026,40269563,1707
Jun-2026,40282718,1707
Jun-2026,40273072,1706
Jun-2026,40285719,1706
Jun-2026,40265061,1705
Jun-2026,40267766,1705
Jun-2026,40257958,1704
Jun-2026,40271356,1704
Jun-2026,40282117,1704
Jun-2026,40255417,1703
Jun-2026,40259015,1703
Jun-2026,40259263,1703
Jun-2026,40272917,1703
Jun-2026,40279848,1703
Jun-2026,40257061,1702
Jun-2026,40266374,1702
Jun-2026,40278951,1702
Jun-2026,40281185,1702
Jun-2026,40273659,1701
Jun-2026,40276018,1701
Jun-2026,40284305,1701
Jun-2026,40256656,1700
Jun-2026,40271915,1699
Jun-2026,40259669,1698
Jun-2026,40272303,1698
Jun-2026,40281639,1698
Jun-2026,40282135,1698
Jun-2026,40283103,1698
Jun-2026,40289086,1698
Jun-2026,40259084,1697
Jun-2026,40274795,1697
Jun-2026,40261926,1696
Jun-2026,40269749,1696
Jun-2026,40280771,1696
Jun-2026,40282128,1696
Jun-2026,40265970,1695
Jun-2026,40266002,1695
Jun-2026,40270567,1695
Jun-2026,40286240,1695
Jun-2026,40289965,1695
Jun-2026,40278236,1694
Jun-2026,40284488,1694
Jun-2026,40264020,1693
Jun-2026,40268740,1693
Jun-2026,40282662,1692
Jun-2026,40262328,1691
Jun-2026,40267626,1691
Jun-2026,40270082,1691
Jun-2026,40265580,1690
Jun-2026,40275402,1690
Jun-2026,40269404,1689
Jun-2026,40272982,1689
Jun-2026,20920129,1688
Jun-2026,40257847,1688
Jun-2026,40263002,1687
Jun-2026,40266815,1687
Jun-2026,40287287,1687
Jun-2026,40265589,1686
Jun-2026,40273007,1686
Jun-2026,40259569,1685
Jun-2026,40286556,1685
Jun-2026,40287716,1685
Jun-2026,40289578,1685
Jun-2026,40259324,1683
Jun-2026,40285882,1683
Jun-2026,40273359,1682
Jun-2026,40277668,1682
Jun-2026,40273525,1681
Jun-2026,40278114,1681
Jun-2026,40259359,1680
Jun-2026,40260935,1680
Jun-2026,40277336,1680
Jun-2026,40287098,1679
Jun-2026,40054819,1677
Jun-2026,40260889,1677
Jun-2026,40272311,1677
Jun-2026,40284614,1677
Jun-2026,40259877,1676
Jun-2026,40266962,1676
Jun-2026,40274279,1676
Jun-2026,40281326,1676
Jun-2026,40282955,1676
Jun-2026,40285214,1676
Jun-2026,40262469,1673
Jun-2026,40263368,1673
Jun-2026,40270943,1673
Jun-2026,40265231,1672
Jun-2026,40269308,1672
Jun-2026,40281916,1672
Jun-2026,40283110,1671
Jun-2026,40288628,1671
Jun-2026,40254034,1670
Jun-2026,40268073,1670
Jun-2026,40269565,1670
Jun-2026,40273030,1670
Jun-2026,40256008,1669
Jun-2026,40263032,1669
Jun-2026,40267316,1668
Jun-2026,40279618,1668
Jun-2026,40259525,1666
Jun-2026,40279289,1666
Jun-2026,40281211,1666
Jun-2026,40286543,1666
Jun-2026,40269356,1664
Jun-2026,40273368,1664
Jun-2026,40278234,1664
Jun-2026,40281149,1664
Jun-2026,40257198,1663
Jun-2026,40268932,1663
Jun-2026,40281731,1663
Jun-2026,40285441,1663
Jun-2026,40262468,1662
Jun-2026,40268834,1662
Jun-2026,40259463,1661
Jun-2026,40274215,1660
Jun-2026,40279636,1660
Jun-2026,40271429,1659
Jun-2026,40262085,1658
Jun-2026,40274721,1657
Jun-2026,40274992,1657
Jun-2026,40053610,1656
Jun-2026,40257830,1656
Jun-2026,40280547,1656
Jun-2026,40280668,1656
Jun-2026,40288940,1656
Jun-2026,40264209,1655
Jun-2026,40274297,1655
Jun-2026,40264908,1654
Jun-2026,40270841,1654
Jun-2026,40274937,1654
Jun-2026,40281159,1654
Jun-2026,40256570,1653
Jun-2026,40285336,1653
Jun-2026,40267001,1652
Jun-2026,40268331,1651
Jun-2026,40281594,1651
Jun-2026,40259337,1650
Jun-2026,40262946,1650
Jun-2026,40278048,1650
Jun-2026,40260232,1649
Jun-2026,40270777,1649
Jun-2026,40279639,1649
Jun-2026,40266077,1648
Jun-2026,40275937,1648
Jun-2026,40281912,1648
Jun-2026,40274639,1647
Jun-2026,40278169,1647
Jun-2026,40282160,1647
Jun-2026,40283728,1647
Jun-2026,40268772,1646
Jun-2026,40254964,1645
Jun-2026,40279834,1644
Jun-2026,40284615,1644
Jun-2026,40273502,1643
Jun-2026,40284843,1643
Jun-2026,40269811,1642
Jun-2026,40283386,1642
Jun-2026,40268390,1641
Jun-2026,40268454,1641
Jun-2026,40280315,1641
Jun-2026,40267231,1638
Jun-2026,40277953,1638
Jun-2026,40272200,1637
Jun-2026,40272318,1637
Jun-2026,40258695,1636
Jun-2026,40277243,1636
Jun-2026,40289325,1636
Jun-2026,40271297,1635
Jun-2026,40287816,1635
Jun-2026,40268120,1634
Jun-2026,40271209,1634
Jun-2026,40277008,1634
Jun-2026,40278085,1634
Jun-2026,40286947,1634
Jun-2026,40267920,1633
Jun-2026,40271670,1632
Jun-2026,40253807,1631
Jun-2026,40275164,1630
Jun-2026,40261517,1629
Jun-2026,40265420,1629
Jun-2026,40268664,1629
Jun-2026,40274978,1629
Jun-2026,40259652,1628
Jun-2026,40262303,1628
Jun-2026,40275329,1627
Jun-2026,40258895,1626
Jun-2026,40277377,1626
Jun-2026,40279227,1626
Jun-2026,40283541,1626
Jun-2026,40268216,1625
Jun-2026,40273300,1625
Jun-2026,40282673,1624
Jun-2026,40286467,1624
Jun-2026,40287700,1623
Jun-2026,40289351,1622
Jun-2026,40285073,1621
Jun-2026,40255188,1620
Jun-2026,40260972,1620
Jun-2026,40272520,1620
Jun-2026,40276285,1620
Jun-2026,40259781,1619
Jun-2026,40262699,1619
Jun-2026,40264397,1619
Jun-2026,40276066,1619
Jun-2026,40276698,1619
Jun-2026,40257037,1618
Jun-2026,40263456,1618
Jun-2026,40257786,1617
Jun-2026,40271055,1617
Jun-2026,40271454,1617
Jun-2026,40278190,1617
Jun-2026,40264905,1616
Jun-2026,40278428,1616
Jun-2026,40262473,1615
Jun-2026,40278329,1615
Jun-2026,40287877,1615
Jun-2026,40288657,1615
Jun-2026,40261093,1614
Jun-2026,40262031,1614
Jun-2026,40277903,1614
Jun-2026,40258781,1613
Jun-2026,40262020,1613
Jun-2026,40271768,1613
Jun-2026,40283834,1613
Jun-2026,40261555,1612
Jun-2026,40262300,1612
Jun-2026,40262313,1612
Jun-2026,40269247,1612
Jun-2026,40271925,1612
Jun-2026,40273433,1612
Jun-2026,40283295,1612
Jun-2026,40286354,1611
Jun-2026,40279670,1610
Jun-2026,40261761,1609
Jun-2026,40270790,1609
Jun-2026,40272616,1609
Jun-2026,40259230,1608
Jun-2026,40259735,1608
Jun-2026,40261295,1608
Jun-2026,40265325,1608
Jun-2026,40280137,1608
Jun-2026,40285139,1608
Jun-2026,40275701,1607
Jun-2026,40290071,1607
Jun-2026,40268813,1606
Jun-2026,40271926,1606
Jun-2026,40263955,1605
Jun-2026,40262368,1604
Jun-2026,40286106,1604
Jun-2026,40290242,1604
Jun-2026,40264316,1603
Jun-2026,40264538,1603
Jun-2026,40278022,1603
Jun-2026,40271895,1602
Jun-2026,40267913,1601
Jun-2026,40263685,1600
Jun-2026,40253788,1599
Jun-2026,40263820,1599
Jun-2026,40277123,1599
Jun-2026,40279777,1599
Jun-2026,40281931,1599
Jun-2026,40287589,1599
Jun-2026,40270666,1597
Jun-2026,40278810,1597
Jun-2026,40279359,1597
Jun-2026,40283923,1597
Jun-2026,40279343,1596
Jun-2026,40285068,1595
Jun-2026,40288052,1595
Jun-2026,40274651,1594
Jun-2026,40280035,1594
Jun-2026,40283593,1594
Jun-2026,40259059,1592
Jun-2026,40285711,1592
Jun-2026,40289526,1592
Jun-2026,40278358,1591
Jun-2026,40283061,1591
Jun-2026,40284223,1591
Jun-2026,40261958,1590
Jun-2026,40264680,1589
Jun-2026,40256435,1588
Jun-2026,40272374,1588
Jun-2026,40276772,1588
Jun-2026,40285380,1588
Jun-2026,40253257,1587
Jun-2026,40259111,1587
Jun-2026,40263672,1587
Jun-2026,40270566,1587
Jun-2026,40271919,1587
Jun-2026,40273698,1587
Jun-2026,40274231,1587
Jun-2026,40276791,1587
Jun-2026,40278027,1587
Jun-2026,40259663,1585
Jun-2026,40271197,1585
Jun-2026,40280870,1584
Jun-2026,40226580,1583
Jun-2026,40258430,1583
Jun-2026,40278839,1583
Jun-2026,40284448,1583
Jun-2026,40268283,1582
Jun-2026,40279223,1582
Jun-2026,40261732,1581
Jun-2026,40262618,1579
Jun-2026,40259227,1578
Jun-2026,40275314,1578
Jun-2026,40288452,1578
Jun-2026,40273561,1577
Jun-2026,40275597,1577
Jun-2026,40279502,1577
Jun-2026,40282604,1577
Jun-2026,40258765,1576
Jun-2026,40261129,1576
Jun-2026,40287016,1576
Jun-2026,40262503,1575
Jun-2026,40258786,1574
Jun-2026,40278817,1574
Jun-2026,40280707,1574
Jun-2026,40269732,1573
Jun-2026,40269986,1573
Jun-2026,40276956,1573
Jun-2026,40263454,1572
Jun-2026,40266674,1572
Jun-2026,40267108,1571
Jun-2026,40264674,1569
Jun-2026,40276082,1569
Jun-2026,40278729,1569
Jun-2026,40288467,1569
Jun-2026,40280381,1568
Jun-2026,40282028,1568
Jun-2026,40273486,1567
Jun-2026,40282113,1567
Jun-2026,40285319,1567
Jun-2026,40287857,1567
Jun-2026,40262538,1566
Jun-2026,40263734,1566
Jun-2026,40262421,1565
Jun-2026,40270337,1565
Jun-2026,40287626,1565
Jun-2026,40286544,1564
Jun-2026,40275205,1563
Jun-2026,40277276,1563
Jun-2026,40285992,1563
Jun-2026,40278488,1562
Jun-2026,40284558,1562
Jun-2026,40288705,1562
Jun-2026,40261938,1561
Jun-2026,40274444,1561
Jun-2026,40274513,1561
Jun-2026,22971675,1559
Jun-2026,40258381,1559
Jun-2026,40279417,1559
Jun-2026,40283914,1559
Jun-2026,40261064,1558
Jun-2026,40262871,1558
Jun-2026,40283933,1558
Jun-2026,40287291,1558
Jun-2026,40268994,1557
Jun-2026,40272757,1557
Jun-2026,40284335,1557
Jun-2026,40275366,1556
Jun-2026,40278876,1556
Jun-2026,40256690,1555
Jun-2026,40265947,1555
Jun-2026,40279576,1555
Jun-2026,40279034,1554
Jun-2026,40284946,1554
Jun-2026,40256802,1552
Jun-2026,40265976,1552
Jun-2026,40287304,1552
Jun-2026,40268596,1551
Jun-2026,40274686,1551
Jun-2026,40280309,1551
Jun-2026,40290412,1551
Jun-2026,40259385,1550
Jun-2026,40263373,1549
Jun-2026,40260491,1548
Jun-2026,23773809,1547
Jun-2026,40251549,1547
Jun-2026,40262439,1547
Jun-2026,40271288,1547
Jun-2026,40265902,1546
Jun-2026,40270785,1546
Jun-2026,40284086,1546
Jun-2026,40269182,1545
Jun-2026,40278090,1545
Jun-2026,40279569,1545
Jun-2026,40266738,1544
Jun-2026,40265028,1543
Jun-2026,40265220,1543
Jun-2026,40267850,1543
Jun-2026,40273451,1543
Jun-2026,40276432,1543
Jun-2026,40283471,1543
Jun-2026,40271627,1541
Jun-2026,40289183,1541
Jun-2026,40268553,1540
Jun-2026,40286364,1540
Jun-2026,40252986,1539
Jun-2026,40253470,1539
Jun-2026,40259369,1539
Jun-2026,40269479,1539
Jun-2026,40279203,1539
Jun-2026,40280788,1539
Jun-2026,40289078,1539
Jun-2026,40263479,1538
Jun-2026,40266261,1538
Jun-2026,40268488,1538
Jun-2026,40287753,1538
Jun-2026,40260183,1537
Jun-2026,40275325,1537
Jun-2026,40278598,1537
Jun-2026,40289036,1536
Jun-2026,40285288,1535
Jun-2026,40265464,1534
Jun-2026,40277548,1534
Jun-2026,40286844,1534
Jun-2026,40264617,1533
Jun-2026,40272232,1533
Jun-2026,40281218,1533
Jun-2026,40283457,1533
Jun-2026,21316642,1531
Jun-2026,40277072,1531
Jun-2026,40286190,1530
Jun-2026,40280141,1529
Jun-2026,40288064,1529
Jun-2026,40264560,1528
Jun-2026,40277218,1528
Jun-2026,40280345,1528
Jun-2026,40285853,1528
Jun-2026,40286499,1528
Jun-2026,40286888,1528
Jun-2026,40288520,1528
Jun-2026,40256584,1527
Jun-2026,40270505,1527
Jun-2026,40282146,1527
Jun-2026,40260819,1526
Jun-2026,40262029,1525
Jun-2026,40283739,1525
Jun-2026,40261142,1524
Jun-2026,40264518,1524
Jun-2026,40282783,1524
Jun-2026,40285540,1524
Jun-2026,40288928,1524
Jun-2026,40280143,1523
Jun-2026,40271594,1522
Jun-2026,40289142,1522
Jun-2026,40259093,1521
Jun-2026,40278503,1521
Jun-2026,40263010,1520
Jun-2026,40265035,1520
Jun-2026,40272864,1520
Jun-2026,40281442,1520
Jun-2026,40271511,1519
Jun-2026,40276224,1519
Jun-2026,40285408,1519
Jun-2026,40271639,1518
Jun-2026,40275672,1518
Jun-2026,40261186,1517
Jun-2026,40261434,1517
Jun-2026,40287387,1517
Jun-2026,40267798,1516
Jun-2026,40255087,1514
Jun-2026,40281513,1514
Jun-2026,40288865,1514
Jun-2026,40257495,1513
Jun-2026,40262818,1513
Jun-2026,40267702,1513
Jun-2026,40285220,1513
Jun-2026,40277203,1512
Jun-2026,40282157,1512
Jun-2026,40289204,1512
Jun-2026,40285326,1510
Jun-2026,40287385,1510
Jun-2026,40262012,1509
Jun-2026,40263730,1509
Jun-2026,40267173,1509
Jun-2026,40277826,1508
Jun-2026,40279495,1508
Jun-2026,40278001,1507
Jun-2026,40262471,1504
Jun-2026,40270005,1504
Jun-2026,40282605,1504
Jun-2026,40273119,1503
Jun-2026,40279927,1502
Jun-2026,40284247,1502
Jun-2026,40284827,1502
Jun-2026,40266287,1501
Jun-2026,40276490,1501
Jun-2026,40275388,1500
Jun-2026,40279290,1499
Jun-2026,40286967,1499
Jun-2026,40269962,1498
Jun-2026,40274631,1498
Jun-2026,40276919,1498
Jun-2026,40261086,1497
Jun-2026,40273697,1497
Jun-2026,40275610,1497
Jun-2026,40279164,1497
Jun-2026,40280518,1497
Jun-2026,40285528,1497
Jun-2026,40287663,1496
Jun-2026,40286465,1495
Jun-2026,40252525,1494
Jun-2026,40273573,1494
Jun-2026,40275851,1494
Jun-2026,40278614,1494
Jun-2026,40285483,1494
Jun-2026,40255280,1493
Jun-2026,40260838,1493
Jun-2026,40261746,1493
Jun-2026,40274766,1493
Jun-2026,40281095,1492
Jun-2026,40260073,1491
Jun-2026,40269611,1491
Jun-2026,40287581,1491
Jun-2026,40288630,1491
Jun-2026,40273053,1490
Jun-2026,40268723,1488
Jun-2026,40288560,1488
Jun-2026,40264528,1487
Jun-2026,40279382,1486
Jun-2026,40281144,1486
Jun-2026,40282184,1486
Jun-2026,40289379,1486
Jun-2026,40269389,1485
Jun-2026,40278487,1485
Jun-2026,40256673,1484
Jun-2026,40264586,1484
Jun-2026,40277778,1484
Jun-2026,40268428,1483
Jun-2026,40279370,1483
Jun-2026,40280059,1483
Jun-2026,40281757,1483
Jun-2026,40275296,1482
Jun-2026,40290167,1482
Jun-2026,40265548,1481
Jun-2026,40272911,1481
Jun-2026,40259222,1480
Jun-2026,40272568,1480
Jun-2026,40283972,1480
Jun-2026,40286255,1480
Jun-2026,40287136,1480
Jun-2026,40288494,1480
Jun-2026,40271643,1479
Jun-2026,40282341,1479
Jun-2026,40288626,1478
Jun-2026,40272075,1477
Jun-2026,40277152,1477
Jun-2026,40278119,1477
Jun-2026,40255304,1476
Jun-2026,40271834,1475
Jun-2026,40261847,1474
Jun-2026,40272699,1474
Jun-2026,40260445,1473
Jun-2026,40275631,1472
Jun-2026,40279247,1472
Jun-2026,40281773,1472
Jun-2026,40268668,1471
Jun-2026,40280669,1471
Jun-2026,40287894,1471
Jun-2026,40260891,1470
Jun-2026,40279924,1470
Jun-2026,40282808,1470
Jun-2026,40262887,1469
Jun-2026,40284410,1469
Jun-2026,40288268,1468
Jun-2026,40264284,1467
Jun-2026,40269683,1467
Jun-2026,40259214,1466
Jun-2026,40285168,1466
Jun-2026,40267046,1465
Jun-2026,40275283,1465
Jun-2026,40286559,1465
Jun-2026,40274150,1464
Jun-2026,40289566,1464
Jun-2026,40289602,1464
Jun-2026,40284011,1463
Jun-2026,40284996,1463
Jun-2026,40286578,1463
Jun-2026,40257011,1462
Jun-2026,40264389,1462
Jun-2026,40265004,1462
Jun-2026,40273645,1462
Jun-2026,40280569,1462
Jun-2026,40281181,1462
Jun-2026,40279045,1461
Jun-2026,40283465,1461
Jun-2026,40259237,1460
Jun-2026,40264163,1460
Jun-2026,40266441,1460
Jun-2026,40259107,1459
Jun-2026,40278364,1459
Jun-2026,40285469,1459
Jun-2026,40285852,1459
Jun-2026,40288326,1458
Jun-2026,40287023,1457
Jun-2026,40274682,1456
Jun-2026,40280684,1456
Jun-2026,40283833,1456
Jun-2026,40278296,1455
Jun-2026,40278297,1455
Jun-2026,40261527,1454
Jun-2026,40261935,1454
Jun-2026,40272586,1454
Jun-2026,40280882,1454
Jun-2026,40284314,1454
Jun-2026,40273565,1453
Jun-2026,40288409,1452
Jun-2026,40288773,1452
Jun-2026,23567030,1451
Jun-2026,40281050,1451
Jun-2026,40275363,1450
Jun-2026,40272714,1448
Jun-2026,40276233,1448
Jun-2026,40278828,1448
Jun-2026,40289016,1448
Jun-2026,40266948,1447
Jun-2026,40271832,1447
Jun-2026,40275317,1447
Jun-2026,40257156,1446
Jun-2026,40277212,1446
Jun-2026,40284150,1446
Jun-2026,40258304,1445
Jun-2026,40259508,1445
Jun-2026,40259932,1445
Jun-2026,40264192,1445
Jun-2026,40268169,1445
Jun-2026,40276673,1445
Jun-2026,40288264,1444
Jun-2026,40257007,1442
Jun-2026,40264203,1442
Jun-2026,40268789,1442
Jun-2026,40277370,1442
Jun-2026,40288582,1442
Jun-2026,40260348,1441
Jun-2026,40273348,1441
Jun-2026,40275605,1441
Jun-2026,40280460,1441
Jun-2026,40284555,1441
Jun-2026,40252920,1440
Jun-2026,40262117,1440
Jun-2026,40263334,1440
Jun-2026,40271324,1440
Jun-2026,40279895,1440
Jun-2026,40280570,1440
Jun-2026,40228104,1439
Jun-2026,40252613,1439
Jun-2026,40259843,1439
Jun-2026,40260150,1439
Jun-2026,40262161,1439
Jun-2026,40278898,1439
Jun-2026,40289903,1439
Jun-2026,40255424,1438
Jun-2026,40274908,1438
Jun-2026,40285877,1438
Jun-2026,40268463,1437
Jun-2026,40271776,1437
Jun-2026,21730000,1435
Jun-2026,40274232,1433
Jun-2026,40288768,1433
Jun-2026,40285296,1432
Jun-2026,40272669,1431
Jun-2026,40278460,1431
Jun-2026,40269778,1430
Jun-2026,40274427,1430
Jun-2026,40259784,1429
Jun-2026,40256398,1428
Jun-2026,40266911,1428
Jun-2026,40276112,1428
Jun-2026,40253467,1427
Jun-2026,40263315,1427
Jun-2026,40281839,1427
Jun-2026,40284575,1427
Jun-2026,40265853,1426
Jun-2026,40269335,1426
Jun-2026,40278948,1426
Jun-2026,40270836,1425
Jun-2026,40275790,1425
Jun-2026,23611125,1424
Jun-2026,40254559,1424
Jun-2026,40270074,1424
Jun-2026,40286489,1424
Jun-2026,40286575,1424
Jun-2026,40267821,1423
Jun-2026,40275914,1423
Jun-2026,40277553,1423
Jun-2026,40286165,1423
Jun-2026,40287412,1423
Jun-2026,40266095,1422
Jun-2026,40276532,1422
Jun-2026,40278332,1422
Jun-2026,40286726,1422
Jun-2026,40290325,1422
Jun-2026,40283557,1421
Jun-2026,40288241,1420
Jun-2026,40256110,1419
Jun-2026,40271784,1419
Jun-2026,40266323,1418
Jun-2026,40286830,1418
Jun-2026,40258871,1417
Jun-2026,40263422,1417
Jun-2026,40265874,1417
Jun-2026,40271557,1417
Jun-2026,40278102,1417
Jun-2026,40288481,1417
Jun-2026,40261545,1416
Jun-2026,40268016,1416
Jun-2026,40279463,1416
Jun-2026,40282331,1416
Jun-2026,40258325,1415
Jun-2026,40260718,1415
Jun-2026,40287517,1415
Jun-2026,40285722,1414
Jun-2026,40286029,1414
Jun-2026,40289210,1414
Jun-2026,40256555,1412
Jun-2026,40267667,1412
Jun-2026,40273903,1412
Jun-2026,40288065,1412
Jun-2026,40259757,1411
Jun-2026,40274635,1411
Jun-2026,40282788,1411
Jun-2026,40271289,1410
Jun-2026,40272816,1410
Jun-2026,40279724,1410
Jun-2026,40250213,1409
Jun-2026,40265957,1409
Jun-2026,40275411,1409
Jun-2026,40286424,1409
Jun-2026,40258773,1408
Jun-2026,40266817,1408
Jun-2026,40268183,1408
Jun-2026,40270787,1408
Jun-2026,40285466,1408
Jun-2026,40285530,1408
Jun-2026,40239027,1407
Jun-2026,40255512,1407
Jun-2026,40265571,1407
Jun-2026,40258731,1406
Jun-2026,40258881,1406
Jun-2026,40265629,1406
Jun-2026,40283177,1406
Jun-2026,40260679,1405
Jun-2026,40273668,1405
Jun-2026,40255565,1404
Jun-2026,40269948,1403
Jun-2026,40285607,1403
Jun-2026,40289222,1403
Jun-2026,40256965,1402
Jun-2026,40258830,1402
Jun-2026,40259755,1402
Jun-2026,40281467,1402
Jun-2026,40260136,1401
Jun-2026,40262963,1401
Jun-2026,40268391,1401
Jun-2026,40273850,1401
Jun-2026,40274485,1401
Jun-2026,40289517,1401
Jun-2026,40258045,1400
Jun-2026,40261285,1400
Jun-2026,40265253,1400
Jun-2026,40265270,1400
Jun-2026,40268334,1400
Jun-2026,40271535,1400
Jun-2026,40271988,1400
Jun-2026,40274552,1400
Jun-2026,40283270,1400
Jun-2026,40273889,1399
Jun-2026,40263332,1398
Jun-2026,40269862,1398
Jun-2026,40275297,1398
Jun-2026,40281586,1398
Jun-2026,40282874,1398
Jun-2026,40283819,1398
Jun-2026,40275735,1397
Jun-2026,40258692,1396
Jun-2026,40259501,1395
Jun-2026,40266734,1395
Jun-2026,40272248,1395
Jun-2026,40281297,1395
Jun-2026,40282964,1395
Jun-2026,40276187,1394
Jun-2026,40286978,1394
Jun-2026,40260518,1393
Jun-2026,40268542,1393
Jun-2026,40275220,1393
Jun-2026,40275709,1392
Jun-2026,40253756,1391
Jun-2026,40255500,1391
Jun-2026,40271063,1391
Jun-2026,40259734,1390
Jun-2026,40262902,1390
Jun-2026,40288146,1390
Jun-2026,40268860,1389
Jun-2026,40271321,1389
Jun-2026,40259038,1388
Jun-2026,40278621,1388
Jun-2026,40281032,1388
Jun-2026,40281759,1388
Jun-2026,40282852,1388
Jun-2026,40263995,1387
Jun-2026,40277770,1387
Jun-2026,40286385,1387
Jun-2026,40265465,1386
Jun-2026,40281908,1386
Jun-2026,40283028,1386
Jun-2026,40284652,1386
Jun-2026,40288418,1386
Jun-2026,40260954,1385
Jun-2026,40275037,1384
Jun-2026,40279141,1384
Jun-2026,40262660,1383
Jun-2026,40285267,1383
Jun-2026,40266242,1382
Jun-2026,40277679,1382
Jun-2026,40287575,1382
Jun-2026,40289815,1382
Jun-2026,40290479,1382
Jun-2026,40258074,1381
Jun-2026,40271721,1381
Jun-2026,40279231,1381
Jun-2026,40274789,1380
Jun-2026,40279746,1380
Jun-2026,40282411,1380
Jun-2026,40289932,1380
Jun-2026,40265291,1379
Jun-2026,40274028,1379
Jun-2026,40258546,1378
Jun-2026,40268765,1378
Jun-2026,40277483,1378
Jun-2026,40277399,1377
Jun-2026,40284990,1377
Jun-2026,40288390,1377
Jun-2026,40288762,1377
Jun-2026,40257965,1376
Jun-2026,40287501,1376
Jun-2026,40263471,1375
Jun-2026,40267936,1375
Jun-2026,40275413,1375
Jun-2026,40283998,1375
Jun-2026,40260127,1374
Jun-2026,40261165,1374
Jun-2026,40262650,1374
Jun-2026,40270414,1374
Jun-2026,40263357,1373
Jun-2026,40278891,1373
Jun-2026,40287597,1372
Jun-2026,40259616,1371
Jun-2026,40278147,1371
Jun-2026,40263309,1370
Jun-2026,40276300,1370
Jun-2026,40276821,1370
Jun-2026,40260324,1369
Jun-2026,40279864,1369
Jun-2026,40285677,1369
Jun-2026,40269659,1368
Jun-2026,40280307,1368
Jun-2026,40282061,1368
Jun-2026,40259362,1367
Jun-2026,40261791,1367
Jun-2026,40255281,1366
Jun-2026,40270874,1366
Jun-2026,40284728,1366
Jun-2026,40289299,1366
Jun-2026,40253733,1365
Jun-2026,40264232,1365
Jun-2026,40273494,1365
Jun-2026,40274267,1365
Jun-2026,40276731,1365
Jun-2026,40267838,1364
Jun-2026,40274839,1364
Jun-2026,40278185,1364
Jun-2026,40288966,1364
Jun-2026,40289139,1364
Jun-2026,40272822,1363
Jun-2026,40277306,1363
Jun-2026,40284130,1363
Jun-2026,40255406,1362
Jun-2026,40260821,1362
Jun-2026,40266916,1360
Jun-2026,40267758,1360
Jun-2026,40281060,1360
Jun-2026,40287315,1360
Jun-2026,40271434,1359
Jun-2026,40275060,1359
Jun-2026,40287106,1359
Jun-2026,40258398,1358
Jun-2026,40277724,1358
Jun-2026,40261247,1357
Jun-2026,40264577,1357
Jun-2026,40266750,1357
Jun-2026,40277438,1357
Jun-2026,40272013,1356
Jun-2026,40274397,1356
Jun-2026,40283726,1356
Jun-2026,40289797,1356
Jun-2026,40287001,1355
Jun-2026,40269197,1354
Jun-2026,40280414,1354
Jun-2026,40258807,1353
Jun-2026,40275958,1353
Jun-2026,40287940,1353
Jun-2026,40289114,1353
Jun-2026,40263305,1352
Jun-2026,40272041,1352
Jun-2026,40272852,1352
Jun-2026,40283683,1352
Jun-2026,40288771,1352
Jun-2026,23614212,1351
Jun-2026,40259400,1351
Jun-2026,40281322,1351
Jun-2026,40264028,1350
Jun-2026,40252124,1349
Jun-2026,40258930,1349
Jun-2026,40288566,1349
Jun-2026,40267217,1348
Jun-2026,40251389,1346
Jun-2026,40274112,1345
Jun-2026,40279339,1345
Jun-2026,40265478,1344
Jun-2026,40266997,1344
Jun-2026,40287691,1344
Jun-2026,40258923,1343
Jun-2026,40263180,1343
Jun-2026,40272225,1343
Jun-2026,40278875,1343
Jun-2026,40257665,1342
Jun-2026,40278665,1342
Jun-2026,40278880,1342
Jun-2026,40282705,1342
Jun-2026,40286603,1342
Jun-2026,40288841,1342
Jun-2026,40271433,1341
Jun-2026,40252498,1340
Jun-2026,40272001,1340
Jun-2026,40281672,1340
Jun-2026,40284326,1340
Jun-2026,40284506,1339
Jun-2026,40285351,1339
Jun-2026,40263282,1338
Jun-2026,40276599,1338
Jun-2026,40274814,1337
Jun-2026,40282066,1337
Jun-2026,40262844,1336
Jun-2026,40267028,1336
Jun-2026,40274309,1336
Jun-2026,40276991,1336
Jun-2026,40279432,1336
Jun-2026,40256459,1335
Jun-2026,40270905,1335
Jun-2026,40272854,1335
Jun-2026,40274554,1335
Jun-2026,40279617,1335
Jun-2026,40285443,1335
Jun-2026,40265670,1334
Jun-2026,40269275,1334
Jun-2026,40274550,1334
Jun-2026,40274997,1334
Jun-2026,40263465,1333
Jun-2026,40260678,1332
Jun-2026,40271260,1332
Jun-2026,40275807,1332
Jun-2026,40266650,1331
Jun-2026,40268483,1331
Jun-2026,40270113,1331
Jun-2026,40265641,1330
Jun-2026,40266027,1330
Jun-2026,40281983,1330
Jun-2026,40287307,1330
Jun-2026,40260865,1329
Jun-2026,40271908,1329
Jun-2026,40277536,1329
Jun-2026,40254324,1328
Jun-2026,40266527,1328
Jun-2026,40283948,1328
Jun-2026,40264934,1327
Jun-2026,40266391,1327
Jun-2026,40270304,1327
Jun-2026,40278838,1327
Jun-2026,40286944,1327
Jun-2026,40287326,1327
Jun-2026,40289421,1327
Jun-2026,40267651,1326
Jun-2026,40272332,1326
Jun-2026,40272648,1326
Jun-2026,40275960,1326
Jun-2026,40262428,1325
Jun-2026,40262529,1325
Jun-2026,40264592,1325
Jun-2026,40279509,1325
Jun-2026,40282387,1325
Jun-2026,40263274,1324
Jun-2026,40284525,1324
Jun-2026,40276217,1323
Jun-2026,40286341,1323
Jun-2026,40267299,1322
Jun-2026,40282174,1322
Jun-2026,40264118,1320
Jun-2026,40284008,1320
Jun-2026,40261362,1319
Jun-2026,40268583,1319
Jun-2026,40270296,1319
Jun-2026,40277018,1319
Jun-2026,40279006,1319
Jun-2026,40256062,1318
Jun-2026,40262264,1318
Jun-2026,40263185,1318
Jun-2026,40271901,1318
Jun-2026,40262292,1317
Jun-2026,40267271,1317
Jun-2026,40282445,1317
Jun-2026,40282380,1316
Jun-2026,40271482,1315
Jun-2026,40256368,1314
Jun-2026,40265330,1314
Jun-2026,40265444,1314
Jun-2026,40267021,1314
Jun-2026,40276841,1314
Jun-2026,40287928,1314
Jun-2026,40256166,1313
Jun-2026,40256797,1312
Jun-2026,40285796,1312
Jun-2026,40287570,1312
Jun-2026,40287655,1312
Jun-2026,40279534,1311
Jun-2026,40274638,1310
Jun-2026,40275022,1310
Jun-2026,40283275,1310
Jun-2026,40285260,1310
Jun-2026,40275034,1309
Jun-2026,40275984,1309
Jun-2026,40282342,1309
Jun-2026,40283784,1309
Jun-2026,40256380,1308
Jun-2026,40258071,1308
Jun-2026,40285670,1308
Jun-2026,40259675,1307
Jun-2026,40262082,1307
Jun-2026,40273097,1307
Jun-2026,40264696,1306
Jun-2026,40268207,1306
Jun-2026,40270698,1306
Jun-2026,40273986,1306
Jun-2026,40281971,1306
Jun-2026,40256634,1305
Jun-2026,40257789,1305
Jun-2026,40258769,1305
Jun-2026,40262134,1305
Jun-2026,40287754,1305
Jun-2026,40288634,1305
Jun-2026,40288781,1305
Jun-2026,40257234,1304
Jun-2026,40272342,1304
Jun-2026,40274407,1304
Jun-2026,40284300,1304
Jun-2026,40264523,1303
Jun-2026,40268752,1302
Jun-2026,40273091,1302
Jun-2026,40279119,1302
Jun-2026,40284136,1302
Jun-2026,40259396,1301
Jun-2026,40261168,1301
Jun-2026,40261396,1301
Jun-2026,40282181,1301
Jun-2026,40287614,1301
Jun-2026,40270486,1300
Jun-2026,40267259,1299
Jun-2026,40271828,1299
Jun-2026,40281365,1299
Jun-2026,40286493,1299
Jun-2026,40265887,1298
Jun-2026,40269116,1298
Jun-2026,40274155,1298
Jun-2026,40290130,1298
Jun-2026,40255205,1297
Jun-2026,40258942,1297
Jun-2026,40272545,1297
Jun-2026,40283273,1297
Jun-2026,40261406,1296
Jun-2026,40282627,1296
Jun-2026,40286108,1296
Jun-2026,40287576,1296
Jun-2026,40261718,1295
Jun-2026,40262765,1295
Jun-2026,40268179,1295
Jun-2026,40286483,1295
Jun-2026,40261873,1294
Jun-2026,40268030,1294
Jun-2026,40278534,1294
Jun-2026,40288823,1294
Jun-2026,40267184,1293
Jun-2026,40264425,1292
Jun-2026,40253417,1291
Jun-2026,40272176,1290
Jun-2026,40273651,1290
Jun-2026,40266377,1289
Jun-2026,40281416,1289
Jun-2026,40244862,1288
Jun-2026,40255081,1288
Jun-2026,40275572,1288
Jun-2026,40284017,1288
Jun-2026,40275188,1287
Jun-2026,40283488,1287
Jun-2026,40286034,1287
Jun-2026,40279478,1285
Jun-2026,40261303,1284
Jun-2026,40261937,1284
Jun-2026,40274239,1284
Jun-2026,40280159,1284
Jun-2026,40270674,1283
Jun-2026,40273375,1283
Jun-2026,40289609,1283
Jun-2026,40262655,1282
Jun-2026,40250306,1281
Jun-2026,40259633,1281
Jun-2026,40261931,1281
Jun-2026,40268257,1281
Jun-2026,40268278,1281
Jun-2026,40276130,1281
Jun-2026,40274442,1280
Jun-2026,40276804,1280
Jun-2026,40278567,1280
Jun-2026,40282892,1280
Jun-2026,40288482,1280
Jun-2026,40289844,1280
Jun-2026,40264222,1279
Jun-2026,40267799,1279
Jun-2026,40279631,1279
Jun-2026,40280641,1279
Jun-2026,40281648,1279
Jun-2026,40288533,1279
Jun-2026,40289339,1279
Jun-2026,40263618,1278
Jun-2026,40278905,1278
Jun-2026,40289030,1278
Jun-2026,40266667,1276
Jun-2026,40271700,1276
Jun-2026,40265128,1275
Jun-2026,40265880,1275
Jun-2026,40270735,1275
Jun-2026,40274637,1275
Jun-2026,40267138,1274
Jun-2026,40267414,1274
Jun-2026,40270427,1274
Jun-2026,40278493,1274
Jun-2026,40285498,1274
Jun-2026,40266405,1273
Jun-2026,40285348,1273
Jun-2026,40286142,1273
Jun-2026,40286192,1273
Jun-2026,40256793,1272
Jun-2026,40262688,1272
Jun-2026,21572269,1271
Jun-2026,40262027,1271
Jun-2026,40266585,1271
Jun-2026,40273924,1271
Jun-2026,40285201,1271
Jun-2026,40263729,1270
Jun-2026,40287112,1270
Jun-2026,40289293,1270
Jun-2026,40261559,1269
Jun-2026,40268770,1269
Jun-2026,40269537,1269
Jun-2026,40285398,1269
Jun-2026,40285927,1268
Jun-2026,30000570,1267
Jun-2026,40277927,1267
Jun-2026,40289084,1267
Jun-2026,40264026,1266
Jun-2026,40285164,1266
Jun-2026,40288918,1266
Jun-2026,40261054,1265
Jun-2026,40261733,1265
Jun-2026,40267728,1265
Jun-2026,40270422,1265
Jun-2026,40262936,1264
Jun-2026,40275982,1264
Jun-2026,40277482,1263
Jun-2026,40278099,1263
Jun-2026,40281947,1263
Jun-2026,40286772,1263
Jun-2026,40261970,1262
Jun-2026,40268165,1262
Jun-2026,40271817,1262
Jun-2026,40273241,1261
Jun-2026,40277695,1261
Jun-2026,40279826,1261
Jun-2026,40258097,1260
Jun-2026,40259937,1260
Jun-2026,40265239,1259
Jun-2026,40266197,1259
Jun-2026,40271176,1259
Jun-2026,40282232,1258
Jun-2026,40283947,1258
Jun-2026,40263883,1257
Jun-2026,40274303,1257
Jun-2026,40288793,1257
Jun-2026,40273641,1256
Jun-2026,40280105,1256
Jun-2026,40242337,1255
Jun-2026,40259983,1255
Jun-2026,40269254,1255
Jun-2026,40260695,1254
Jun-2026,40282578,1254
Jun-2026,40252538,1253
Jun-2026,40266848,1253
Jun-2026,40271439,1253
Jun-2026,40271491,1253
Jun-2026,40277811,1253
Jun-2026,40284720,1253
Jun-2026,40259716,1252
Jun-2026,40267479,1252
Jun-2026,40273234,1252
Jun-2026,40262751,1251
Jun-2026,40276584,1251
Jun-2026,40281251,1251
Jun-2026,40275121,1250
Jun-2026,40283393,1250
Jun-2026,40283847,1250
Jun-2026,40286450,1250
Jun-2026,40282130,1249
Jun-2026,40268448,1248
Jun-2026,40268859,1248
Jun-2026,40286511,1248
Jun-2026,40288399,1248
Jun-2026,40288491,1248
Jun-2026,40257285,1247
Jun-2026,40272847,1247
Jun-2026,40278872,1247
Jun-2026,40281210,1247
Jun-2026,40282540,1247
Jun-2026,40260920,1246
Jun-2026,40278064,1246
Jun-2026,40285317,1246
Jun-2026,40287280,1246
Jun-2026,40257618,1245
Jun-2026,40285495,1245
Jun-2026,40266884,1244
Jun-2026,40280655,1244
Jun-2026,40276636,1243
Jun-2026,40257497,1242
Jun-2026,40258429,1242
Jun-2026,40282992,1242
Jun-2026,40287309,1242
Jun-2026,40260907,1241
Jun-2026,40268680,1241
Jun-2026,40268882,1241
Jun-2026,40278107,1241
Jun-2026,40281057,1241
Jun-2026,40255960,1240
Jun-2026,40257137,1240
Jun-2026,40271612,1239
Jun-2026,40273999,1239
Jun-2026,40277791,1239
Jun-2026,40257449,1238
Jun-2026,40258259,1238
Jun-2026,40267446,1238
Jun-2026,40271368,1238
Jun-2026,40277381,1238
Jun-2026,40261702,1237
Jun-2026,40264161,1237
Jun-2026,40267476,1237
Jun-2026,40276487,1237
Jun-2026,40278244,1237
Jun-2026,40287250,1237
Jun-2026,40258984,1236
Jun-2026,40286702,1236
Jun-2026,40289357,1236
Jun-2026,40268092,1235
Jun-2026,40275204,1235
Jun-2026,40280324,1235
Jun-2026,40276693,1234
Jun-2026,40277256,1234
Jun-2026,40283803,1234
Jun-2026,40260190,1233
Jun-2026,40267621,1233
Jun-2026,40269123,1233
Jun-2026,40273939,1232
Jun-2026,40285635,1232
Jun-2026,40253177,1231
Jun-2026,40272220,1231
Jun-2026,40278824,1231
Jun-2026,40258818,1230
Jun-2026,40263090,1230
Jun-2026,40266620,1230
Jun-2026,40277340,1230
Jun-2026,40277972,1230
Jun-2026,40278840,1230
Jun-2026,40283376,1230
Jun-2026,40284350,1230
Jun-2026,40286773,1229
Jun-2026,40237169,1228
Jun-2026,40259973,1228
Jun-2026,40264744,1228
Jun-2026,40268429,1228
Jun-2026,40274778,1228
Jun-2026,40277126,1228
Jun-2026,40278401,1228
Jun-2026,40287091,1228
Jun-2026,40252478,1227
Jun-2026,40257163,1227
Jun-2026,40257205,1227
Jun-2026,40265368,1227
Jun-2026,40275667,1227
Jun-2026,40272144,1226
Jun-2026,40277915,1226
Jun-2026,40259430,1225
Jun-2026,40265551,1225
Jun-2026,40279015,1225
Jun-2026,40281709,1225
Jun-2026,40282770,1225
Jun-2026,40289091,1225
Jun-2026,40261801,1224
Jun-2026,40265658,1224
Jun-2026,40270226,1224
Jun-2026,40284972,1224
Jun-2026,40269014,1223
Jun-2026,40274166,1223
Jun-2026,40282776,1223
Jun-2026,40257284,1222
Jun-2026,40264747,1222
Jun-2026,40272634,1222
Jun-2026,40276038,1222
Jun-2026,40254529,1221
Jun-2026,40283705,1221
Jun-2026,40256596,1220
Jun-2026,40256986,1220
Jun-2026,40262712,1220
Jun-2026,40263118,1220
Jun-2026,40270529,1220
Jun-2026,40270877,1220
Jun-2026,40281366,1220
Jun-2026,40276288,1219
Jun-2026,40288660,1219
Jun-2026,40260989,1218
Jun-2026,40285118,1218
Jun-2026,40262018,1217
Jun-2026,40271430,1217
Jun-2026,40286482,1217
Jun-2026,40263335,1216
Jun-2026,40266768,1216
Jun-2026,40281096,1216
Jun-2026,40285918,1216
Jun-2026,40285956,1216
Jun-2026,40260936,1215
Jun-2026,40263137,1215
Jun-2026,40267992,1215
Jun-2026,40269273,1215
Jun-2026,40259945,1214
Jun-2026,40265206,1214
Jun-2026,40274092,1214
Jun-2026,40283025,1214
Jun-2026,40284174,1214
Jun-2026,40286906,1214
Jun-2026,40287013,1214
Jun-2026,40262330,1213
Jun-2026,40268993,1212
Jun-2026,40280626,1212
Jun-2026,40281568,1212
Jun-2026,40284380,1212
Jun-2026,40261979,1211
Jun-2026,40271979,1211
Jun-2026,40281726,1211
Jun-2026,40286379,1211
Jun-2026,40273096,1210
Jun-2026,40277059,1210
Jun-2026,40287901,1210
Jun-2026,40255703,1209
Jun-2026,40261166,1209
Jun-2026,40261940,1209
Jun-2026,40276455,1209
Jun-2026,40280216,1209
Jun-2026,40282664,1209
Jun-2026,40264433,1208
Jun-2026,40266700,1208
Jun-2026,40273721,1208
Jun-2026,40275341,1208
Jun-2026,40276894,1208
Jun-2026,40272938,1207
Jun-2026,40243301,1205
Jun-2026,40252570,1205
Jun-2026,40263943,1205
Jun-2026,40271917,1204
Jun-2026,40281066,1204
Jun-2026,40288685,1204
Jun-2026,40267339,1203
Jun-2026,40262727,1202
Jun-2026,40267082,1202
Jun-2026,40270032,1202
Jun-2026,40285376,1202
Jun-2026,40286357,1202
Jun-2026,40267684,1201
Jun-2026,40282764,1201
Jun-2026,40284381,1201
Jun-2026,40257407,1200
Jun-2026,40259074,1200
Jun-2026,40269682,1200
Jun-2026,40275127,1200
Jun-2026,40277011,1200
Jun-2026,40287380,1200
Jun-2026,40253251,1199
Jun-2026,40268814,1199
Jun-2026,40270267,1198
Jun-2026,40255978,1197
Jun-2026,40286395,1197
Jun-2026,40256278,1196
Jun-2026,40269734,1195
Jun-2026,40270937,1195
Jun-2026,40276744,1195
Jun-2026,40267950,1194
Jun-2026,40276669,1194
Jun-2026,40281308,1194
Jun-2026,40267922,1193
Jun-2026,40278224,1193
Jun-2026,40279301,1193
Jun-2026,40264671,1192
Jun-2026,40265614,1192
Jun-2026,40275625,1192
Jun-2026,40262010,1191
Jun-2026,40274424,1191
Jun-2026,40276370,1190
Jun-2026,40279040,1190
Jun-2026,40282969,1190
Jun-2026,40263545,1189
Jun-2026,40268271,1189
Jun-2026,40268694,1188
Jun-2026,40271222,1188
Jun-2026,40277660,1188
Jun-2026,40286436,1188
Jun-2026,40287641,1188
Jun-2026,40228716,1186
Jun-2026,40242184,1186
Jun-2026,40251220,1186
Jun-2026,40278463,1186
Jun-2026,40282071,1186
Jun-2026,40263338,1185
Jun-2026,40266121,1185
Jun-2026,40276950,1185
Jun-2026,40279416,1185
Jun-2026,40253066,1184
Jun-2026,40271698,1184
Jun-2026,40252381,1183
Jun-2026,40252407,1183
Jun-2026,40273476,1183
Jun-2026,40283169,1183
Jun-2026,40251115,1182
Jun-2026,40284568,1182
Jun-2026,40284869,1182
Jun-2026,40260763,1181
Jun-2026,40271200,1181
Jun-2026,40275591,1181
Jun-2026,40267744,1180
Jun-2026,40269379,1180
Jun-2026,40272689,1180
Jun-2026,40273771,1180
Jun-2026,40278078,1180
Jun-2026,40286355,1180
Jun-2026,40259051,1178
Jun-2026,40288212,1178
Jun-2026,40263826,1177
Jun-2026,40267586,1177
Jun-2026,40273910,1177
Jun-2026,40279089,1177
Jun-2026,40284846,1177
Jun-2026,40234921,1176
Jun-2026,40272028,1176
Jun-2026,40275322,1176
Jun-2026,40278335,1176
Jun-2026,40263317,1175
Jun-2026,40266770,1175
Jun-2026,40269917,1175
Jun-2026,40279183,1175
Jun-2026,40270094,1174
Jun-2026,40278145,1174
Jun-2026,40281901,1174
Jun-2026,40282463,1174
Jun-2026,40287297,1174
Jun-2026,40265959,1173
Jun-2026,40269250,1173
Jun-2026,40239689,1172
Jun-2026,40264527,1172
Jun-2026,40266096,1172
Jun-2026,40273281,1172
Jun-2026,40276139,1172
Jun-2026,40282288,1172
Jun-2026,40285034,1172
Jun-2026,40287808,1172
Jun-2026,40288840,1172
Jun-2026,40264072,1171
Jun-2026,40265841,1171
Jun-2026,40267644,1171
Jun-2026,40268171,1171
Jun-2026,40275553,1171
Jun-2026,40283263,1171
Jun-2026,40255557,1170
Jun-2026,40271518,1170
Jun-2026,40289648,1170
Jun-2026,40290072,1170
Jun-2026,40274283,1169
Jun-2026,40265772,1168
Jun-2026,40275439,1168
Jun-2026,40255570,1167
Jun-2026,40278736,1167
Jun-2026,40281455,1167
Jun-2026,40272727,1166
Jun-2026,40272849,1166
Jun-2026,40285439,1166
Jun-2026,40286531,1166
Jun-2026,40265306,1165
Jun-2026,40273003,1165
Jun-2026,40273994,1165
Jun-2026,40277545,1165
Jun-2026,40278200,1165
Jun-2026,40280640,1165
Jun-2026,40289058,1165
Jun-2026,40254350,1164
Jun-2026,40264999,1164
Jun-2026,40266032,1164
Jun-2026,40270528,1164
Jun-2026,40271138,1164
Jun-2026,40271692,1163
Jun-2026,40279179,1163
Jun-2026,40284083,1163
Jun-2026,40284638,1163
Jun-2026,40268549,1162
Jun-2026,40277971,1162
Jun-2026,40283050,1162
Jun-2026,40284956,1162
Jun-2026,40285273,1162
Jun-2026,40285322,1162
Jun-2026,40285349,1162
Jun-2026,40288688,1162
Jun-2026,23441369,1161
Jun-2026,40258317,1161
Jun-2026,40260761,1161
Jun-2026,40261714,1161
Jun-2026,40262329,1161
Jun-2026,40265094,1160
Jun-2026,40265624,1160
Jun-2026,40257641,1159
Jun-2026,40267965,1159
Jun-2026,40279313,1159
Jun-2026,40280797,1159
Jun-2026,40282276,1159
Jun-2026,40242853,1158
Jun-2026,40282149,1158
Jun-2026,40284171,1158
Jun-2026,40286273,1158
Jun-2026,40289502,1158
Jun-2026,40258404,1157
Jun-2026,40278132,1157
Jun-2026,40279657,1157
Jun-2026,40284257,1157
Jun-2026,40259762,1156
Jun-2026,40264646,1156
Jun-2026,40279788,1156
Jun-2026,40286247,1156
Jun-2026,40289101,1156
Jun-2026,40262961,1155
Jun-2026,40271847,1155
Jun-2026,40256037,1154
Jun-2026,40265777,1154
Jun-2026,40287787,1154
Jun-2026,40257827,1153
Jun-2026,40261299,1153
Jun-2026,40270968,1153
Jun-2026,40276861,1153
Jun-2026,40288458,1153
Jun-2026,40288575,1153
Jun-2026,40270370,1152
Jun-2026,40286376,1152
Jun-2026,40258656,1151
Jun-2026,40288562,1151
Jun-2026,40250556,1150
Jun-2026,40256117,1150
Jun-2026,40258057,1150
Jun-2026,40262793,1150
Jun-2026,40266651,1150
Jun-2026,40279818,1150
Jun-2026,40279973,1150
Jun-2026,40265226,1149
Jun-2026,40269226,1149
Jun-2026,40275582,1149
Jun-2026,40264477,1148
Jun-2026,40265895,1148
Jun-2026,40266846,1148
Jun-2026,40270509,1148
Jun-2026,40275271,1148
Jun-2026,40278163,1148
Jun-2026,40284404,1148
Jun-2026,40287918,1148
Jun-2026,40264419,1147
Jun-2026,40276544,1147
Jun-2026,40279830,1147
Jun-2026,40286964,1147
Jun-2026,40287718,1147
Jun-2026,40270010,1146
Jun-2026,40271088,1146
Jun-2026,40278121,1146
Jun-2026,40287313,1146
Jun-2026,40258770,1145
Jun-2026,40259552,1145
Jun-2026,40261250,1145
Jun-2026,40263222,1145
Jun-2026,40278068,1145
Jun-2026,40281762,1145
Jun-2026,40282537,1145
Jun-2026,40284406,1145
Jun-2026,40285971,1145
Jun-2026,40268088,1144
Jun-2026,40270930,1144
Jun-2026,40287190,1144
Jun-2026,40288557,1144
Jun-2026,40251095,1143
Jun-2026,40256909,1143
Jun-2026,40269223,1143
Jun-2026,40285766,1142
Jun-2026,40286704,1142
Jun-2026,40288579,1142
Jun-2026,40289203,1142
Jun-2026,40278784,1141
Jun-2026,40264047,1140
Jun-2026,40265394,1140
Jun-2026,40270466,1140
Jun-2026,40271134,1140
Jun-2026,40257399,1139
Jun-2026,40265006,1139
Jun-2026,40280207,1139
Jun-2026,40285758,1139
Jun-2026,40285975,1139
Jun-2026,40259121,1138
Jun-2026,40262707,1138
Jun-2026,40274219,1138
Jun-2026,40276326,1138
Jun-2026,40268045,1137
Jun-2026,40268354,1137
Jun-2026,40270821,1137
Jun-2026,40272942,1137
Jun-2026,40277881,1137
Jun-2026,40288788,1137
Jun-2026,40262696,1136
Jun-2026,40278535,1136
Jun-2026,40283086,1136
Jun-2026,40286474,1136
Jun-2026,40289837,1136
Jun-2026,40267961,1135
Jun-2026,40265105,1134
Jun-2026,40277359,1134
Jun-2026,40285675,1134
Jun-2026,40272011,1133
Jun-2026,40274527,1133
Jun-2026,40275352,1133
Jun-2026,40280732,1133
Jun-2026,40268103,1132
Jun-2026,40272098,1132
Jun-2026,40274443,1132
Jun-2026,40258838,1131
Jun-2026,40288527,1131
Jun-2026,40263220,1130
Jun-2026,40266595,1130
Jun-2026,40269302,1130
Jun-2026,40270645,1130
Jun-2026,40286987,1129
Jun-2026,40253984,1128
Jun-2026,40256886,1128
Jun-2026,40258432,1128
Jun-2026,40275808,1128
Jun-2026,40288798,1128
Jun-2026,40276634,1127
Jun-2026,40259189,1126
Jun-2026,40270604,1126
Jun-2026,40280702,1126
Jun-2026,40281160,1126
Jun-2026,40282843,1126
Jun-2026,40284181,1126
Jun-2026,40256299,1125
Jun-2026,40266130,1125
Jun-2026,40267557,1124
Jun-2026,40269722,1124
Jun-2026,40276720,1124
Jun-2026,40288819,1124
Jun-2026,40255429,1123
Jun-2026,40265132,1123
Jun-2026,40268217,1123
Jun-2026,40258847,1122
Jun-2026,40265818,1122
Jun-2026,40281472,1122
Jun-2026,40277936,1121
Jun-2026,40286898,1121
Jun-2026,40258845,1120
Jun-2026,40271387,1120
Jun-2026,40273004,1120
Jun-2026,40274132,1120
Jun-2026,40280785,1120
Jun-2026,40284738,1120
Jun-2026,40284870,1120
Jun-2026,40288590,1120
Jun-2026,40274824,1119
Jun-2026,40275344,1119
Jun-2026,40275661,1119
Jun-2026,40282829,1119
Jun-2026,40259729,1118
Jun-2026,40267693,1118
Jun-2026,40290008,1118
Jun-2026,40263191,1117
Jun-2026,40282272,1117
Jun-2026,40286823,1117
Jun-2026,40253803,1116
Jun-2026,40264114,1116
Jun-2026,40267464,1116
Jun-2026,40259741,1115
Jun-2026,40284159,1115
Jun-2026,40288908,1115
Jun-2026,40268669,1114
Jun-2026,40269549,1114
Jun-2026,40275766,1114
Jun-2026,40278968,1114
Jun-2026,40281328,1114
Jun-2026,40260997,1113
Jun-2026,40263834,1113
Jun-2026,40283115,1113
Jun-2026,40280586,1112
Jun-2026,40283033,1112
Jun-2026,40286755,1112
Jun-2026,40288996,1112
Jun-2026,40289536,1112
Jun-2026,40245601,1111
Jun-2026,40252496,1111
Jun-2026,40254951,1111
Jun-2026,40265912,1111
Jun-2026,40274881,1111
Jun-2026,40283068,1111
Jun-2026,40282758,1110
Jun-2026,40272277,1109
Jun-2026,40282142,1109
Jun-2026,40283674,1109
Jun-2026,40288397,1109
Jun-2026,40256457,1108
Jun-2026,40264273,1108
Jun-2026,40265146,1108
Jun-2026,40265283,1108
Jun-2026,40266294,1108
Jun-2026,40272212,1108
Jun-2026,40275141,1108
Jun-2026,40279732,1108
Jun-2026,40252427,1107
Jun-2026,40252568,1107
Jun-2026,40256312,1107
Jun-2026,40266021,1107
Jun-2026,40268489,1107
Jun-2026,40271124,1107
Jun-2026,40272623,1107
Jun-2026,40273672,1107
Jun-2026,40278811,1107
Jun-2026,40258267,1106
Jun-2026,40263004,1106
Jun-2026,40285051,1106
Jun-2026,40286459,1106
Jun-2026,40287620,1106
Jun-2026,40287958,1106
Jun-2026,40271636,1105
Jun-2026,40278367,1105
Jun-2026,40285981,1105
Jun-2026,40289182,1105
Jun-2026,40229808,1104
Jun-2026,40282486,1104
Jun-2026,40282822,1104
Jun-2026,40266589,1103
Jun-2026,40289558,1103
Jun-2026,40282643,1102
Jun-2026,40266303,1101
Jun-2026,40275265,1101
Jun-2026,40285100,1101
Jun-2026,40286519,1101
Jun-2026,40288935,1101
Jun-2026,40262685,1100
Jun-2026,40283494,1100
Jun-2026,40263390,1099
Jun-2026,40266794,1099
Jun-2026,40272241,1099
Jun-2026,40278188,1098
Jun-2026,40279067,1098
Jun-2026,40271725,1097
Jun-2026,40272963,1097
Jun-2026,40276739,1097
Jun-2026,40281359,1097
Jun-2026,40284803,1097
Jun-2026,40259316,1096
Jun-2026,40268435,1096
Jun-2026,40273184,1096
Jun-2026,40276375,1096
Jun-2026,40281230,1096
Jun-2026,40286891,1096
Jun-2026,40289445,1096
Jun-2026,30000606,1095
Jun-2026,40267987,1095
Jun-2026,40269738,1095
Jun-2026,40279756,1095
Jun-2026,40288736,1095
Jun-2026,40289891,1095
Jun-2026,40254600,1094
Jun-2026,40284631,1094
Jun-2026,40286693,1094
Jun-2026,40265909,1093
Jun-2026,40278683,1093
Jun-2026,40279175,1093
Jun-2026,40287333,1093
Jun-2026,40261748,1092
Jun-2026,40267424,1092
Jun-2026,40268149,1092
Jun-2026,40273109,1092
Jun-2026,40277789,1092
Jun-2026,40281113,1092
Jun-2026,40284909,1092
Jun-2026,40286330,1092
Jun-2026,40264569,1091
Jun-2026,40277242,1091
Jun-2026,40257970,1090
Jun-2026,40270879,1090
Jun-2026,40273729,1090
Jun-2026,40281447,1089
Jun-2026,40281468,1089
Jun-2026,40261772,1088
Jun-2026,40264265,1088
Jun-2026,40288244,1088
Jun-2026,40258444,1087
Jun-2026,40259447,1087
Jun-2026,40268319,1087
Jun-2026,40243381,1085
Jun-2026,40259539,1085
Jun-2026,40260628,1085
Jun-2026,40262123,1085
Jun-2026,40268778,1085
Jun-2026,40282067,1085
Jun-2026,40262433,1084
Jun-2026,40266326,1084
Jun-2026,40273894,1084
Jun-2026,40277253,1084
Jun-2026,40285569,1084
Jun-2026,23139552,1083
Jun-2026,40255756,1083
Jun-2026,40256272,1083
Jun-2026,40258462,1083
Jun-2026,40270093,1083
Jun-2026,40271533,1083
Jun-2026,40275726,1083
Jun-2026,40277057,1083
Jun-2026,40265545,1082
Jun-2026,40271816,1082
Jun-2026,40274403,1082
Jun-2026,40274825,1082
Jun-2026,40275950,1082
Jun-2026,40259032,1081
Jun-2026,40263863,1081
Jun-2026,40285623,1081
Jun-2026,40258749,1080
Jun-2026,40263874,1080
Jun-2026,40266783,1080
Jun-2026,40273179,1080
Jun-2026,40290134,1080
Jun-2026,40271761,1079
Jun-2026,40274672,1079
Jun-2026,40276468,1079
Jun-2026,40253792,1077
Jun-2026,40257273,1077
Jun-2026,40257596,1077
Jun-2026,40260909,1077
Jun-2026,40261953,1077
Jun-2026,40262447,1077
Jun-2026,40268968,1076
Jun-2026,40270823,1076
Jun-2026,40275850,1076
Jun-2026,40277845,1076
Jun-2026,40283399,1076
Jun-2026,40283613,1076
Jun-2026,40268615,1075
Jun-2026,40271829,1075
Jun-2026,40277569,1075
Jun-2026,40278203,1075
Jun-2026,40281829,1075
Jun-2026,40252537,1074
Jun-2026,40262353,1074
Jun-2026,40278026,1074
Jun-2026,40283219,1074
Jun-2026,40260298,1073
Jun-2026,40268015,1073
Jun-2026,40269065,1073
Jun-2026,40284882,1073
Jun-2026,40264721,1072
Jun-2026,40271767,1072
Jun-2026,40272397,1072
Jun-2026,40273253,1072
Jun-2026,40256623,1071
Jun-2026,40262589,1071
Jun-2026,40263534,1071
Jun-2026,40267408,1071
Jun-2026,40276892,1071
Jun-2026,40282360,1071
Jun-2026,40262464,1070
Jun-2026,40270088,1070
Jun-2026,40270819,1070
Jun-2026,40277006,1070
Jun-2026,40254140,1069
Jun-2026,40275116,1069
Jun-2026,40277065,1069
Jun-2026,40281536,1069
Jun-2026,40287379,1069
Jun-2026,40262086,1068
Jun-2026,40289559,1068
Jun-2026,40289887,1067
Jun-2026,40262217,1066
Jun-2026,40268891,1066
Jun-2026,40269856,1066
Jun-2026,40272562,1066
Jun-2026,40273926,1066
Jun-2026,40273981,1066
Jun-2026,40257312,1065
Jun-2026,40257607,1065
Jun-2026,40258566,1065
Jun-2026,40260837,1065
Jun-2026,40274103,1065
Jun-2026,40278025,1065
Jun-2026,40279764,1065
Jun-2026,40275592,1064
Jun-2026,40287881,1064
Jun-2026,40288424,1064
Jun-2026,23982789,1063
Jun-2026,40258913,1063
Jun-2026,40275724,1063
Jun-2026,40283459,1063
Jun-2026,40251961,1062
Jun-2026,40258669,1062
Jun-2026,40266098,1062
Jun-2026,40266679,1062
Jun-2026,40270114,1062
Jun-2026,40270822,1062
Jun-2026,40278205,1062
Jun-2026,40283421,1062
Jun-2026,40263751,1061
Jun-2026,40271964,1061
Jun-2026,40275253,1061
Jun-2026,40285507,1061
Jun-2026,40287799,1061
Jun-2026,40260414,1060
Jun-2026,40289607,1060
Jun-2026,40267387,1059
Jun-2026,40272500,1059
Jun-2026,40274996,1059
Jun-2026,40276239,1059
Jun-2026,40271369,1058
Jun-2026,40289472,1058
Jun-2026,40289989,1058
Jun-2026,40284291,1057
Jun-2026,40285887,1057
Jun-2026,40260776,1056
Jun-2026,40278988,1056
Jun-2026,40280332,1056
Jun-2026,40280800,1056
Jun-2026,40285323,1056
Jun-2026,40254962,1055
Jun-2026,40264138,1055
Jun-2026,40271812,1055
Jun-2026,40260892,1054
Jun-2026,40269983,1054
Jun-2026,40259732,1053
Jun-2026,40279589,1053
Jun-2026,40282711,1053
Jun-2026,40257729,1052
Jun-2026,40258552,1052
Jun-2026,40262854,1052
Jun-2026,40281782,1052
Jun-2026,40289015,1052
Jun-2026,40265820,1051
Jun-2026,40271386,1051
Jun-2026,40276391,1051
Jun-2026,40281425,1051
Jun-2026,40284299,1051
Jun-2026,40289736,1051
Jun-2026,40276628,1050
Jun-2026,40281581,1050
Jun-2026,40276371,1049
Jun-2026,40277875,1049
Jun-2026,40261644,1048
Jun-2026,40265395,1048
Jun-2026,40275778,1048
Jun-2026,40279210,1048
Jun-2026,40280544,1048
Jun-2026,40262962,1047
Jun-2026,40279890,1047
Jun-2026,40282193,1047
Jun-2026,40290317,1046
Jun-2026,40260808,1045
Jun-2026,40273319,1045
Jun-2026,40276917,1045
Jun-2026,40280181,1045
Jun-2026,40280823,1045
Jun-2026,40261074,1044
Jun-2026,40263313,1044
Jun-2026,40265019,1044
Jun-2026,40268113,1044
Jun-2026,40258298,1043
Jun-2026,40260068,1043
Jun-2026,40256857,1042
Jun-2026,40281246,1042
Jun-2026,40255653,1041
Jun-2026,40266259,1041
Jun-2026,40269071,1041
Jun-2026,40269812,1041
Jun-2026,40270001,1041
Jun-2026,40271494,1041
Jun-2026,40276854,1041
Jun-2026,40280584,1041
Jun-2026,40286530,1041
Jun-2026,40261695,1040
Jun-2026,40268805,1040
Jun-2026,40280565,1040
Jun-2026,40283515,1040
Jun-2026,40266644,1039
Jun-2026,40280485,1039
Jun-2026,40265892,1038
Jun-2026,40277580,1038
Jun-2026,40280296,1038
Jun-2026,40262109,1037
Jun-2026,40266678,1037
Jun-2026,40286640,1037
Jun-2026,40273161,1036
Jun-2026,40277321,1036
Jun-2026,40284100,1036
Jun-2026,40252329,1035
Jun-2026,40258012,1035
Jun-2026,40261334,1035
Jun-2026,40282308,1035
Jun-2026,40287861,1035
Jun-2026,40253343,1034
Jun-2026,40256531,1034
Jun-2026,40266318,1034
Jun-2026,40267072,1034
Jun-2026,40268941,1034
Jun-2026,40270591,1034
Jun-2026,40288002,1034
Jun-2026,40262570,1033
Jun-2026,40284618,1033
Jun-2026,40285817,1033
Jun-2026,40278975,1032
Jun-2026,40283906,1032
Jun-2026,40254328,1031
Jun-2026,40257498,1031
Jun-2026,40260220,1031
Jun-2026,40279220,1031
Jun-2026,40282041,1031
Jun-2026,40283330,1031
Jun-2026,40266407,1030
Jun-2026,40267365,1030
Jun-2026,40269664,1030
Jun-2026,40278227,1030
Jun-2026,40271185,1029
Jun-2026,40286134,1029
Jun-2026,40255525,1028
Jun-2026,40255998,1028
Jun-2026,40256552,1028
Jun-2026,40260280,1028
Jun-2026,40261170,1027
Jun-2026,40275084,1027
Jun-2026,40276983,1027
Jun-2026,40279588,1027
Jun-2026,40286962,1027
Jun-2026,40263051,1026
Jun-2026,40266436,1026
Jun-2026,40265288,1025
Jun-2026,40272407,1025
Jun-2026,40277582,1025
Jun-2026,40281100,1025
Jun-2026,40273199,1024
Jun-2026,40284922,1024
Jun-2026,40267147,1023
Jun-2026,40270639,1023
Jun-2026,40274806,1023
Jun-2026,40288460,1023
Jun-2026,40265415,1022
Jun-2026,40273586,1022
Jun-2026,40274613,1022
Jun-2026,40272384,1021
Jun-2026,40257390,1020
Jun-2026,40258797,1020
Jun-2026,40262566,1020
Jun-2026,40264991,1020
Jun-2026,40276546,1020
Jun-2026,40286945,1020
Jun-2026,40289218,1020
Jun-2026,40289223,1020
Jun-2026,23541852,1019
Jun-2026,40275013,1019
Jun-2026,40287181,1019
Jun-2026,40289751,1018
Jun-2026,30000552,1017
Jun-2026,40262250,1017
Jun-2026,40272505,1017
Jun-2026,40274249,1017
Jun-2026,40275889,1017
Jun-2026,40267115,1016
Jun-2026,40268697,1016
Jun-2026,40274946,1016
Jun-2026,40277380,1016
Jun-2026,40260483,1015
Jun-2026,40276702,1015
Jun-2026,40290417,1015
Jun-2026,40258719,1014
Jun-2026,40270023,1014
Jun-2026,40280706,1014
Jun-2026,40282646,1014
Jun-2026,40286653,1014
Jun-2026,40271044,1013
Jun-2026,40278537,1013
Jun-2026,40278965,1013
Jun-2026,40279297,1013
Jun-2026,40281849,1013
Jun-2026,40283194,1013
Jun-2026,40250231,1012
Jun-2026,40280352,1012
Jun-2026,40288662,1012
Jun-2026,40259389,1011
Jun-2026,40262701,1011
Jun-2026,40267559,1011
Jun-2026,40281067,1011
Jun-2026,40288272,1011
Jun-2026,40269669,1010
Jun-2026,40278346,1010
Jun-2026,40282878,1010
Jun-2026,40284085,1010
Jun-2026,40256795,1009
Jun-2026,40261043,1009
Jun-2026,40284373,1009
Jun-2026,40285400,1009
Jun-2026,40263746,1008
Jun-2026,40256961,1007
Jun-2026,40282676,1007
Jun-2026,40284503,1007
Jun-2026,40286680,1007
Jun-2026,40289229,1007
Jun-2026,40289439,1007
Jun-2026,40259099,1006
Jun-2026,40273335,1006
Jun-2026,40260503,1005
Jun-2026,40261353,1005
Jun-2026,40267065,1005
Jun-2026,40286500,1005
Jun-2026,40289025,1005
Jun-2026,40254513,1004
Jun-2026,40258904,1004
Jun-2026,40261694,1004
Jun-2026,40265117,1004
Jun-2026,40267164,1004
Jun-2026,40269309,1004
Jun-2026,40283172,1004
Jun-2026,40289676,1004
Jun-2026,40265837,1003
Jun-2026,40277216,1003
Jun-2026,40278639,1003
Jun-2026,40280969,1003
Jun-2026,40281316,1003
Jun-2026,40283610,1003
Jun-2026,40267478,1002
Jun-2026,40268061,1002
Jun-2026,40284243,1002
Jun-2026,40261578,1001
Jun-2026,40266109,1001
Jun-2026,40273970,1001
Jun-2026,40274068,1001
Jun-2026,40286087,1001
Jun-2026,40254722,1000
Jun-2026,40261251,1000
Jun-2026,40261890,1000